zone,zone_id,reading_index,hour,minute_of_day,tank_level,expected_level,deviation,deviation_pct,rate_of_change,rolling_avg_deviation,rolling_std_deviation,minutes_since_last_reading,anomaly_type,severity
Administration Building,2,0,0,0,158.255,159.696,-1.441,-0.902,0.0,-1.441,0.0,5,none,Normal
Administration Building,2,1,0,5,158.164,159.651,-1.487,-0.931,-0.091,-1.464,0.033,5,none,Normal
Administration Building,2,2,0,10,159.217,159.605,-0.387,-0.243,1.053,-1.105,0.622,5,none,Normal
Administration Building,2,3,0,15,159.549,159.559,-0.01,-0.006,0.332,-0.831,0.747,5,none,Normal
Administration Building,2,4,0,20,159.869,159.513,0.355,0.223,0.32,-0.594,0.837,5,none,Normal
Administration Building,2,5,0,25,159.018,159.467,-0.45,-0.282,-0.851,-0.57,0.751,5,none,Normal
Administration Building,2,6,0,30,159.382,159.422,-0.04,-0.025,0.364,-0.336,0.634,5,none,Normal
Administration Building,2,7,0,35,159.333,159.376,-0.043,-0.027,-0.049,-0.096,0.292,5,none,Normal
Administration Building,2,8,0,40,159.617,159.33,0.287,0.18,0.284,0.016,0.287,5,none,Normal
Administration Building,2,9,0,45,158.353,159.284,-0.932,-0.585,-1.264,-0.137,0.484,5,none,Normal
Administration Building,2,10,0,50,159.044,159.239,-0.194,-0.122,0.691,-0.229,0.42,5,none,Normal
Administration Building,2,11,0,55,159.182,159.193,-0.011,-0.007,0.138,-0.156,0.412,5,none,Normal
Administration Building,2,12,1,60,160.212,159.147,1.065,0.669,1.03,0.029,0.651,5,none,Normal
Administration Building,2,13,1,65,158.713,159.102,-0.388,-0.244,-1.499,-0.029,0.674,5,none,Normal
Administration Building,2,14,1,70,158.775,159.056,-0.281,-0.177,0.062,-0.124,0.66,5,none,Normal
Administration Building,2,15,1,75,159.304,159.01,0.294,0.185,0.529,0.081,0.538,5,none,Normal
Administration Building,2,16,1,80,159.255,158.964,0.291,0.183,-0.049,0.162,0.525,5,none,Normal
Administration Building,2,17,1,85,159.025,158.919,0.106,0.067,-0.23,0.181,0.519,5,none,Normal
Administration Building,2,18,1,90,160.488,158.873,1.615,1.016,1.463,0.273,0.717,5,none,Normal
Administration Building,2,19,1,95,158.467,158.827,-0.36,-0.227,-2.021,0.278,0.712,5,none,Normal
Administration Building,2,20,1,100,158.538,158.782,-0.244,-0.154,0.071,0.284,0.707,5,none,Normal
Administration Building,2,21,1,105,158.944,158.736,0.208,0.131,0.406,0.269,0.707,5,none,Normal
Administration Building,2,22,1,110,158.569,158.69,-0.121,-0.076,-0.375,0.201,0.725,5,none,Normal
Administration Building,2,23,1,115,158.094,158.645,-0.551,-0.347,-0.475,0.091,0.789,5,none,Normal
Administration Building,2,24,2,120,159.314,158.599,0.715,0.451,1.22,-0.059,0.456,5,none,Normal
Administration Building,2,25,2,125,157.525,158.553,-1.029,-0.649,-1.789,-0.17,0.603,5,none,Normal
Administration Building,2,26,2,130,157.351,158.508,-1.157,-0.73,-0.174,-0.322,0.727,5,none,Normal
Administration Building,2,27,2,135,159.06,158.462,0.598,0.378,1.709,-0.258,0.798,5,none,Normal
Administration Building,2,28,2,140,158.848,158.417,0.432,0.273,-0.212,-0.165,0.848,5,none,Normal
Administration Building,2,29,2,145,158.465,158.371,0.094,0.059,-0.383,-0.058,0.83,5,none,Normal
Administration Building,2,30,2,150,158.099,158.325,-0.227,-0.143,-0.366,-0.215,0.738,5,none,Normal
Administration Building,2,31,2,155,158.11,158.28,-0.169,-0.107,0.011,-0.072,0.623,5,none,Normal
Administration Building,2,32,2,160,157.904,158.234,-0.33,-0.209,-0.206,0.066,0.378,5,none,Normal
Administration Building,2,33,2,165,158.237,158.189,0.049,0.031,0.333,-0.025,0.277,5,none,Normal
Administration Building,2,34,2,170,157.537,158.143,-0.606,-0.383,-0.7,-0.198,0.258,5,none,Normal
Administration Building,2,35,2,175,158.124,158.097,0.027,0.017,0.587,-0.209,0.243,5,none,Normal
Administration Building,2,36,3,180,157.769,158.052,-0.282,-0.179,-0.355,-0.218,0.245,5,none,Normal
Administration Building,2,37,3,185,157.469,158.006,-0.537,-0.34,-0.3,-0.28,0.275,5,none,Normal
Administration Building,2,38,3,190,156.627,157.961,-1.334,-0.844,-0.842,-0.447,0.513,5,none,Normal
Administration Building,2,39,3,195,158.706,157.915,0.791,0.501,2.079,-0.323,0.709,5,none,Normal
Administration Building,2,40,3,200,159.31,157.87,1.44,0.912,0.604,0.017,0.984,5,none,Normal
Administration Building,2,41,3,205,158.658,157.824,0.834,0.529,-0.652,0.152,1.04,5,none,Normal
Administration Building,2,42,3,210,156.179,157.779,-1.6,-1.014,-2.479,-0.068,1.265,5,none,Normal
Administration Building,2,43,3,215,156.762,157.733,-0.971,-0.616,0.583,-0.14,1.308,5,none,Normal
Administration Building,2,44,3,220,157.046,157.687,-0.642,-0.407,0.284,-0.025,1.209,5,none,Normal
Administration Building,2,45,3,225,158.084,157.642,0.442,0.281,1.038,-0.083,1.169,5,none,Normal
Administration Building,2,46,3,230,157.676,157.596,0.079,0.05,-0.408,-0.31,0.921,5,none,Normal
Administration Building,2,47,3,235,158.074,157.551,0.523,0.332,0.398,-0.362,0.849,5,none,Normal
Administration Building,2,48,4,240,156.382,157.505,-1.123,-0.713,-1.692,-0.282,0.723,5,none,Normal
Administration Building,2,49,4,245,157.564,157.46,0.104,0.066,1.182,-0.103,0.647,5,none,Normal
Administration Building,2,50,4,250,156.616,157.415,-0.799,-0.507,-0.948,-0.129,0.676,5,none,Normal
Administration Building,2,51,4,255,156.553,157.369,-0.816,-0.519,-0.063,-0.339,0.658,5,none,Normal
Administration Building,2,52,4,260,157.307,157.324,-0.016,-0.01,0.754,-0.355,0.647,5,none,Normal
Administration Building,2,53,4,265,156.513,157.278,-0.765,-0.486,-0.794,-0.569,0.494,5,none,Normal
Administration Building,2,54,4,270,157.926,157.233,0.693,0.441,1.413,-0.266,0.625,5,none,Normal
Administration Building,2,55,4,275,157.594,157.187,0.407,0.259,-0.332,-0.216,0.672,5,none,Normal
Administration Building,2,56,4,280,157.718,157.142,0.576,0.366,0.124,0.013,0.668,5,none,Normal
Administration Building,2,57,4,285,156.969,157.096,-0.127,-0.081,-0.749,0.128,0.544,5,none,Normal
Administration Building,2,58,4,290,157.52,157.051,0.469,0.299,0.551,0.209,0.554,5,none,Normal
Administration Building,2,59,4,295,157.275,157.006,0.27,0.172,-0.245,0.381,0.288,5,none,Normal
Administration Building,2,60,5,300,119.346,156.96,-37.614,-23.964,-37.929,-6.003,15.488,5,sudden_drop,Critical
Administration Building,2,61,5,305,121.469,156.915,-35.446,-22.589,2.123,-11.979,19.031,5,sudden_drop,Critical
Administration Building,2,62,5,310,120.226,156.869,-36.643,-23.359,-1.243,-18.182,20.153,5,sudden_drop,Critical
Administration Building,2,63,5,315,120.499,156.824,-36.325,-23.163,0.273,-24.215,19.056,5,sudden_drop,Critical
Administration Building,2,64,5,320,118.916,156.779,-37.862,-24.15,-1.583,-30.603,15.15,5,sudden_drop,Critical
Administration Building,2,65,5,325,119.24,156.733,-37.493,-23.922,0.324,-36.897,0.927,5,sudden_drop,Critical
Administration Building,2,66,5,330,122.461,156.688,-34.227,-21.844,3.221,-36.333,1.342,5,sudden_drop,Critical
Administration Building,2,67,5,335,122.73,156.642,-33.912,-21.649,0.269,-36.077,1.654,5,sudden_drop,Critical
Administration Building,2,68,5,340,125.218,156.597,-31.379,-20.038,2.488,-35.2,2.483,5,sudden_drop,Critical
Administration Building,2,69,5,345,123.904,156.552,-32.647,-20.854,-1.314,-34.587,2.6,5,sudden_drop,Critical
Administration Building,2,70,5,350,123.867,156.506,-32.639,-20.855,-0.037,-33.716,2.113,5,sudden_drop,Critical
Administration Building,2,71,5,355,122.406,156.461,-34.055,-21.766,-1.461,-33.143,1.114,5,sudden_drop,Critical
Administration Building,2,72,6,360,121.802,156.416,-34.614,-22.129,-0.604,-33.208,1.198,5,sudden_drop,Critical
Administration Building,2,73,6,365,123.074,156.37,-33.296,-21.293,1.272,-33.105,1.151,5,sudden_drop,Critical
Administration Building,2,74,6,370,122.443,156.325,-33.882,-21.674,-0.631,-33.522,0.8,5,sudden_drop,Critical
Administration Building,2,75,6,375,122.162,156.28,-34.118,-21.831,-0.281,-33.767,0.697,5,sudden_drop,Critical
Administration Building,2,76,6,380,123.94,156.234,-32.294,-20.671,1.778,-33.71,0.813,5,sudden_drop,Critical
Administration Building,2,77,6,385,122.809,156.189,-33.38,-21.372,-1.131,-33.597,0.803,5,sudden_drop,Critical
Administration Building,2,78,6,390,123.359,156.144,-32.785,-20.997,0.55,-33.292,0.677,5,sudden_drop,Critical
Administration Building,2,79,6,395,122.71,156.099,-33.389,-21.39,-0.649,-33.308,0.678,5,sudden_drop,Critical
Administration Building,2,80,6,400,124.042,156.053,-32.011,-20.513,1.332,-32.996,0.783,5,sudden_drop,Critical
Administration Building,2,81,6,405,123.327,156.008,-32.681,-20.948,-0.715,-32.757,0.559,5,sudden_drop,Critical
Administration Building,2,82,6,410,124.536,155.963,-31.427,-20.15,1.209,-32.612,0.774,5,sudden_drop,Critical
Administration Building,2,83,6,415,122.864,155.917,-33.053,-21.199,-1.672,-32.558,0.718,5,sudden_drop,Critical
Administration Building,2,84,7,420,121.075,155.872,-34.797,-22.324,-1.789,-32.893,1.172,5,sudden_drop,Critical
Administration Building,2,85,7,425,123.197,155.827,-32.63,-20.94,2.122,-32.766,1.149,5,sudden_drop,Critical
Administration Building,2,86,7,430,122.667,155.782,-33.115,-21.257,-0.53,-32.95,1.09,5,sudden_drop,Critical
Administration Building,2,87,7,435,122.757,155.737,-32.98,-21.177,0.09,-33.0,1.082,5,sudden_drop,Critical
Administration Building,2,88,7,440,124.43,155.691,-31.261,-20.079,1.673,-32.973,1.132,5,sudden_drop,Critical
Administration Building,2,89,7,445,123.305,155.646,-32.341,-20.778,-1.125,-32.854,1.158,5,sudden_drop,Critical
Administration Building,2,90,7,450,122.409,155.601,-33.192,-21.331,-0.896,-32.586,0.724,5,sudden_drop,Critical
Administration Building,2,91,7,455,122.704,155.556,-32.851,-21.119,0.295,-32.623,0.732,5,sudden_drop,Critical
Administration Building,2,92,7,460,123.856,155.51,-31.654,-20.355,1.152,-32.38,0.777,5,sudden_drop,Critical
Administration Building,2,93,7,465,121.466,155.465,-34.0,-21.87,-2.39,-32.55,1.011,5,sudden_drop,Critical
Administration Building,2,94,7,470,121.019,155.42,-34.401,-22.134,-0.447,-33.073,1.023,5,sudden_drop,Critical
Administration Building,2,95,7,475,122.028,155.375,-33.347,-21.462,1.009,-33.241,0.96,5,sudden_drop,Critical
Administration Building,2,96,8,480,123.675,155.33,-31.654,-20.379,1.647,-32.985,1.16,5,sudden_drop,Critical
Administration Building,2,97,8,485,119.479,155.285,-35.806,-23.058,-4.196,-33.477,1.626,5,sudden_drop,Critical
Administration Building,2,98,8,490,124.018,155.239,-31.222,-20.112,4.539,-33.405,1.729,5,sudden_drop,Critical
Administration Building,2,99,8,495,121.295,155.194,-33.899,-21.843,-2.723,-33.388,1.722,5,sudden_drop,Critical
Administration Building,2,100,8,500,154.397,155.149,-0.752,-0.485,33.102,-27.78,13.343,5,none,Normal
Administration Building,2,101,8,505,154.49,155.104,-0.614,-0.396,0.093,-22.324,16.844,5,none,Normal
Administration Building,2,102,8,510,154.687,155.059,-0.372,-0.24,0.197,-17.111,18.168,5,none,Normal
Administration Building,2,103,8,515,154.327,155.014,-0.687,-0.443,-0.36,-11.258,16.523,5,none,Normal
Administration Building,2,104,8,520,154.723,154.969,-0.246,-0.159,0.396,-6.095,13.622,5,none,Normal
Administration Building,2,105,8,525,154.499,154.923,-0.424,-0.274,-0.224,-0.516,0.198,5,none,Normal
Administration Building,2,106,8,530,154.907,154.878,0.028,0.018,0.408,-0.386,0.259,5,none,Normal
Administration Building,2,107,8,535,155.102,154.833,0.268,0.173,0.195,-0.239,0.341,5,none,Normal
Administration Building,2,108,9,540,155.499,154.788,0.711,0.459,0.397,-0.058,0.504,5,none,Normal
Administration Building,2,109,9,545,155.283,154.743,0.54,0.349,-0.216,0.146,0.443,5,none,Normal
Administration Building,2,110,9,550,154.505,154.698,-0.193,-0.125,-0.778,0.155,0.434,5,none,Normal
Administration Building,2,111,9,555,155.314,154.653,0.661,0.428,0.809,0.336,0.365,5,none,Normal
Administration Building,2,112,9,560,154.306,154.608,-0.302,-0.195,-1.008,0.281,0.438,5,none,Normal
Administration Building,2,113,9,565,154.662,154.563,0.099,0.064,0.356,0.253,0.445,5,none,Normal
Administration Building,2,114,9,570,153.613,154.518,-0.905,-0.586,-1.049,-0.017,0.58,5,none,Normal
Administration Building,2,115,9,575,154.801,154.473,0.328,0.212,1.188,-0.052,0.545,5,none,Normal
Administration Building,2,116,9,580,154.372,154.428,-0.056,-0.036,-0.429,-0.029,0.541,5,none,Normal
Administration Building,2,117,9,585,154.471,154.383,0.089,0.058,0.099,-0.125,0.435,5,none,Normal
Administration Building,2,118,9,590,153.783,154.338,-0.554,-0.359,-0.688,-0.166,0.466,5,none,Normal
Administration Building,2,119,9,595,154.383,154.293,0.091,0.059,0.6,-0.168,0.466,5,none,Normal
Administration Building,2,120,10,600,153.173,154.247,-1.074,-0.696,-1.21,-0.196,0.521,5,none,Normal
Administration Building,2,121,10,605,154.844,154.202,0.642,0.416,1.671,-0.144,0.595,5,none,Normal
Administration Building,2,122,10,610,154.533,154.157,0.375,0.244,-0.311,-0.072,0.632,5,none,Normal
Administration Building,2,123,10,615,152.925,154.112,-1.188,-0.771,-1.608,-0.285,0.768,5,none,Normal
Administration Building,2,124,10,620,153.897,154.067,-0.17,-0.11,0.972,-0.221,0.757,5,none,Normal
Administration Building,2,125,10,625,154.662,154.023,0.639,0.415,0.765,-0.129,0.831,5,none,Normal
Administration Building,2,126,10,630,153.523,153.978,-0.455,-0.295,-1.139,-0.026,0.722,5,none,Normal
Administration Building,2,127,10,635,152.654,153.933,-1.279,-0.831,-0.869,-0.346,0.789,5,none,Normal
Administration Building,2,128,10,640,154.713,153.888,0.826,0.537,2.059,-0.271,0.887,5,none,Normal
Administration Building,2,129,10,645,153.788,153.843,-0.055,-0.035,-0.925,-0.082,0.765,5,none,Normal
Administration Building,2,130,10,650,152.774,153.798,-1.024,-0.666,-1.014,-0.225,0.858,5,none,Normal
Administration Building,2,131,10,655,153.107,153.753,-0.646,-0.42,0.333,-0.439,0.753,5,none,Normal
Administration Building,2,132,11,660,153.512,153.708,-0.196,-0.127,0.405,-0.396,0.76,5,none,Normal
Administration Building,2,133,11,665,152.635,153.663,-1.028,-0.669,-0.877,-0.354,0.706,5,none,Normal
Administration Building,2,134,11,670,154.901,153.618,1.283,0.835,2.266,-0.278,0.866,5,none,Normal
Administration Building,2,135,11,675,154.053,153.573,0.48,0.313,-0.848,-0.188,0.919,5,none,Normal
Administration Building,2,136,11,680,154.943,153.528,1.415,0.921,0.89,0.218,1.011,5,none,Normal
Administration Building,2,137,11,685,153.382,153.483,-0.102,-0.066,-1.561,0.309,0.939,5,none,Normal
Administration Building,2,138,11,690,152.761,153.438,-0.678,-0.442,-0.621,0.228,1.009,5,none,Normal
Administration Building,2,139,11,695,152.598,153.393,-0.796,-0.519,-0.163,0.267,0.954,5,none,Normal
Administration Building,2,140,11,700,152.375,153.349,-0.974,-0.635,-0.223,-0.109,0.918,5,none,Normal
Administration Building,2,141,11,705,152.935,153.304,-0.369,-0.241,0.56,-0.251,0.873,5,none,Normal
Administration Building,2,142,11,710,154.585,153.259,1.326,0.865,1.65,-0.265,0.84,5,none,Normal
Administration Building,2,143,11,715,153.089,153.214,-0.125,-0.081,-1.496,-0.269,0.839,5,none,Normal
Administration Building,2,144,12,720,153.22,153.169,0.051,0.033,0.131,-0.148,0.82,5,none,Normal
Administration Building,2,145,12,725,153.186,153.124,0.062,0.04,-0.034,-0.005,0.757,5,none,Normal
Administration Building,2,146,12,730,154.093,153.079,1.014,0.662,0.907,0.327,0.679,5,none,Normal
Administration Building,2,147,12,735,152.512,153.035,-0.522,-0.341,-1.581,0.301,0.712,5,none,Normal
Administration Building,2,148,12,740,153.284,152.99,0.295,0.193,0.772,0.129,0.512,5,none,Normal
Administration Building,2,149,12,745,152.606,152.945,-0.339,-0.222,-0.678,0.094,0.54,5,none,Normal
Administration Building,2,150,12,750,153.171,152.9,0.271,0.177,0.565,0.13,0.544,5,none,Normal
Administration Building,2,151,12,755,152.865,152.855,0.01,0.007,-0.306,0.122,0.545,5,none,Normal
Administration Building,2,152,12,760,153.734,152.81,0.923,0.604,0.869,0.106,0.516,5,none,Normal
Administration Building,2,153,12,765,153.369,152.766,0.603,0.395,-0.365,0.294,0.441,5,none,Normal
Administration Building,2,154,12,770,153.214,152.721,0.493,0.323,-0.155,0.327,0.449,5,none,Normal
Administration Building,2,155,12,775,152.208,152.676,-0.468,-0.307,-1.006,0.305,0.488,5,none,Normal
Administration Building,2,156,13,780,151.607,152.631,-1.024,-0.671,-0.601,0.09,0.732,5,none,Normal
Administration Building,2,157,13,785,153.336,152.587,0.75,0.491,1.729,0.213,0.777,5,none,Normal
Administration Building,2,158,13,790,153.747,152.542,1.205,0.79,0.411,0.26,0.835,5,none,Normal
Administration Building,2,159,13,795,144.904,152.497,-7.593,-4.979,-8.843,-1.106,3.281,5,slow_drift,Warning
Administration Building,2,160,13,800,143.463,152.452,-8.989,-5.896,-1.441,-2.686,4.437,5,slow_drift,Warning
Administration Building,2,161,13,805,143.513,152.407,-8.894,-5.836,0.05,-4.091,4.903,5,slow_drift,Warning
Administration Building,2,162,13,810,142.608,152.363,-9.755,-6.402,-0.905,-5.546,5.103,5,slow_drift,Warning
Administration Building,2,163,13,815,141.203,152.318,-11.115,-7.297,-1.405,-7.523,4.429,5,slow_drift,Warning
Administration Building,2,164,13,820,141.471,152.273,-10.803,-7.094,0.268,-9.525,1.314,5,slow_drift,Warning
Administration Building,2,165,13,825,141.11,152.229,-11.119,-7.304,-0.361,-10.112,1.036,5,slow_drift,Warning
Administration Building,2,166,13,830,140.148,152.184,-12.036,-7.909,-0.962,-10.62,1.119,5,slow_drift,Warning
Administration Building,2,167,13,835,139.453,152.139,-12.687,-8.339,-0.695,-11.252,1.015,5,slow_drift,Warning
Administration Building,2,168,14,840,138.531,152.094,-13.563,-8.918,-0.922,-11.887,1.08,5,slow_drift,Warning
Administration Building,2,169,14,845,138.797,152.05,-13.252,-8.716,0.266,-12.243,1.126,5,slow_drift,Warning
Administration Building,2,170,14,850,139.184,152.005,-12.821,-8.435,0.387,-12.58,0.885,5,slow_drift,Warning
Administration Building,2,171,14,855,138.213,151.96,-13.748,-9.047,-0.971,-13.018,0.632,5,slow_drift,Warning
Administration Building,2,172,14,860,137.221,151.916,-14.695,-9.673,-0.992,-13.461,0.73,5,slow_drift,Warning
Administration Building,2,173,14,865,136.618,151.871,-15.253,-10.044,-0.603,-13.889,0.915,5,slow_drift,Suspected Leak
Administration Building,2,174,14,870,135.517,151.826,-16.309,-10.742,-1.101,-14.346,1.317,5,slow_drift,Suspected Leak
Administration Building,2,175,14,875,133.898,151.782,-17.883,-11.782,-1.619,-15.118,1.812,5,slow_drift,Suspected Leak
Administration Building,2,176,14,880,134.144,151.737,-17.593,-11.594,0.246,-15.914,1.641,5,slow_drift,Suspected Leak
Administration Building,2,177,14,885,133.169,151.692,-18.523,-12.211,-0.975,-16.709,1.535,5,slow_drift,Suspected Leak
Administration Building,2,178,14,890,133.229,151.648,-18.419,-12.146,0.06,-17.33,1.292,5,slow_drift,Suspected Leak
Administration Building,2,179,14,895,133.262,151.603,-18.341,-12.098,0.033,-17.845,0.832,5,slow_drift,Suspected Leak
Administration Building,2,180,15,900,133.092,151.559,-18.466,-12.184,-0.17,-18.204,0.377,5,slow_drift,Suspected Leak
Administration Building,2,181,15,905,131.333,151.514,-20.18,-13.319,-1.759,-18.587,0.852,5,slow_drift,Suspected Leak
Administration Building,2,182,15,910,129.681,151.469,-21.788,-14.385,-1.652,-19.286,1.411,5,slow_drift,Suspected Leak
Administration Building,2,183,15,915,130.106,151.425,-21.318,-14.079,0.425,-19.752,1.562,5,slow_drift,Suspected Leak
Administration Building,2,184,15,920,129.51,151.38,-21.87,-14.447,-0.596,-20.327,1.608,5,slow_drift,Suspected Leak
Administration Building,2,185,15,925,129.251,151.336,-22.084,-14.593,-0.259,-20.951,1.395,5,slow_drift,Suspected Leak
Administration Building,2,186,15,930,128.221,151.291,-23.07,-15.249,-1.03,-21.718,0.95,5,slow_drift,Suspected Leak
Administration Building,2,187,15,935,127.661,151.246,-23.586,-15.594,-0.56,-22.286,0.861,5,slow_drift,Suspected Leak
Administration Building,2,188,15,940,126.63,151.202,-24.572,-16.251,-1.031,-22.75,1.216,5,slow_drift,Suspected Leak
Administration Building,2,189,15,945,126.212,151.157,-24.946,-16.503,-0.418,-23.355,1.262,5,slow_drift,Suspected Leak
Administration Building,2,190,15,950,126.096,151.113,-25.016,-16.555,-0.116,-23.879,1.173,5,slow_drift,Suspected Leak
Administration Building,2,191,15,955,123.973,151.068,-27.095,-17.936,-2.123,-24.714,1.401,5,slow_drift,Suspected Leak
Administration Building,2,192,16,960,124.378,151.024,-26.646,-17.643,0.405,-25.31,1.32,5,slow_drift,Suspected Leak
Administration Building,2,193,16,965,124.372,150.979,-26.607,-17.623,-0.006,-25.814,1.086,5,slow_drift,Suspected Leak
Administration Building,2,194,16,970,124.334,150.934,-26.6,-17.624,-0.038,-26.152,0.926,5,slow_drift,Suspected Leak
Administration Building,2,195,16,975,122.502,150.89,-28.388,-18.814,-1.832,-26.725,1.082,5,slow_drift,Suspected Leak
Administration Building,2,196,16,980,122.844,150.845,-28.001,-18.563,0.342,-27.223,0.785,5,slow_drift,Suspected Leak
Administration Building,2,197,16,985,122.539,150.801,-28.262,-18.741,-0.305,-27.417,0.885,5,slow_drift,Suspected Leak
Administration Building,2,198,16,990,120.686,150.756,-30.071,-19.946,-1.853,-27.988,1.297,5,slow_drift,Suspected Leak
Administration Building,2,199,16,995,119.975,150.712,-30.737,-20.395,-0.711,-28.677,1.498,5,slow_drift,Critical
Administration Building,2,200,16,1000,119.593,150.667,-31.074,-20.624,-0.382,-29.422,1.365,5,slow_drift,Critical
Administration Building,2,201,16,1005,119.047,150.623,-31.576,-20.964,-0.546,-29.953,1.496,5,slow_drift,Critical
Administration Building,2,202,16,1010,119.144,150.578,-31.434,-20.876,0.097,-30.526,1.233,5,slow_drift,Critical
Administration Building,2,203,16,1015,117.419,150.534,-33.115,-21.998,-1.725,-31.335,1.026,5,slow_drift,Critical
Administration Building,2,204,17,1020,118.201,150.49,-32.289,-21.456,0.782,-31.704,0.867,5,slow_drift,Critical
Administration Building,2,205,17,1025,116.192,150.445,-34.253,-22.768,-2.009,-32.29,1.205,5,slow_drift,Critical
Administration Building,2,206,17,1030,115.309,150.401,-35.091,-23.332,-0.883,-32.96,1.479,5,slow_drift,Critical
Administration Building,2,207,17,1035,115.777,150.356,-34.579,-22.998,0.468,-33.46,1.424,5,slow_drift,Critical
Administration Building,2,208,17,1040,115.597,150.312,-34.715,-23.095,-0.18,-34.007,1.078,5,slow_drift,Critical
Administration Building,2,209,17,1045,114.362,150.267,-35.905,-23.894,-1.235,-34.472,1.21,5,slow_drift,Critical
Administration Building,2,210,17,1050,113.912,150.223,-36.31,-24.171,-0.45,-35.142,0.805,5,slow_drift,Critical
Administration Building,2,211,17,1055,114.221,150.178,-35.958,-23.943,0.309,-35.426,0.725,5,slow_drift,Critical
Administration Building,2,212,17,1060,113.192,150.134,-36.942,-24.606,-1.029,-35.735,0.921,5,slow_drift,Critical
Administration Building,2,213,17,1065,111.861,150.09,-38.228,-25.47,-1.331,-36.343,1.175,5,slow_drift,Critical
Administration Building,2,214,17,1070,110.982,150.045,-39.063,-26.034,-0.879,-37.068,1.304,5,slow_drift,Critical
Administration Building,2,215,17,1075,111.296,150.001,-38.705,-25.803,0.314,-37.534,1.306,5,slow_drift,Critical
Administration Building,2,216,18,1080,110.535,149.956,-39.422,-26.289,-0.761,-38.053,1.34,5,slow_drift,Critical
Administration Building,2,217,18,1085,150.061,149.912,0.149,0.099,39.526,-32.035,15.79,5,none,Normal
Administration Building,2,218,18,1090,149.776,149.868,-0.092,-0.061,-0.285,-25.894,20.083,5,none,Normal
Administration Building,2,219,18,1095,149.45,149.823,-0.374,-0.249,-0.326,-19.584,21.34,5,none,Normal
Administration Building,2,220,18,1100,149.736,149.779,-0.043,-0.028,0.286,-13.081,20.128,5,none,Normal
Administration Building,2,221,18,1105,149.186,149.735,-0.549,-0.366,-0.55,-6.722,16.022,5,none,Normal
Administration Building,2,222,18,1110,149.673,149.69,-0.017,-0.012,0.487,-0.154,0.257,5,none,Normal
Administration Building,2,223,18,1115,149.29,149.646,-0.356,-0.238,-0.383,-0.238,0.218,5,none,Normal
Administration Building,2,224,18,1120,149.353,149.602,-0.248,-0.166,0.063,-0.264,0.206,5,none,Normal
Administration Building,2,225,18,1125,149.274,149.557,-0.283,-0.189,-0.079,-0.249,0.199,5,none,Normal
Administration Building,2,226,18,1130,149.126,149.513,-0.387,-0.259,-0.148,-0.307,0.176,5,none,Normal
Administration Building,2,227,18,1135,150.459,149.469,0.99,0.662,1.333,-0.05,0.526,5,none,Normal
Administration Building,2,228,19,1140,149.372,149.424,-0.052,-0.035,-1.087,-0.056,0.526,5,none,Normal
Administration Building,2,229,19,1145,149.819,149.38,0.439,0.294,0.447,0.077,0.535,5,none,Normal
Administration Building,2,230,19,1150,149.168,149.336,-0.168,-0.112,-0.651,0.09,0.526,5,none,Normal
Administration Building,2,231,19,1155,148.866,149.291,-0.426,-0.285,-0.302,0.066,0.549,5,none,Normal
Administration Building,2,232,19,1160,150.421,149.247,1.174,0.786,1.555,0.326,0.652,5,none,Normal
Administration Building,2,233,19,1165,149.055,149.203,-0.148,-0.099,-1.366,0.137,0.582,5,none,Normal
Administration Building,2,234,19,1170,150.544,149.159,1.385,0.929,1.489,0.376,0.758,5,none,Normal
Administration Building,2,235,19,1175,149.797,149.114,0.683,0.458,-0.747,0.417,0.768,5,none,Normal
Administration Building,2,236,19,1180,149.4,149.07,0.33,0.222,-0.397,0.5,0.718,5,none,Normal
Administration Building,2,237,19,1185,148.714,149.026,-0.312,-0.209,-0.686,0.519,0.689,5,none,Normal
Administration Building,2,238,19,1190,148.527,148.982,-0.455,-0.305,-0.187,0.247,0.7,5,none,Normal
Administration Building,2,239,19,1195,148.647,148.937,-0.291,-0.195,0.12,0.223,0.719,5,none,Normal
Administration Building,2,240,20,1200,148.805,148.893,-0.088,-0.059,0.158,-0.022,0.44,5,none,Normal
Administration Building,2,241,20,1205,148.948,148.849,0.099,0.067,0.143,-0.119,0.293,5,none,Normal
Administration Building,2,242,20,1210,149.742,148.805,0.937,0.63,0.794,-0.018,0.506,5,none,Normal
Administration Building,2,243,20,1215,150.197,148.761,1.437,0.966,0.455,0.273,0.749,5,none,Normal
Administration Building,2,244,20,1220,148.869,148.716,0.153,0.103,-1.328,0.375,0.667,5,none,Normal
Administration Building,2,245,20,1225,147.878,148.672,-0.795,-0.534,-0.991,0.291,0.789,5,none,Normal
Administration Building,2,246,20,1230,148.548,148.628,-0.08,-0.054,0.67,0.292,0.788,5,none,Normal
Administration Building,2,247,20,1235,149.268,148.584,0.684,0.46,0.72,0.389,0.795,5,none,Normal
Administration Building,2,248,20,1240,148.736,148.54,0.196,0.132,-0.532,0.266,0.75,5,none,Normal
Administration Building,2,249,20,1245,148.679,148.495,0.183,0.123,-0.057,0.057,0.486,5,none,Normal
Administration Building,2,250,20,1250,148.107,148.451,-0.344,-0.232,-0.572,-0.026,0.508,5,none,Normal
Administration Building,2,251,20,1255,148.15,148.407,-0.257,-0.173,0.043,0.064,0.376,5,none,Normal
Administration Building,2,252,21,1260,147.679,148.363,-0.684,-0.461,-0.471,-0.037,0.487,5,none,Normal
Administration Building,2,253,21,1265,148.015,148.319,-0.304,-0.205,0.336,-0.202,0.338,5,none,Normal
Administration Building,2,254,21,1270,149.046,148.275,0.772,0.52,1.031,-0.106,0.511,5,none,Normal
Administration Building,2,255,21,1275,148.158,148.231,-0.073,-0.049,-0.888,-0.148,0.493,5,none,Normal
Administration Building,2,256,21,1280,148.37,148.186,0.184,0.124,0.212,-0.06,0.498,5,none,Normal
Administration Building,2,257,21,1285,146.89,148.142,-1.253,-0.846,-1.48,-0.226,0.701,5,none,Normal
Administration Building,2,258,21,1290,147.99,148.098,-0.108,-0.073,1.1,-0.13,0.664,5,none,Normal
Administration Building,2,259,21,1295,147.257,148.054,-0.797,-0.538,-0.733,-0.212,0.718,5,none,Normal
Administration Building,2,260,21,1300,148.029,148.01,0.019,0.013,0.772,-0.338,0.561,5,none,Normal
Administration Building,2,261,21,1305,147.426,147.966,-0.54,-0.365,-0.603,-0.416,0.549,5,none,Normal
Administration Building,2,262,21,1310,147.723,147.922,-0.199,-0.134,0.297,-0.48,0.483,5,none,Normal
Administration Building,2,263,21,1315,147.95,147.878,0.073,0.049,0.227,-0.259,0.341,5,none,Normal
Administration Building,2,264,22,1320,147.122,147.834,-0.712,-0.481,-0.828,-0.359,0.375,5,none,Normal
Administration Building,2,265,22,1325,148.039,147.79,0.25,0.169,0.917,-0.185,0.375,5,none,Normal
Administration Building,2,266,22,1330,147.554,147.746,-0.191,-0.129,-0.485,-0.22,0.361,5,none,Normal
Administration Building,2,267,22,1335,146.821,147.702,-0.88,-0.596,-0.733,-0.276,0.44,5,none,Normal
Administration Building,2,268,22,1340,146.259,147.657,-1.399,-0.947,-0.562,-0.476,0.629,5,none,Normal
Administration Building,2,269,22,1345,147.159,147.613,-0.455,-0.308,0.9,-0.564,0.571,5,none,Normal
Administration Building,2,270,22,1350,147.258,147.569,-0.312,-0.211,0.099,-0.498,0.574,5,none,Normal
Administration Building,2,271,22,1355,148.71,147.525,1.185,0.803,1.452,-0.342,0.869,5,none,Normal
Administration Building,2,272,22,1360,147.202,147.481,-0.28,-0.19,-1.508,-0.357,0.867,5,none,Normal
Administration Building,2,273,22,1365,146.212,147.437,-1.226,-0.831,-0.99,-0.414,0.918,5,none,Normal
Administration Building,2,274,22,1370,147.171,147.393,-0.222,-0.151,0.959,-0.218,0.781,5,none,Normal
Administration Building,2,275,22,1375,147.91,147.349,0.561,0.381,0.739,-0.049,0.829,5,none,Normal
Administration Building,2,276,23,1380,146.841,147.305,-0.465,-0.315,-1.069,-0.074,0.841,5,none,Normal
Administration Building,2,277,23,1385,146.856,147.261,-0.406,-0.276,0.015,-0.34,0.572,5,none,Normal
Administration Building,2,278,23,1390,146.43,147.217,-0.787,-0.535,-0.426,-0.424,0.598,5,none,Normal
Administration Building,2,279,23,1395,147.422,147.173,0.249,0.169,0.992,-0.178,0.497,5,none,Normal
Administration Building,2,280,23,1400,146.802,147.129,-0.327,-0.223,-0.62,-0.196,0.501,5,none,Normal
Administration Building,2,281,23,1405,148.042,147.085,0.956,0.65,1.24,-0.13,0.63,5,none,Normal
Administration Building,2,282,23,1410,147.452,147.042,0.411,0.279,-0.59,0.016,0.638,5,none,Normal
Administration Building,2,283,23,1415,147.361,146.998,0.364,0.247,-0.091,0.144,0.613,5,none,Normal
Administration Building,2,284,23,1420,145.815,146.954,-1.139,-0.775,-1.546,0.086,0.726,5,none,Normal
Administration Building,2,285,23,1425,146.433,146.91,-0.477,-0.325,0.618,-0.035,0.754,5,none,Normal
Administration Building,2,286,23,1430,146.873,146.866,0.008,0.005,0.44,0.021,0.74,5,none,Normal
Administration Building,2,287,23,1435,148.502,146.822,1.68,1.144,1.629,0.141,0.952,5,none,Normal
Administration Building,2,288,0,0,158.015,158.638,-0.623,-0.393,9.513,-0.031,0.986,5,none,Normal
Administration Building,2,289,0,5,158.615,158.593,0.022,0.014,0.6,-0.088,0.968,5,none,Normal
Administration Building,2,290,0,10,158.705,158.547,0.158,0.1,0.09,0.128,0.82,5,none,Normal
Administration Building,2,291,0,15,157.802,158.501,-0.699,-0.441,-0.903,0.091,0.857,5,none,Normal
Administration Building,2,292,0,20,157.75,158.456,-0.706,-0.446,-0.052,-0.028,0.919,5,none,Normal
Administration Building,2,293,0,25,158.946,158.41,0.536,0.338,1.196,-0.219,0.529,5,none,Normal
Administration Building,2,294,0,30,158.064,158.364,-0.301,-0.19,-0.882,-0.165,0.495,5,none,Normal
Administration Building,2,295,0,35,158.231,158.319,-0.088,-0.055,0.167,-0.183,0.489,5,none,Normal
Administration Building,2,296,0,40,158.717,158.273,0.444,0.28,0.486,-0.136,0.54,5,none,Normal
Administration Building,2,297,0,45,158.123,158.228,-0.105,-0.066,-0.594,-0.037,0.466,5,none,Normal
Administration Building,2,298,0,50,157.068,158.182,-1.114,-0.704,-1.055,-0.105,0.595,5,none,Normal
Administration Building,2,299,0,55,158.576,158.137,0.439,0.278,1.508,-0.121,0.575,5,none,Normal
Administration Building,2,300,1,60,156.921,158.091,-1.17,-0.74,-1.655,-0.266,0.72,5,none,Normal
Administration Building,2,301,1,65,158.54,158.045,0.494,0.313,1.619,-0.169,0.785,5,none,Normal
Administration Building,2,302,1,70,159.907,158.0,1.907,1.207,1.367,0.075,1.154,5,none,Normal
Administration Building,2,303,1,75,158.364,157.954,0.41,0.259,-1.543,0.161,1.157,5,none,Normal
Administration Building,2,304,1,80,158.403,157.909,0.494,0.313,0.039,0.429,0.975,5,none,Normal
Administration Building,2,305,1,85,157.75,157.863,-0.113,-0.071,-0.653,0.337,0.999,5,none,Normal
Administration Building,2,306,1,90,157.823,157.818,0.005,0.003,0.073,0.533,0.721,5,none,Normal
Administration Building,2,307,1,95,157.963,157.772,0.191,0.121,0.14,0.482,0.735,5,none,Normal
Administration Building,2,308,1,100,158.592,157.727,0.865,0.549,0.629,0.309,0.357,5,none,Normal
Administration Building,2,309,1,105,158.067,157.681,0.386,0.245,-0.525,0.305,0.356,5,none,Normal
Administration Building,2,310,1,110,157.989,157.636,0.354,0.224,-0.078,0.281,0.346,5,none,Normal
Administration Building,2,311,1,115,158.022,157.59,0.431,0.274,0.033,0.372,0.288,5,none,Normal
Administration Building,2,312,2,120,157.037,157.545,-0.508,-0.322,-0.985,0.287,0.45,5,none,Normal
Administration Building,2,313,2,125,157.476,157.499,-0.023,-0.015,0.439,0.251,0.467,5,stuck_sensor,Normal
Administration Building,2,314,2,130,157.514,157.454,0.06,0.038,0.038,0.117,0.358,5,stuck_sensor,Normal
Administration Building,2,315,2,135,157.518,157.408,0.109,0.07,0.004,0.071,0.333,5,stuck_sensor,Normal
Administration Building,2,316,2,140,157.53,157.363,0.167,0.106,0.012,0.039,0.309,5,stuck_sensor,Normal
Administration Building,2,317,2,145,157.501,157.317,0.184,0.117,-0.029,-0.002,0.259,5,stuck_sensor,Normal
Administration Building,2,318,2,150,157.398,157.272,0.126,0.08,-0.103,0.104,0.076,5,stuck_sensor,Normal
Administration Building,2,319,2,155,157.561,157.226,0.335,0.213,0.163,0.164,0.095,5,stuck_sensor,Normal
Administration Building,2,320,2,160,157.432,157.181,0.251,0.16,-0.129,0.195,0.085,5,stuck_sensor,Normal
Administration Building,2,321,2,165,157.515,157.135,0.38,0.242,0.083,0.241,0.1,5,stuck_sensor,Normal
Administration Building,2,322,2,170,157.611,157.09,0.521,0.332,0.096,0.3,0.143,5,stuck_sensor,Normal
Administration Building,2,323,2,175,157.538,157.045,0.494,0.314,-0.073,0.351,0.149,5,stuck_sensor,Normal
Administration Building,2,324,3,180,157.545,156.999,0.546,0.348,0.007,0.421,0.117,5,stuck_sensor,Normal
Administration Building,2,325,3,185,157.513,156.954,0.56,0.357,-0.032,0.459,0.12,5,stuck_sensor,Normal
Administration Building,2,326,3,190,157.493,156.908,0.584,0.372,-0.02,0.514,0.073,5,stuck_sensor,Normal
Administration Building,2,327,3,195,157.486,156.863,0.623,0.397,-0.007,0.555,0.046,5,stuck_sensor,Normal
Administration Building,2,328,3,200,157.502,156.818,0.685,0.437,0.016,0.582,0.066,5,stuck_sensor,Normal
Administration Building,2,329,3,205,157.516,156.772,0.744,0.475,0.014,0.624,0.077,5,stuck_sensor,Normal
Administration Building,2,330,3,210,157.479,156.727,0.752,0.48,-0.037,0.658,0.082,5,stuck_sensor,Normal
Administration Building,2,331,3,215,157.539,156.681,0.857,0.547,0.06,0.708,0.099,5,stuck_sensor,Normal
Administration Building,2,332,3,220,157.515,156.636,0.879,0.561,-0.024,0.757,0.098,5,stuck_sensor,Normal
Administration Building,2,333,3,225,157.548,156.591,0.957,0.611,0.033,0.812,0.102,5,stuck_sensor,Normal
Administration Building,2,334,3,230,157.554,156.545,1.008,0.644,0.006,0.866,0.106,5,stuck_sensor,Normal
Administration Building,2,335,3,235,157.567,156.5,1.067,0.682,0.013,0.92,0.114,5,stuck_sensor,Normal
Administration Building,2,336,4,240,157.458,156.455,1.003,0.641,-0.109,0.962,0.081,5,stuck_sensor,Normal
Administration Building,2,337,4,245,157.44,156.409,1.031,0.659,-0.018,0.991,0.066,5,stuck_sensor,Normal
Administration Building,2,338,4,250,157.546,156.364,1.182,0.756,0.106,1.041,0.078,5,stuck_sensor,Normal
Administration Building,2,339,4,255,157.527,156.319,1.208,0.773,-0.019,1.083,0.09,5,stuck_sensor,Normal
Administration Building,2,340,4,260,157.602,156.273,1.329,0.85,0.075,1.137,0.125,5,stuck_sensor,Normal
Administration Building,2,341,4,265,157.51,156.228,1.282,0.821,-0.092,1.173,0.132,5,stuck_sensor,Normal
Administration Building,2,342,4,270,157.482,156.183,1.299,0.832,-0.028,1.222,0.109,5,stuck_sensor,Normal
Administration Building,2,343,4,275,157.467,156.137,1.33,0.852,-0.015,1.272,0.063,5,stuck_sensor,Normal
Administration Building,2,344,4,280,157.533,156.092,1.441,0.923,0.066,1.315,0.076,5,stuck_sensor,Normal
Administration Building,2,345,4,285,157.506,156.047,1.459,0.935,-0.027,1.357,0.075,5,stuck_sensor,Normal
Administration Building,2,346,4,290,157.499,156.002,1.497,0.96,-0.007,1.385,0.092,5,stuck_sensor,Normal
Administration Building,2,347,4,295,157.467,155.956,1.511,0.969,-0.032,1.423,0.088,5,stuck_sensor,Normal
Administration Building,2,348,5,300,157.541,155.911,1.63,1.046,0.074,1.478,0.098,5,stuck_sensor,Normal
Administration Building,2,349,5,305,157.545,155.866,1.679,1.077,0.004,1.536,0.096,5,stuck_sensor,Normal
Administration Building,2,350,5,310,157.476,155.821,1.655,1.062,-0.069,1.572,0.094,5,stuck_sensor,Normal
Administration Building,2,351,5,315,157.498,155.775,1.723,1.106,0.022,1.616,0.092,5,stuck_sensor,Normal
Administration Building,2,352,5,320,157.562,155.73,1.832,1.176,0.064,1.672,0.106,5,stuck_sensor,Normal
Administration Building,2,353,5,325,157.481,155.685,1.797,1.154,-0.081,1.719,0.081,5,stuck_sensor,Normal
Administration Building,2,354,5,330,157.436,155.64,1.796,1.154,-0.045,1.747,0.072,5,stuck_sensor,Normal
Administration Building,2,355,5,335,157.424,155.595,1.83,1.176,-0.012,1.772,0.07,5,stuck_sensor,Normal
Administration Building,2,356,5,340,157.528,155.549,1.979,1.272,0.104,1.826,0.085,5,stuck_sensor,Normal
Administration Building,2,357,5,345,157.589,155.504,2.085,1.341,0.061,1.887,0.119,5,stuck_sensor,Normal
Administration Building,2,358,5,350,157.407,155.459,1.948,1.253,-0.182,1.906,0.117,5,stuck_sensor,Normal
Administration Building,2,359,5,355,157.633,155.414,2.219,1.428,0.226,1.976,0.158,5,stuck_sensor,Normal
Administration Building,2,360,6,360,157.453,155.369,2.084,1.341,-0.18,2.024,0.135,5,stuck_sensor,Normal
Administration Building,2,361,6,365,157.482,155.323,2.159,1.39,0.029,2.079,0.103,5,stuck_sensor,Normal
Administration Building,2,362,6,370,155.755,155.278,0.476,0.307,-1.727,1.829,0.669,5,none,Normal
Administration Building,2,363,6,375,155.066,155.233,-0.167,-0.108,-0.689,1.453,1.03,5,none,Normal
Administration Building,2,364,6,380,154.228,155.188,-0.96,-0.619,-0.838,0.969,1.377,5,none,Normal
Administration Building,2,365,6,385,154.6,155.143,-0.543,-0.35,0.372,0.508,1.336,5,none,Normal
Administration Building,2,366,6,390,154.419,155.098,-0.678,-0.437,-0.181,0.048,1.147,5,none,Normal
Administration Building,2,367,6,395,153.668,155.052,-1.384,-0.893,-0.751,-0.543,0.645,5,none,Normal
Administration Building,2,368,6,400,156.066,155.007,1.059,0.683,2.398,-0.445,0.843,5,none,Normal
Administration Building,2,369,6,405,154.571,154.962,-0.392,-0.253,-1.495,-0.483,0.833,5,none,Normal
Administration Building,2,370,6,410,154.896,154.917,-0.021,-0.014,0.325,-0.326,0.813,5,none,Normal
Administration Building,2,371,6,415,155.053,154.872,0.181,0.117,0.157,-0.206,0.828,5,none,Normal
Administration Building,2,372,7,420,155.108,154.827,0.281,0.182,0.055,-0.046,0.811,5,none,Normal
Administration Building,2,373,7,425,153.858,154.782,-0.924,-0.597,-1.25,0.031,0.669,5,none,Normal
Administration Building,2,374,7,430,154.576,154.737,-0.161,-0.104,0.718,-0.173,0.44,5,none,Normal
Administration Building,2,375,7,435,154.338,154.692,-0.354,-0.229,-0.238,-0.166,0.436,5,none,Normal
Administration Building,2,376,7,440,154.611,154.647,-0.035,-0.023,0.273,-0.169,0.435,5,none,Normal
Administration Building,2,377,7,445,155.216,154.601,0.615,0.397,0.605,-0.096,0.531,5,none,Normal
Administration Building,2,378,7,450,153.974,154.556,-0.582,-0.377,-1.242,-0.24,0.525,5,none,Normal
Administration Building,2,379,7,455,154.926,154.511,0.415,0.269,0.952,-0.017,0.456,5,none,Normal
Administration Building,2,380,7,460,154.094,154.466,-0.372,-0.241,-0.832,-0.052,0.477,5,none,Normal
Administration Building,2,381,7,465,153.849,154.421,-0.572,-0.37,-0.245,-0.088,0.512,5,none,Normal
Administration Building,2,382,7,470,154.917,154.376,0.541,0.35,1.068,0.008,0.574,5,none,Normal
Administration Building,2,383,7,475,155.109,154.331,0.778,0.504,0.192,0.035,0.611,5,none,Normal
Administration Building,2,384,8,480,154.118,154.286,-0.168,-0.109,-0.991,0.104,0.548,5,none,Normal
Administration Building,2,385,8,485,155.016,154.241,0.775,0.502,0.898,0.164,0.605,5,none,Normal
Administration Building,2,386,8,490,154.197,154.196,0.001,0.001,-0.819,0.226,0.556,5,none,Normal
Administration Building,2,387,8,495,153.296,154.151,-0.855,-0.554,-0.901,0.179,0.643,5,none,Normal
Administration Building,2,388,8,500,153.909,154.106,-0.197,-0.128,0.613,0.056,0.63,5,none,Normal
Administration Building,2,389,8,505,153.74,154.061,-0.321,-0.208,-0.169,-0.127,0.53,5,none,Normal
Administration Building,2,390,8,510,152.575,154.016,-1.441,-0.936,-1.165,-0.34,0.756,5,none,Normal
Administration Building,2,391,8,515,155.128,153.971,1.157,0.751,2.553,-0.276,0.875,5,none,Normal
Administration Building,2,392,8,520,153.884,153.926,-0.042,-0.027,-1.244,-0.283,0.873,5,none,Normal
Administration Building,2,393,8,525,154.623,153.881,0.742,0.482,0.739,-0.017,0.906,5,none,Normal
Administration Building,2,394,8,530,153.024,153.836,-0.812,-0.528,-1.599,-0.119,0.964,5,none,Normal
Administration Building,2,395,8,535,153.343,153.791,-0.448,-0.292,0.319,-0.141,0.97,5,none,Normal
Administration Building,2,396,9,540,153.859,153.746,0.112,0.073,0.516,0.118,0.732,5,none,Normal
Administration Building,2,397,9,545,154.258,153.702,0.556,0.362,0.399,0.018,0.589,5,none,Normal
Administration Building,2,398,9,550,153.005,153.657,-0.652,-0.424,-1.253,-0.084,0.65,5,none,Normal
Administration Building,2,399,9,555,152.813,153.612,-0.799,-0.52,-0.192,-0.34,0.557,5,none,Normal
Administration Building,2,400,9,560,153.52,153.567,-0.047,-0.03,0.707,-0.213,0.513,5,none,Normal
Administration Building,2,401,9,565,153.57,153.522,0.048,0.031,0.05,-0.13,0.507,5,none,Normal
Administration Building,2,402,9,570,153.927,153.477,0.45,0.293,0.357,-0.074,0.556,5,none,Normal
Administration Building,2,403,9,575,154.056,153.432,0.624,0.407,0.129,-0.063,0.572,5,none,Normal
Administration Building,2,404,9,580,153.524,153.387,0.137,0.089,-0.532,0.069,0.495,5,none,Normal
Administration Building,2,405,9,585,153.247,153.342,-0.095,-0.062,-0.277,0.186,0.289,5,none,Normal
Administration Building,2,406,9,590,153.267,153.297,-0.03,-0.02,0.02,0.189,0.286,5,none,Normal
Administration Building,2,407,9,595,152.48,153.253,-0.773,-0.504,-0.787,0.052,0.49,5,none,Normal
Administration Building,2,408,10,600,152.439,153.208,-0.768,-0.501,-0.041,-0.151,0.542,5,none,Normal
Administration Building,2,409,10,605,153.789,153.163,0.626,0.409,1.35,-0.15,0.543,5,none,Normal
Administration Building,2,410,10,610,154.07,153.118,0.952,0.621,0.281,-0.015,0.706,5,none,Normal
Administration Building,2,411,10,615,153.314,153.073,0.241,0.158,-0.756,0.041,0.712,5,none,Normal
Administration Building,2,412,10,620,153.064,153.028,0.036,0.024,-0.25,0.052,0.711,5,none,Normal
Administration Building,2,413,10,625,152.17,152.983,-0.814,-0.532,-0.894,0.046,0.721,5,none,Normal
Administration Building,2,414,10,630,153.702,152.939,0.764,0.499,1.532,0.301,0.642,5,none,Normal
Administration Building,2,415,10,635,152.07,152.894,-0.824,-0.539,-1.632,0.059,0.758,5,none,Normal
Administration Building,2,416,10,640,151.752,152.849,-1.097,-0.718,-0.318,-0.282,0.736,5,none,Normal
Administration Building,2,417,10,645,152.658,152.804,-0.146,-0.095,0.906,-0.347,0.697,5,none,Normal
Administration Building,2,418,10,650,153.855,152.759,1.095,0.717,1.197,-0.17,0.914,5,none,Normal
Administration Building,2,419,10,655,152.592,152.715,-0.123,-0.08,-1.263,-0.055,0.858,5,none,Normal
Administration Building,2,420,11,660,152.659,152.67,-0.011,-0.007,0.067,-0.184,0.763,5,none,Normal
Administration Building,2,421,11,665,153.26,152.625,0.635,0.416,0.601,0.059,0.751,5,none,Normal
Administration Building,2,422,11,670,151.889,152.58,-0.691,-0.453,-1.371,0.127,0.636,5,none,Normal
Administration Building,2,423,11,675,197.845,152.535,45.31,29.704,45.956,7.703,18.434,5,spike,Critical
Administration Building,2,424,11,680,198.867,152.491,46.376,30.412,1.022,15.249,23.704,5,spike,Critical
Administration Building,2,425,11,685,198.335,152.446,45.889,30.102,-0.532,22.918,25.136,5,spike,Critical
Administration Building,2,426,11,690,197.277,152.401,44.876,29.446,-1.058,30.399,23.578,5,spike,Critical
Administration Building,2,427,11,695,199.28,152.356,46.924,30.799,2.003,38.114,19.025,5,spike,Critical
Administration Building,2,428,11,700,197.936,152.312,45.625,29.955,-1.344,45.833,0.738,5,spike,Critical
Administration Building,2,429,11,705,198.17,152.267,45.903,30.147,0.234,45.932,0.692,5,spike,Critical
Administration Building,2,430,11,710,197.699,152.222,45.477,29.875,-0.471,45.782,0.674,5,spike,Critical
Administration Building,2,431,11,715,198.549,152.178,46.371,30.472,0.85,45.863,0.716,5,spike,Critical
Administration Building,2,432,12,720,196.817,152.133,44.685,29.372,-1.732,45.831,0.771,5,spike,Critical
Administration Building,2,433,12,725,197.027,152.088,44.939,29.548,0.21,45.5,0.619,5,spike,Critical
Administration Building,2,434,12,730,197.535,152.043,45.491,29.92,0.508,45.478,0.616,5,spike,Critical
Administration Building,2,435,12,735,198.522,151.999,46.523,30.607,0.987,45.581,0.741,5,spike,Critical
Administration Building,2,436,12,740,198.364,151.954,46.41,30.542,-0.158,45.737,0.81,5,spike,Critical
Administration Building,2,437,12,745,196.802,151.909,44.893,29.552,-1.562,45.49,0.803,5,spike,Critical
Administration Building,2,438,12,750,195.541,151.865,43.676,28.76,-1.261,45.322,1.067,5,spike,Critical
Administration Building,2,439,12,755,197.138,151.82,45.318,29.85,1.597,45.385,1.051,5,spike,Critical
Administration Building,2,440,12,760,197.281,151.775,45.506,29.982,0.143,45.388,1.051,5,spike,Critical
Administration Building,2,441,12,765,196.755,151.731,45.024,29.674,-0.526,45.138,0.894,5,spike,Critical
Administration Building,2,442,12,770,197.168,151.686,45.482,29.984,0.413,44.983,0.686,5,spike,Critical
Administration Building,2,443,12,775,197.49,151.642,45.848,30.235,0.322,45.142,0.767,5,spike,Critical
Administration Building,2,444,13,780,197.164,151.597,45.567,30.058,-0.326,45.458,0.274,5,spike,Critical
Administration Building,2,445,13,785,196.717,151.552,45.164,29.801,-0.447,45.432,0.296,5,spike,Critical
Administration Building,2,446,13,790,197.995,151.508,46.488,30.683,1.278,45.596,0.527,5,spike,Critical
Administration Building,2,447,13,795,197.937,151.463,46.474,30.683,-0.058,45.837,0.544,5,spike,Critical
Administration Building,2,448,13,800,195.93,151.418,44.512,29.396,-2.007,45.676,0.769,5,spike,Critical
Administration Building,2,449,13,805,197.568,151.374,46.194,30.517,1.638,45.733,0.797,5,spike,Critical
Administration Building,2,450,13,810,196.775,151.329,45.446,30.031,-0.793,45.713,0.803,5,spike,Critical
Administration Building,2,451,13,815,196.668,151.285,45.384,29.999,-0.107,45.75,0.778,5,spike,Critical
Administration Building,2,452,13,820,196.009,151.24,44.768,29.601,-0.659,45.463,0.768,5,spike,Critical
Administration Building,2,453,13,825,197.818,151.196,46.623,30.836,1.809,45.488,0.809,5,spike,Critical
Administration Building,2,454,13,830,195.926,151.151,44.775,29.622,-1.892,45.532,0.75,5,spike,Critical
Administration Building,2,455,13,835,194.938,151.106,43.831,29.007,-0.988,45.138,0.931,5,spike,Critical
Administration Building,2,456,14,840,197.443,151.062,46.381,30.704,2.505,45.294,1.062,5,spike,Critical
Administration Building,2,457,14,845,196.254,151.017,45.237,29.955,-1.189,45.269,1.061,5,spike,Critical
Administration Building,2,458,14,850,199.471,150.973,48.499,32.124,3.217,45.891,1.643,5,spike,Critical
Administration Building,2,459,14,855,195.143,150.928,44.214,29.295,-4.328,45.49,1.721,5,spike,Critical
Administration Building,2,460,14,860,197.186,150.884,46.302,30.687,2.043,45.744,1.707,5,spike,Critical
Administration Building,2,461,14,865,196.649,150.839,45.81,30.37,-0.537,46.074,1.432,5,spike,Critical
Administration Building,2,462,14,870,196.381,150.795,45.586,30.23,-0.268,45.941,1.435,5,spike,Critical
Administration Building,2,463,14,875,196.623,150.75,45.873,30.43,0.242,46.047,1.395,5,spike,Critical
Administration Building,2,464,14,880,195.36,150.706,44.654,29.63,-1.263,45.406,0.8,5,spike,Critical
Administration Building,2,465,14,885,195.961,150.661,45.3,30.067,0.601,45.588,0.565,5,spike,Critical
Administration Building,2,466,14,890,194.48,150.617,43.863,29.122,-1.481,45.181,0.783,5,spike,Critical
Administration Building,2,467,14,895,195.057,150.572,44.485,29.544,0.577,44.96,0.757,5,spike,Critical
Administration Building,2,468,15,900,197.143,150.528,46.615,30.968,2.086,45.132,1.003,5,spike,Critical
Administration Building,2,469,15,905,194.718,150.483,44.234,29.395,-2.425,44.858,0.984,5,spike,Critical
Administration Building,2,470,15,910,195.964,150.439,45.525,30.261,1.246,45.004,1.012,5,spike,Critical
Administration Building,2,471,15,915,195.759,150.394,45.364,30.164,-0.205,45.014,1.016,5,spike,Critical
Administration Building,2,472,15,920,196.219,150.35,45.869,30.508,0.46,45.349,0.883,5,spike,Critical
Administration Building,2,473,15,925,195.471,150.306,45.166,30.049,-0.748,45.462,0.788,5,spike,Critical
Administration Building,2,474,15,930,195.212,150.261,44.951,29.915,-0.259,45.185,0.561,5,spike,Critical
Administration Building,2,475,15,935,195.149,150.217,44.932,29.912,-0.063,45.301,0.362,5,spike,Critical
Administration Building,2,476,15,940,195.509,150.172,45.336,30.19,0.36,45.27,0.346,5,spike,Critical
Administration Building,2,477,15,945,194.005,150.128,43.877,29.226,-1.504,45.022,0.657,5,spike,Critical
Administration Building,2,478,15,950,195.725,150.083,45.641,30.41,1.72,44.984,0.603,5,spike,Critical
Administration Building,2,479,15,955,193.22,150.039,43.181,28.78,-2.505,44.653,0.936,5,spike,Critical
Administration Building,2,480,16,960,194.865,149.995,44.87,29.915,1.645,44.64,0.931,5,spike,Critical
Administration Building,2,481,16,965,194.784,149.95,44.833,29.899,-0.081,44.623,0.926,5,spike,Critical
Administration Building,2,482,16,970,195.028,149.906,45.122,30.1,0.244,44.587,0.897,5,spike,Critical
Administration Building,2,483,16,975,193.442,149.862,43.58,29.08,-1.586,44.538,0.95,5,spike,Critical
Administration Building,2,484,16,980,193.418,149.817,43.601,29.103,-0.024,44.198,0.834,5,spike,Critical
Administration Building,2,485,16,985,195.569,149.773,45.796,30.577,2.151,44.634,0.879,5,spike,Critical
Administration Building,2,486,16,990,149.718,149.728,-0.01,-0.007,-45.851,37.154,18.227,5,none,Normal
Administration Building,2,487,16,995,149.679,149.684,-0.005,-0.004,-0.039,29.681,23.013,5,none,Normal
Administration Building,2,488,16,1000,149.482,149.64,-0.157,-0.105,-0.197,22.134,24.323,5,none,Normal
Administration Building,2,489,16,1005,150.046,149.595,0.451,0.301,0.564,14.946,23.058,5,none,Normal
Administration Building,2,490,16,1010,149.857,149.551,0.306,0.205,-0.189,7.73,18.65,5,none,Normal
Administration Building,2,491,16,1015,149.88,149.507,0.373,0.249,0.023,0.16,0.248,5,none,Normal
Administration Building,2,492,17,1020,151.402,149.462,1.94,1.298,1.522,0.485,0.75,5,none,Normal
Administration Building,2,493,17,1025,149.453,149.418,0.035,0.023,-1.949,0.491,0.745,5,none,Normal
Administration Building,2,494,17,1030,148.862,149.374,-0.512,-0.343,-0.591,0.432,0.818,5,none,Normal
Administration Building,2,495,17,1035,149.412,149.33,0.082,0.055,0.55,0.371,0.83,5,none,Normal
Administration Building,2,496,17,1040,149.271,149.285,-0.014,-0.01,-0.141,0.317,0.845,5,none,Normal
Administration Building,2,497,17,1045,148.945,149.241,-0.296,-0.198,-0.326,0.206,0.879,5,none,Normal
Administration Building,2,498,17,1050,148.854,149.197,-0.342,-0.23,-0.091,-0.174,0.242,5,none,Normal
Administration Building,2,499,17,1055,148.47,149.152,-0.683,-0.458,-0.384,-0.294,0.29,5,none,Normal
Administration Building,2,500,17,1060,148.027,149.108,-1.081,-0.725,-0.443,-0.389,0.433,5,none,Normal
Administration Building,2,501,17,1065,148.921,149.064,-0.143,-0.096,0.894,-0.426,0.392,5,none,Normal
Administration Building,2,502,17,1070,148.544,149.02,-0.476,-0.319,-0.377,-0.503,0.336,5,none,Normal
Administration Building,2,503,17,1075,147.843,148.975,-1.132,-0.76,-0.701,-0.643,0.4,5,none,Normal
Administration Building,2,504,18,1080,149.019,148.931,0.087,0.059,1.176,-0.571,0.492,5,none,Normal
Administration Building,2,505,18,1085,149.228,148.887,0.341,0.229,0.209,-0.401,0.61,5,none,Normal
Administration Building,2,506,18,1090,149.589,148.843,0.746,0.501,0.361,-0.096,0.656,5,none,Normal
Administration Building,2,507,18,1095,148.393,148.799,-0.406,-0.273,-1.196,-0.14,0.669,5,none,Normal
Administration Building,2,508,18,1100,148.981,148.754,0.226,0.152,0.588,-0.023,0.659,5,none,Normal
Administration Building,2,509,18,1105,148.081,148.71,-0.629,-0.423,-0.9,0.061,0.504,5,none,Normal
Administration Building,2,510,18,1110,148.209,148.666,-0.457,-0.307,0.128,-0.03,0.546,5,none,Normal
Administration Building,2,511,18,1115,148.238,148.622,-0.383,-0.258,0.029,-0.15,0.527,5,none,Normal
Administration Building,2,512,18,1120,148.399,148.578,-0.179,-0.12,0.161,-0.305,0.297,5,none,Normal
Administration Building,2,513,18,1125,148.367,148.533,-0.167,-0.112,-0.032,-0.265,0.297,5,none,Normal
Administration Building,2,514,18,1130,148.751,148.489,0.262,0.176,0.384,-0.259,0.309,5,none,Normal
Administration Building,2,515,18,1135,148.103,148.445,-0.342,-0.23,-0.648,-0.211,0.258,5,none,Normal
Administration Building,2,516,19,1140,149.075,148.401,0.674,0.454,0.972,-0.022,0.411,5,none,Normal
Administration Building,2,517,19,1145,148.174,148.357,-0.182,-0.123,-0.901,0.011,0.383,5,none,Normal
Administration Building,2,518,19,1150,148.853,148.313,0.54,0.364,0.679,0.131,0.422,5,none,Normal
Administration Building,2,519,19,1155,148.755,148.268,0.486,0.328,-0.098,0.24,0.414,5,none,Normal
Administration Building,2,520,19,1160,147.985,148.224,-0.239,-0.161,-0.77,0.156,0.457,5,none,Normal
Administration Building,2,521,19,1165,149.515,148.18,1.335,0.901,1.53,0.436,0.586,5,none,Normal
Administration Building,2,522,19,1170,148.237,148.136,0.101,0.068,-1.278,0.34,0.586,5,none,Normal
Administration Building,2,523,19,1175,147.421,148.092,-0.671,-0.453,-0.816,0.259,0.697,5,none,Normal
Administration Building,2,524,19,1180,149.364,148.048,1.316,0.889,1.943,0.388,0.82,5,none,Normal
Administration Building,2,525,19,1185,147.715,148.004,-0.289,-0.195,-1.649,0.259,0.862,5,none,Normal
Administration Building,2,526,19,1190,148.396,147.96,0.436,0.295,0.681,0.371,0.827,5,none,Normal
Administration Building,2,527,19,1195,148.138,147.916,0.223,0.15,-0.258,0.186,0.679,5,none,Normal
Administration Building,2,528,20,1200,147.653,147.872,-0.219,-0.148,-0.485,0.133,0.7,5,none,Normal
Administration Building,2,529,20,1205,147.687,147.828,-0.14,-0.095,0.034,0.221,0.605,5,none,Normal
Administration Building,2,530,20,1210,147.622,147.783,-0.162,-0.109,-0.065,-0.025,0.288,5,none,Normal
Administration Building,2,531,20,1215,147.316,147.739,-0.423,-0.286,-0.306,-0.047,0.316,5,none,Normal
Administration Building,2,532,20,1220,148.279,147.695,0.583,0.395,0.963,-0.023,0.363,5,none,Normal
Administration Building,2,533,20,1225,147.227,147.651,-0.424,-0.287,-1.052,-0.131,0.371,5,none,Normal
Administration Building,2,534,20,1230,148.213,147.607,0.606,0.41,0.986,0.007,0.471,5,none,Normal
Administration Building,2,535,20,1235,147.994,147.563,0.431,0.292,-0.219,0.102,0.493,5,none,Normal
Administration Building,2,536,20,1240,147.252,147.519,-0.267,-0.181,-0.742,0.084,0.506,5,none,Normal
Administration Building,2,537,20,1245,147.231,147.475,-0.244,-0.166,-0.021,0.114,0.474,5,none,Normal
Administration Building,2,538,20,1250,146.945,147.431,-0.486,-0.33,-0.286,-0.064,0.464,5,none,Normal
Administration Building,2,539,20,1255,146.23,147.387,-1.157,-0.785,-0.715,-0.186,0.64,5,none,Normal
Administration Building,2,540,21,1260,146.588,147.343,-0.755,-0.512,0.358,-0.413,0.536,5,none,Normal
Administration Building,2,541,21,1265,147.717,147.299,0.418,0.284,1.129,-0.415,0.532,5,none,Normal
Administration Building,2,542,21,1270,147.699,147.255,0.444,0.301,-0.018,-0.297,0.64,5,none,Normal
Administration Building,2,543,21,1275,148.196,147.211,0.985,0.669,0.497,-0.092,0.829,5,none,Normal
Administration Building,2,544,21,1280,146.742,147.167,-0.425,-0.289,-1.454,-0.082,0.824,5,none,Normal
Administration Building,2,545,21,1285,146.618,147.123,-0.506,-0.344,-0.124,0.027,0.685,5,none,Normal
Administration Building,2,546,21,1290,146.771,147.079,-0.309,-0.21,0.153,0.101,0.602,5,none,Normal
Administration Building,2,547,21,1295,147.014,147.035,-0.022,-0.015,0.243,0.028,0.582,5,none,Normal
Administration Building,2,548,21,1300,146.533,146.991,-0.458,-0.312,-0.481,-0.122,0.57,5,none,Normal
Administration Building,2,549,21,1305,147.175,146.947,0.228,0.155,0.642,-0.249,0.291,5,none,Normal
Administration Building,2,550,21,1310,145.924,146.904,-0.98,-0.667,-1.251,-0.341,0.419,5,none,Normal
Administration Building,2,551,21,1315,112.726,146.86,-34.134,-23.242,-33.198,-5.946,13.815,5,sudden_drop,Critical
Administration Building,2,552,22,1320,111.47,146.816,-35.345,-24.075,-1.256,-11.785,17.789,5,sudden_drop,Critical
Administration Building,2,553,22,1325,111.807,146.772,-34.965,-23.823,0.337,-17.609,18.856,5,sudden_drop,Critical
Administration Building,2,554,22,1330,112.957,146.728,-33.771,-23.016,1.15,-23.161,17.662,5,sudden_drop,Critical
Administration Building,2,555,22,1335,111.586,146.684,-35.098,-23.927,-1.371,-29.049,13.764,5,sudden_drop,Critical
Administration Building,2,556,22,1340,114.114,146.64,-32.526,-22.181,2.528,-34.306,1.061,5,sudden_drop,Critical
Administration Building,2,557,22,1345,111.153,146.596,-35.443,-24.177,-2.961,-34.525,1.149,5,sudden_drop,Critical
Administration Building,2,558,22,1350,114.087,146.552,-32.466,-22.153,2.934,-34.045,1.326,5,sudden_drop,Critical
Administration Building,2,559,22,1355,115.209,146.508,-31.299,-21.363,1.122,-33.434,1.627,5,sudden_drop,Critical
Administration Building,2,560,22,1360,115.148,146.465,-31.317,-21.382,-0.061,-33.025,1.822,5,sudden_drop,Critical
Administration Building,2,561,22,1365,116.972,146.421,-29.449,-20.112,1.824,-32.083,1.989,5,sudden_drop,Critical
Administration Building,2,562,22,1370,116.159,146.377,-30.218,-20.644,-0.813,-31.699,2.106,5,sudden_drop,Critical
Administration Building,2,563,22,1375,115.747,146.333,-30.586,-20.902,-0.412,-30.889,1.044,5,sudden_drop,Critical
Administration Building,2,564,23,1380,113.265,146.289,-33.024,-22.575,-2.482,-30.982,1.223,5,sudden_drop,Critical
Administration Building,2,565,23,1385,115.303,146.245,-30.942,-21.158,2.038,-30.923,1.213,5,sudden_drop,Critical
Administration Building,2,566,23,1390,115.83,146.202,-30.372,-20.774,0.527,-30.765,1.213,5,sudden_drop,Critical
Administration Building,2,567,23,1395,114.332,146.158,-31.826,-21.775,-1.498,-31.161,1.077,5,sudden_drop,Critical
Administration Building,2,568,23,1400,115.23,146.114,-30.884,-21.137,0.898,-31.272,0.992,5,sudden_drop,Critical
Administration Building,2,569,23,1405,114.96,146.07,-31.11,-21.298,-0.27,-31.36,0.941,5,sudden_drop,Critical
Administration Building,2,570,23,1410,114.234,146.026,-31.792,-21.771,-0.726,-31.154,0.564,5,sudden_drop,Critical
Administration Building,2,571,23,1415,116.128,145.983,-29.855,-20.451,1.894,-30.973,0.779,5,sudden_drop,Critical
Administration Building,2,572,23,1420,116.115,145.939,-29.823,-20.436,-0.013,-30.882,0.889,5,sudden_drop,Critical
Administration Building,2,573,23,1425,113.835,145.895,-32.06,-21.975,-2.28,-30.921,0.942,5,sudden_drop,Critical
Administration Building,2,574,23,1430,113.436,145.851,-32.415,-22.225,-0.399,-31.176,1.12,5,sudden_drop,Critical
Administration Building,2,575,23,1435,114.82,145.807,-30.988,-21.252,1.384,-31.156,1.123,5,sudden_drop,Critical
Administration Building,2,576,0,0,123.233,158.537,-35.304,-22.269,8.413,-31.741,2.052,5,sudden_drop,Critical
Administration Building,2,577,0,5,123.616,158.491,-34.876,-22.005,0.383,-32.578,2.151,5,sudden_drop,Critical
Administration Building,2,578,0,10,123.346,158.446,-35.099,-22.152,-0.27,-33.457,1.858,5,sudden_drop,Critical
Administration Building,2,579,0,15,125.33,158.4,-33.071,-20.878,1.984,-33.626,1.748,5,sudden_drop,Critical
Administration Building,2,580,0,20,124.857,158.354,-33.497,-21.153,-0.473,-33.806,1.652,5,sudden_drop,Critical
Administration Building,2,581,0,25,125.593,158.309,-32.716,-20.666,0.736,-34.094,1.13,5,sudden_drop,Critical
Administration Building,2,582,0,30,125.137,158.263,-33.126,-20.931,-0.456,-33.731,1.007,5,sudden_drop,Critical
Administration Building,2,583,0,35,123.538,158.218,-34.679,-21.919,-1.599,-33.698,0.964,5,sudden_drop,Critical
Administration Building,2,584,0,40,123.506,158.172,-34.666,-21.917,-0.032,-33.626,0.848,5,sudden_drop,Critical
Administration Building,2,585,0,45,124.524,158.127,-33.603,-21.251,1.018,-33.714,0.805,5,sudden_drop,Critical
Administration Building,2,586,0,50,124.05,158.081,-34.031,-21.527,-0.474,-33.804,0.805,5,sudden_drop,Critical
Administration Building,2,587,0,55,121.584,158.035,-36.451,-23.065,-2.466,-34.426,1.162,5,sudden_drop,Critical
Administration Building,2,588,1,60,124.077,157.99,-33.913,-21.465,2.493,-34.557,1.021,5,sudden_drop,Critical
Administration Building,2,589,1,65,123.354,157.944,-34.59,-21.9,-0.723,-34.542,1.02,5,sudden_drop,Critical
Administration Building,2,590,1,70,123.179,157.899,-34.719,-21.988,-0.175,-34.551,1.021,5,sudden_drop,Critical
Administration Building,2,591,1,75,124.844,157.853,-33.009,-20.911,1.665,-34.452,1.152,5,sudden_drop,Critical
Administration Building,2,592,1,80,123.632,157.808,-34.176,-21.656,-1.212,-34.476,1.143,5,sudden_drop,Critical
Administration Building,2,593,1,85,124.771,157.762,-32.991,-20.912,1.139,-33.9,0.754,5,sudden_drop,Critical
Administration Building,2,594,1,90,122.795,157.717,-34.922,-22.142,-1.976,-34.068,0.862,5,sudden_drop,Critical
Administration Building,2,595,1,95,124.904,157.671,-32.767,-20.782,2.109,-33.764,0.958,5,sudden_drop,Critical
Administration Building,2,596,1,100,124.758,157.626,-32.868,-20.852,-0.146,-33.456,0.884,5,sudden_drop,Critical
Administration Building,2,597,1,105,125.215,157.58,-32.365,-20.539,0.457,-33.348,0.982,5,sudden_drop,Critical
Administration Building,2,598,1,110,123.525,157.535,-34.009,-21.588,-1.69,-33.32,0.956,5,sudden_drop,Critical
Administration Building,2,599,1,115,157.484,157.489,-0.005,-0.003,33.959,-27.823,13.66,5,none,Normal
Administration Building,2,600,2,120,156.929,157.444,-0.515,-0.327,-0.555,-22.088,16.918,5,none,Normal
Administration Building,2,601,2,125,158.22,157.398,0.822,0.522,1.291,-16.49,18.187,5,none,Normal
Administration Building,2,602,2,130,157.61,157.353,0.258,0.164,-0.61,-10.969,17.223,5,none,Normal
Administration Building,2,603,2,135,157.407,157.307,0.1,0.064,-0.203,-5.558,13.945,5,none,Normal
Administration Building,2,604,2,140,158.019,157.262,0.758,0.482,0.612,0.236,0.501,5,none,Normal
Administration Building,2,605,2,145,157.357,157.216,0.14,0.089,-0.662,0.26,0.491,5,none,Normal
Administration Building,2,606,2,150,158.093,157.171,0.922,0.586,0.736,0.5,0.373,5,none,Normal
Administration Building,2,607,2,155,157.311,157.125,0.186,0.118,-0.782,0.394,0.353,5,none,Normal
Administration Building,2,608,2,160,155.683,157.08,-1.397,-0.89,-1.628,0.118,0.819,5,none,Normal
Administration Building,2,609,2,165,156.347,157.035,-0.688,-0.438,0.664,-0.013,0.883,5,none,Normal
Administration Building,2,610,2,170,158.377,156.989,1.388,0.884,2.03,0.092,1.02,5,none,Normal
Administration Building,2,611,2,175,157.34,156.944,0.397,0.253,-1.037,0.135,1.028,5,none,Normal
Administration Building,2,612,3,180,157.212,156.898,0.314,0.2,-0.128,0.033,0.963,5,none,Normal
Administration Building,2,613,3,185,156.179,156.853,-0.674,-0.43,-1.033,-0.11,0.999,5,none,Normal
Administration Building,2,614,3,190,157.89,156.808,1.083,0.69,1.711,0.303,0.864,5,none,Normal
Administration Building,2,615,3,195,157.869,156.762,1.106,0.706,-0.021,0.602,0.756,5,none,Normal
Administration Building,2,616,3,200,157.092,156.717,0.375,0.239,-0.777,0.434,0.651,5,none,Normal
Administration Building,2,617,3,205,156.882,156.671,0.21,0.134,-0.21,0.402,0.658,5,none,Normal
Administration Building,2,618,3,210,157.137,156.626,0.511,0.326,0.255,0.435,0.657,5,none,Normal
Administration Building,2,619,3,215,156.828,156.581,0.247,0.158,-0.309,0.589,0.406,5,none,Normal
Administration Building,2,620,3,220,156.521,156.535,-0.014,-0.009,-0.307,0.406,0.385,5,none,Normal
Administration Building,2,621,3,225,157.377,156.49,0.887,0.567,0.856,0.369,0.308,5,none,Normal
Administration Building,2,622,3,230,155.909,156.445,-0.536,-0.343,-1.468,0.218,0.481,5,none,Normal
Administration Building,2,623,3,235,157.356,156.399,0.957,0.612,1.447,0.342,0.568,5,none,Normal
Administration Building,2,624,4,240,156.381,156.354,0.027,0.017,-0.975,0.261,0.573,5,none,Normal
Administration Building,2,625,4,245,156.337,156.309,0.028,0.018,-0.044,0.225,0.581,5,none,Normal
Administration Building,2,626,4,250,157.137,156.263,0.873,0.559,0.8,0.373,0.62,5,none,Normal
Administration Building,2,627,4,255,156.535,156.218,0.316,0.203,-0.602,0.278,0.566,5,none,Normal
Administration Building,2,628,4,260,156.604,156.173,0.431,0.276,0.069,0.439,0.403,5,none,Normal
Administration Building,2,629,4,265,156.047,156.128,-0.081,-0.052,-0.557,0.266,0.356,5,none,Normal
Administration Building,2,630,4,270,156.606,156.082,0.524,0.336,0.559,0.349,0.347,5,none,Normal
Administration Building,2,631,4,275,155.595,156.037,-0.442,-0.283,-1.011,0.27,0.466,5,none,Normal
Administration Building,2,632,4,280,155.813,155.992,-0.179,-0.115,0.218,0.095,0.385,5,none,Normal
Administration Building,2,633,4,285,156.325,155.946,0.378,0.243,0.512,0.105,0.393,5,none,Normal
Administration Building,2,634,4,290,156.449,155.901,0.547,0.351,0.124,0.125,0.414,5,none,Normal
Administration Building,2,635,4,295,155.565,155.856,-0.291,-0.187,-0.884,0.09,0.443,5,none,Normal
Administration Building,2,636,5,300,156.159,155.811,0.349,0.224,0.594,0.06,0.413,5,none,Normal
Administration Building,2,637,5,305,155.881,155.765,0.115,0.074,-0.278,0.153,0.333,5,none,Normal
Administration Building,2,638,5,310,156.44,155.72,0.72,0.462,0.559,0.303,0.355,5,none,Normal
Administration Building,2,639,5,315,154.868,155.675,-0.807,-0.519,-1.572,0.105,0.57,5,none,Normal
Administration Building,2,640,5,320,155.194,155.63,-0.436,-0.28,0.326,-0.058,0.558,5,none,Normal
Administration Building,2,641,5,325,155.097,155.585,-0.487,-0.313,-0.097,-0.091,0.58,5,none,Normal
Administration Building,2,642,5,330,156.599,155.539,1.059,0.681,1.502,0.027,0.739,5,none,Normal
Administration Building,2,643,5,335,155.766,155.494,0.271,0.175,-0.833,0.053,0.745,5,none,Normal
Administration Building,2,644,5,340,155.761,155.449,0.312,0.201,-0.005,-0.015,0.688,5,none,Normal
Administration Building,2,645,5,345,154.914,155.404,-0.49,-0.315,-0.847,0.038,0.625,5,none,Normal
Administration Building,2,646,5,350,154.766,155.359,-0.592,-0.381,-0.148,0.012,0.651,5,none,Normal
Administration Building,2,647,5,355,154.885,155.313,-0.429,-0.276,0.119,0.022,0.642,5,none,Normal
Administration Building,2,648,6,360,155.241,155.268,-0.027,-0.018,0.356,-0.159,0.399,5,none,Normal
Administration Building,2,649,6,365,155.06,155.223,-0.163,-0.105,-0.181,-0.232,0.34,5,none,Normal
Administration Building,2,650,6,370,154.84,155.178,-0.338,-0.218,-0.22,-0.34,0.211,5,none,Normal
Administration Building,2,651,6,375,154.814,155.133,-0.319,-0.206,-0.026,-0.311,0.198,5,none,Normal
Administration Building,2,652,6,380,155.62,155.088,0.532,0.343,0.806,-0.124,0.352,5,none,Normal
Administration Building,2,653,6,385,155.237,155.043,0.194,0.125,-0.383,-0.02,0.335,5,none,Normal
Administration Building,2,654,6,390,155.614,154.997,0.617,0.398,0.377,0.087,0.424,5,none,Normal
Administration Building,2,655,6,395,153.919,154.952,-1.033,-0.667,-1.695,-0.058,0.627,5,none,Normal
Administration Building,2,656,6,400,154.286,154.907,-0.621,-0.401,0.367,-0.105,0.662,5,none,Normal
Administration Building,2,657,6,405,155.437,154.862,0.575,0.371,1.151,0.044,0.703,5,none,Normal
Administration Building,2,658,6,410,155.799,154.817,0.982,0.634,0.362,0.119,0.785,5,none,Normal
Administration Building,2,659,6,415,155.9,154.772,1.128,0.729,0.101,0.275,0.889,5,none,Normal
Administration Building,2,660,7,420,155.522,154.727,0.795,0.514,-0.378,0.304,0.905,5,none,Normal
Administration Building,2,661,7,425,154.234,154.682,-0.448,-0.289,-1.288,0.402,0.751,5,none,Normal
Administration Building,2,662,7,430,154.851,154.637,0.214,0.139,0.617,0.541,0.581,5,none,Normal
Administration Building,2,663,7,435,154.224,154.592,-0.368,-0.238,-0.627,0.384,0.688,5,none,Normal
Administration Building,2,664,7,440,155.292,154.547,0.745,0.482,1.068,0.344,0.653,5,none,Normal
Administration Building,2,665,7,445,153.954,154.501,-0.548,-0.355,-1.338,0.065,0.607,5,none,Normal
Administration Building,2,666,7,450,154.447,154.456,-0.01,-0.006,0.493,-0.069,0.492,5,none,Normal
Administration Building,2,667,7,455,153.628,154.411,-0.784,-0.508,-0.819,-0.125,0.558,5,none,Normal
Administration Building,2,668,7,460,154.899,154.366,0.533,0.345,1.271,-0.072,0.61,5,none,Normal
Administration Building,2,669,7,465,153.586,154.321,-0.736,-0.477,-1.313,-0.133,0.662,5,none,Normal
Administration Building,2,670,7,470,154.615,154.276,0.338,0.219,1.029,-0.201,0.568,5,none,Normal
Administration Building,2,671,7,475,154.359,154.231,0.128,0.083,-0.256,-0.088,0.552,5,none,Normal
Administration Building,2,672,8,480,153.716,154.186,-0.47,-0.305,-0.643,-0.165,0.571,5,none,Normal
Administration Building,2,673,8,485,153.26,154.141,-0.881,-0.572,-0.456,-0.181,0.593,5,none,Normal
Administration Building,2,674,8,490,154.397,154.096,0.301,0.195,1.137,-0.22,0.542,5,none,Normal
Administration Building,2,675,8,495,154.177,154.051,0.126,0.082,-0.22,-0.076,0.49,5,none,Normal
Administration Building,2,676,8,500,154.535,154.006,0.529,0.344,0.358,-0.044,0.527,5,none,Normal
Administration Building,2,677,8,505,153.696,153.961,-0.265,-0.172,-0.839,-0.11,0.526,5,none,Normal
Administration Building,2,678,8,510,155.014,153.916,1.098,0.713,1.318,0.151,0.678,5,none,Normal
Administration Building,2,679,8,515,154.276,153.871,0.404,0.263,-0.738,0.366,0.453,5,none,Normal
Administration Building,2,680,8,520,146.188,153.826,-7.638,-4.965,-8.088,-0.958,3.304,5,slow_drift,Warning
Administration Building,2,681,8,525,145.605,153.782,-8.177,-5.317,-0.583,-2.342,4.336,5,slow_drift,Warning
Administration Building,2,682,8,530,144.949,153.737,-8.788,-5.716,-0.656,-3.894,4.751,5,slow_drift,Warning
Administration Building,2,683,8,535,144.397,153.692,-9.294,-6.047,-0.552,-5.399,4.802,5,slow_drift,Warning
Administration Building,2,684,9,540,143.257,153.647,-10.39,-6.762,-1.14,-7.314,3.898,5,slow_drift,Warning
Administration Building,2,685,9,545,142.907,153.602,-10.695,-6.963,-0.35,-9.164,1.209,5,slow_drift,Warning
Administration Building,2,686,9,550,142.697,153.557,-10.86,-7.072,-0.21,-9.701,1.107,5,slow_drift,Warning
Administration Building,2,687,9,555,141.234,153.512,-12.278,-7.998,-1.463,-10.384,1.237,5,slow_drift,Warning
Administration Building,2,688,9,560,140.54,153.467,-12.927,-8.423,-0.694,-11.074,1.32,5,slow_drift,Warning
Administration Building,2,689,9,565,139.95,153.422,-13.472,-8.781,-0.59,-11.77,1.295,5,slow_drift,Warning
Administration Building,2,690,9,570,138.801,153.377,-14.576,-9.504,-1.149,-12.468,1.512,5,slow_drift,Warning
Administration Building,2,691,9,575,138.385,153.332,-14.948,-9.749,-0.416,-13.177,1.511,5,slow_drift,Warning
Administration Building,2,692,9,580,137.695,153.288,-15.593,-10.172,-0.69,-13.966,1.277,5,slow_drift,Suspected Leak
Administration Building,2,693,9,585,137.464,153.243,-15.779,-10.297,-0.231,-14.549,1.145,5,slow_drift,Suspected Leak
Administration Building,2,694,9,590,137.302,153.198,-15.896,-10.376,-0.162,-15.044,0.924,5,slow_drift,Suspected Leak
Administration Building,2,695,9,595,137.008,153.153,-16.145,-10.542,-0.294,-15.49,0.603,5,slow_drift,Suspected Leak
Administration Building,2,696,10,600,135.507,153.108,-17.601,-11.496,-1.501,-15.994,0.885,5,slow_drift,Suspected Leak
Administration Building,2,697,10,605,135.083,153.063,-17.98,-11.747,-0.424,-16.499,1.023,5,slow_drift,Suspected Leak
Administration Building,2,698,10,610,134.292,153.018,-18.726,-12.238,-0.791,-17.021,1.244,5,slow_drift,Suspected Leak
Administration Building,2,699,10,615,132.228,152.974,-20.746,-13.562,-2.064,-17.849,1.787,5,slow_drift,Suspected Leak
Administration Building,2,700,10,620,132.133,152.929,-20.796,-13.599,-0.095,-18.666,1.835,5,slow_drift,Suspected Leak
Administration Building,2,701,10,625,132.616,152.884,-20.268,-13.257,0.483,-19.353,1.429,5,slow_drift,Suspected Leak
Administration Building,2,702,10,630,132.013,152.839,-20.826,-13.626,-0.603,-19.89,1.231,5,slow_drift,Suspected Leak
Administration Building,2,703,10,635,131.339,152.794,-21.456,-14.042,-0.674,-20.47,0.934,5,slow_drift,Suspected Leak
Administration Building,2,704,10,640,130.07,152.75,-22.68,-14.848,-1.269,-21.129,0.849,5,slow_drift,Suspected Leak
Administration Building,2,705,10,645,128.319,152.705,-24.385,-15.969,-1.751,-21.735,1.54,5,slow_drift,Suspected Leak
Administration Building,2,706,10,650,128.239,152.66,-24.421,-15.997,-0.08,-22.339,1.789,5,slow_drift,Suspected Leak
Administration Building,2,707,10,655,127.671,152.615,-24.944,-16.344,-0.568,-23.119,1.723,5,slow_drift,Suspected Leak
Administration Building,2,708,11,660,127.915,152.57,-24.656,-16.16,0.244,-23.757,1.379,5,slow_drift,Suspected Leak
Administration Building,2,709,11,665,126.664,152.526,-25.861,-16.955,-1.251,-24.491,1.04,5,slow_drift,Suspected Leak
Administration Building,2,710,11,670,127.235,152.481,-25.246,-16.557,0.571,-24.919,0.565,5,slow_drift,Suspected Leak
Administration Building,2,711,11,675,126.443,152.436,-25.993,-17.052,-0.792,-25.187,0.638,5,slow_drift,Suspected Leak
Administration Building,2,712,11,680,125.909,152.391,-26.483,-17.378,-0.534,-25.53,0.696,5,slow_drift,Suspected Leak
Administration Building,2,713,11,685,123.697,152.347,-28.649,-18.805,-2.212,-26.148,1.379,5,slow_drift,Suspected Leak
Administration Building,2,714,11,690,123.885,152.302,-28.417,-18.658,0.188,-26.775,1.42,5,slow_drift,Suspected Leak
Administration Building,2,715,11,695,122.647,152.257,-29.61,-19.447,-1.238,-27.4,1.729,5,slow_drift,Suspected Leak
Administration Building,2,716,11,700,122.474,152.212,-29.738,-19.537,-0.173,-28.148,1.575,5,slow_drift,Suspected Leak
Administration Building,2,717,11,705,121.138,152.168,-31.03,-20.392,-1.336,-28.988,1.539,5,slow_drift,Critical
Administration Building,2,718,11,710,121.702,152.123,-30.421,-19.998,0.564,-29.644,1.003,5,slow_drift,Suspected Leak
Administration Building,2,719,11,715,119.839,152.078,-32.24,-21.199,-1.863,-30.243,1.314,5,slow_drift,Critical
Administration Building,2,720,12,720,118.488,152.034,-33.546,-22.065,-1.351,-31.098,1.538,5,slow_drift,Critical
Administration Building,2,721,12,725,120.222,151.989,-31.767,-20.901,1.734,-31.457,1.363,5,slow_drift,Critical
Administration Building,2,722,12,730,118.613,151.944,-33.331,-21.936,-1.609,-32.056,1.24,5,slow_drift,Critical
Administration Building,2,723,12,735,117.053,151.9,-34.847,-22.941,-1.56,-32.692,1.549,5,slow_drift,Critical
Administration Building,2,724,12,740,116.943,151.855,-34.912,-22.99,-0.11,-33.44,1.297,5,slow_drift,Critical
Administration Building,2,725,12,745,116.042,151.81,-35.769,-23.561,-0.901,-34.029,1.436,5,slow_drift,Critical
Administration Building,2,726,12,750,115.739,151.766,-36.027,-23.738,-0.303,-34.442,1.615,5,slow_drift,Critical
Administration Building,2,727,12,755,115.565,151.721,-36.156,-23.831,-0.174,-35.174,1.06,5,slow_drift,Critical
Administration Building,2,728,12,760,114.819,151.676,-36.858,-24.3,-0.746,-35.762,0.773,5,slow_drift,Critical
Administration Building,2,729,12,765,113.932,151.632,-37.7,-24.863,-0.887,-36.237,0.954,5,slow_drift,Critical
Administration Building,2,730,12,770,113.132,151.587,-38.455,-25.368,-0.8,-36.828,1.06,5,slow_drift,Critical
Administration Building,2,731,12,775,113.125,151.542,-38.417,-25.351,-0.007,-37.269,1.083,5,slow_drift,Critical
Administration Building,2,732,13,780,110.673,151.498,-40.825,-26.948,-2.452,-38.068,1.62,5,slow_drift,Critical
Administration Building,2,733,13,785,110.729,151.453,-40.725,-26.889,0.056,-38.83,1.615,5,slow_drift,Critical
Administration Building,2,734,13,790,151.135,151.409,-0.273,-0.18,40.406,-32.732,15.954,5,none,Normal
Administration Building,2,735,13,795,150.519,151.364,-0.845,-0.558,-0.616,-26.59,20.191,5,none,Normal
Administration Building,2,736,13,800,151.366,151.319,0.046,0.03,0.847,-20.173,21.726,5,none,Normal
Administration Building,2,737,13,805,151.807,151.275,0.532,0.352,0.441,-13.682,20.991,5,none,Normal
Administration Building,2,738,13,810,151.637,151.23,0.406,0.269,-0.17,-6.81,16.622,5,none,Normal
Administration Building,2,739,13,815,151.396,151.186,0.21,0.139,-0.241,0.013,0.506,5,none,Normal
Administration Building,2,740,13,820,151.563,151.141,0.421,0.279,0.167,0.128,0.507,5,none,Normal
Administration Building,2,741,13,825,150.697,151.097,-0.4,-0.264,-0.866,0.202,0.342,5,none,Normal
Administration Building,2,742,13,830,149.983,151.052,-1.069,-0.708,-0.714,0.017,0.628,5,none,Normal
Administration Building,2,743,13,835,150.81,151.008,-0.197,-0.131,0.827,-0.105,0.577,5,none,Normal
Administration Building,2,744,14,840,150.84,150.963,-0.123,-0.081,0.03,-0.193,0.52,5,none,Normal
Administration Building,2,745,14,845,150.886,150.918,-0.033,-0.022,0.046,-0.234,0.492,5,none,Normal
Administration Building,2,746,14,850,152.234,150.874,1.36,0.902,1.348,-0.077,0.796,5,none,Normal
Administration Building,2,747,14,855,150.461,150.829,-0.368,-0.244,-1.773,-0.072,0.794,5,none,Normal
Administration Building,2,748,14,860,150.101,150.785,-0.684,-0.454,-0.36,-0.007,0.708,5,none,Normal
Administration Building,2,749,14,865,152.135,150.74,1.394,0.925,2.034,0.258,0.896,5,none,Normal
Administration Building,2,750,14,870,151.345,150.696,0.649,0.431,-0.79,0.386,0.886,5,none,Normal
Administration Building,2,751,14,875,150.349,150.651,-0.302,-0.201,-0.996,0.341,0.917,5,none,Normal
Administration Building,2,752,14,880,150.863,150.607,0.256,0.17,0.514,0.157,0.771,5,none,Normal
Administration Building,2,753,14,885,151.094,150.563,0.532,0.353,0.231,0.307,0.735,5,none,Normal
Administration Building,2,754,14,890,150.236,150.518,-0.282,-0.187,-0.858,0.374,0.639,5,none,Normal
Administration Building,2,755,14,895,149.81,150.474,-0.663,-0.441,-0.426,0.032,0.524,5,none,Normal
Administration Building,2,756,15,900,151.169,150.429,0.74,0.492,1.359,0.047,0.546,5,none,Normal
Administration Building,2,757,15,905,150.263,150.385,-0.121,-0.081,-0.906,0.077,0.528,5,none,Normal
Administration Building,2,758,15,910,150.09,150.34,-0.25,-0.166,-0.173,-0.007,0.534,5,none,Normal
Administration Building,2,759,15,915,149.253,150.296,-1.043,-0.694,-0.837,-0.27,0.599,5,none,Normal
Administration Building,2,760,15,920,149.938,150.251,-0.313,-0.209,0.685,-0.275,0.599,5,none,Normal
Administration Building,2,761,15,925,150.401,150.207,0.194,0.129,0.463,-0.132,0.59,5,none,Normal
Administration Building,2,762,15,930,149.57,150.163,-0.593,-0.395,-0.831,-0.354,0.424,5,none,Normal
Administration Building,2,763,15,935,148.63,150.118,-1.488,-0.991,-0.94,-0.582,0.603,5,none,Normal
Administration Building,2,764,15,940,151.251,150.074,1.178,0.785,2.621,-0.344,0.945,5,none,Normal
Administration Building,2,765,15,945,150.812,150.029,0.783,0.522,-0.439,-0.04,0.969,5,none,Normal
Administration Building,2,766,15,950,150.503,149.985,0.518,0.346,-0.309,0.099,0.981,5,none,Normal
Administration Building,2,767,15,955,150.55,149.941,0.61,0.407,0.047,0.168,1.004,5,none,Normal
Administration Building,2,768,16,960,149.556,149.896,-0.34,-0.227,-0.994,0.21,0.97,5,none,Normal
Administration Building,2,769,16,965,149.961,149.852,0.11,0.073,0.405,0.476,0.53,5,none,Normal
Administration Building,2,770,16,970,149.682,149.807,-0.125,-0.084,-0.279,0.259,0.446,5,none,Normal
Administration Building,2,771,16,975,150.395,149.763,0.632,0.422,0.713,0.234,0.413,5,none,Normal
Administration Building,2,772,16,980,151.284,149.719,1.565,1.046,0.889,0.409,0.687,5,none,Normal
Administration Building,2,773,16,985,150.337,149.674,0.662,0.443,-0.947,0.417,0.691,5,none,Normal
Administration Building,2,774,16,990,150.005,149.63,0.374,0.25,-0.332,0.536,0.588,5,none,Normal
Administration Building,2,775,16,995,149.476,149.586,-0.109,-0.073,-0.529,0.5,0.625,5,none,Normal
Administration Building,2,776,16,1000,148.322,149.541,-1.219,-0.815,-1.154,0.318,0.929,5,none,Normal
Administration Building,2,777,16,1005,149.76,149.497,0.263,0.176,1.438,0.256,0.917,5,none,Normal
Administration Building,2,778,16,1010,149.631,149.453,0.179,0.119,-0.129,0.025,0.659,5,none,Normal
Administration Building,2,779,16,1015,149.597,149.408,0.189,0.127,-0.034,-0.054,0.593,5,none,Normal
Administration Building,2,780,17,1020,148.46,149.364,-0.904,-0.605,-1.137,-0.267,0.636,5,none,Normal
Administration Building,2,781,17,1025,150.357,149.32,1.037,0.695,1.897,-0.076,0.834,5,none,Normal
Administration Building,2,782,17,1030,149.525,149.276,0.249,0.167,-0.832,0.169,0.62,5,none,Normal
Administration Building,2,783,17,1035,148.035,149.231,-1.196,-0.801,-1.49,-0.074,0.827,5,none,Normal
Administration Building,2,784,17,1040,148.46,149.187,-0.727,-0.487,0.425,-0.225,0.854,5,none,Normal
Administration Building,2,785,17,1045,149.5,149.143,0.357,0.239,1.04,-0.197,0.873,5,none,Normal
Administration Building,2,786,17,1050,148.304,149.098,-0.794,-0.533,-1.196,-0.179,0.856,5,none,Normal
Administration Building,2,787,17,1055,148.279,149.054,-0.776,-0.52,-0.025,-0.481,0.631,5,none,Normal
Administration Building,2,788,17,1060,147.246,149.01,-1.764,-1.184,-1.033,-0.817,0.697,5,none,Normal
Administration Building,2,789,17,1065,148.605,148.966,-0.361,-0.242,1.359,-0.677,0.689,5,none,Normal
Administration Building,2,790,17,1070,148.567,148.922,-0.354,-0.238,-0.038,-0.615,0.701,5,none,Normal
Administration Building,2,791,17,1075,150.072,148.877,1.195,0.803,1.505,-0.476,0.966,5,none,Normal
Administration Building,2,792,18,1080,149.787,148.833,0.954,0.641,-0.285,-0.184,1.105,5,none,Normal
Administration Building,2,793,18,1085,148.703,148.789,-0.086,-0.058,-1.084,-0.069,1.066,5,none,Normal
Administration Building,2,794,18,1090,149.053,148.745,0.309,0.208,0.35,0.276,0.669,5,none,Normal
Administration Building,2,795,18,1095,147.932,148.7,-0.769,-0.517,-1.121,0.208,0.761,5,none,Normal
Administration Building,2,796,18,1100,149.713,148.656,1.056,0.711,1.781,0.443,0.771,5,none,Normal
Administration Building,2,797,18,1105,147.882,148.612,-0.731,-0.492,-1.831,0.122,0.796,5,none,Normal
Administration Building,2,798,18,1110,149.212,148.568,0.644,0.433,1.33,0.07,0.739,5,none,Normal
Administration Building,2,799,18,1115,149.229,148.524,0.705,0.475,0.017,0.202,0.775,5,none,Normal
Administration Building,2,800,18,1120,148.918,148.48,0.438,0.295,-0.311,0.224,0.78,5,none,Normal
Administration Building,2,801,18,1125,149.252,148.435,0.816,0.55,0.334,0.488,0.631,5,none,Normal
Administration Building,2,802,18,1130,148.103,148.391,-0.288,-0.194,-1.149,0.264,0.627,5,none,Normal
Administration Building,2,803,18,1135,147.721,148.347,-0.626,-0.422,-0.382,0.282,0.595,5,none,Normal
Administration Building,2,804,19,1140,147.85,148.303,-0.453,-0.305,0.129,0.099,0.629,5,none,Normal
Administration Building,2,805,19,1145,149.716,148.259,1.457,0.983,1.866,0.224,0.82,5,none,Normal
Administration Building,2,806,19,1150,150.06,148.215,1.845,1.245,0.344,0.459,1.059,5,none,Normal
Administration Building,2,807,19,1155,149.749,148.171,1.578,1.065,-0.311,0.586,1.152,5,none,Normal
Administration Building,2,808,19,1160,147.273,148.126,-0.854,-0.576,-2.476,0.491,1.257,5,none,Normal
Administration Building,2,809,19,1165,148.936,148.082,0.854,0.577,1.663,0.738,1.133,5,none,Normal
Administration Building,2,810,19,1170,148.011,148.038,-0.027,-0.019,-0.925,0.809,1.054,5,stuck_sensor,Normal
Administration Building,2,811,19,1175,148.013,147.994,0.019,0.013,0.002,0.569,1.04,5,stuck_sensor,Normal
Administration Building,2,812,19,1180,148.007,147.95,0.057,0.038,-0.006,0.271,0.838,5,stuck_sensor,Normal
Administration Building,2,813,19,1185,147.887,147.906,-0.019,-0.013,-0.12,0.005,0.541,5,stuck_sensor,Normal
Administration Building,2,814,19,1190,148.028,147.862,0.166,0.112,0.141,0.175,0.34,5,stuck_sensor,Normal
Administration Building,2,815,19,1195,147.97,147.818,0.152,0.103,-0.058,0.058,0.084,5,stuck_sensor,Normal
Administration Building,2,816,20,1200,148.066,147.774,0.292,0.198,0.096,0.111,0.115,5,stuck_sensor,Normal
Administration Building,2,817,20,1205,147.976,147.73,0.246,0.167,-0.09,0.149,0.116,5,stuck_sensor,Normal
Administration Building,2,818,20,1210,147.961,147.686,0.275,0.186,-0.015,0.185,0.115,5,stuck_sensor,Normal
Administration Building,2,819,20,1215,147.951,147.642,0.31,0.21,-0.01,0.24,0.066,5,stuck_sensor,Normal
Administration Building,2,820,20,1220,148.052,147.598,0.455,0.308,0.101,0.288,0.099,5,stuck_sensor,Normal
Administration Building,2,821,20,1225,147.885,147.554,0.331,0.225,-0.167,0.318,0.073,5,stuck_sensor,Normal
Administration Building,2,822,20,1230,148.02,147.51,0.511,0.346,0.135,0.355,0.105,5,stuck_sensor,Normal
Administration Building,2,823,20,1235,148.007,147.466,0.542,0.367,-0.013,0.404,0.113,5,stuck_sensor,Normal
Administration Building,2,824,20,1240,148.023,147.422,0.601,0.408,0.016,0.458,0.117,5,stuck_sensor,Normal
Administration Building,2,825,20,1245,147.995,147.378,0.617,0.419,-0.028,0.51,0.106,5,stuck_sensor,Normal
Administration Building,2,826,20,1250,147.997,147.334,0.664,0.45,0.002,0.544,0.118,5,stuck_sensor,Normal
Administration Building,2,827,20,1255,148.014,147.29,0.724,0.492,0.017,0.61,0.078,5,stuck_sensor,Normal
Administration Building,2,828,21,1260,148.035,147.246,0.79,0.536,0.021,0.656,0.09,5,stuck_sensor,Normal
Administration Building,2,829,21,1265,147.997,147.202,0.795,0.54,-0.038,0.698,0.084,5,stuck_sensor,Normal
Administration Building,2,830,21,1270,148.046,147.158,0.889,0.604,0.049,0.746,0.099,5,stuck_sensor,Normal
Administration Building,2,831,21,1275,147.985,147.114,0.871,0.592,-0.061,0.789,0.086,5,stuck_sensor,Normal
Administration Building,2,832,21,1280,147.914,147.07,0.845,0.574,-0.071,0.819,0.061,5,stuck_sensor,Normal
Administration Building,2,833,21,1285,147.958,147.026,0.933,0.634,0.044,0.854,0.056,5,stuck_sensor,Normal
Administration Building,2,834,21,1290,147.912,146.982,0.93,0.633,-0.046,0.877,0.053,5,stuck_sensor,Normal
Administration Building,2,835,21,1295,148.027,146.938,1.089,0.741,0.115,0.926,0.087,5,stuck_sensor,Normal
Administration Building,2,836,21,1300,148.078,146.894,1.184,0.806,0.051,0.975,0.133,5,stuck_sensor,Normal
Administration Building,2,837,21,1305,147.97,146.85,1.12,0.763,-0.108,1.017,0.133,5,stuck_sensor,Normal
Administration Building,2,838,21,1310,147.896,146.806,1.09,0.742,-0.074,1.058,0.104,5,stuck_sensor,Normal
Administration Building,2,839,21,1315,147.979,146.762,1.217,0.829,0.083,1.105,0.1,5,stuck_sensor,Normal
Administration Building,2,840,22,1320,147.935,146.718,1.217,0.829,-0.044,1.153,0.061,5,stuck_sensor,Normal
Administration Building,2,841,22,1325,148.075,146.674,1.4,0.955,0.14,1.205,0.109,5,stuck_sensor,Normal
Administration Building,2,842,22,1330,147.945,146.63,1.315,0.897,-0.13,1.226,0.117,5,stuck_sensor,Normal
Administration Building,2,843,22,1335,148.065,146.587,1.478,1.008,0.12,1.286,0.14,5,stuck_sensor,Normal
Administration Building,2,844,22,1340,147.978,146.543,1.435,0.979,-0.087,1.344,0.112,5,stuck_sensor,Normal
Administration Building,2,845,22,1345,148.028,146.499,1.529,1.044,0.05,1.396,0.114,5,stuck_sensor,Normal
Administration Building,2,846,22,1350,147.949,146.455,1.494,1.02,-0.079,1.442,0.077,5,stuck_sensor,Normal
Administration Building,2,847,22,1355,147.94,146.411,1.528,1.044,-0.009,1.463,0.081,5,stuck_sensor,Normal
Administration Building,2,848,22,1360,147.96,146.367,1.592,1.088,0.02,1.509,0.054,5,stuck_sensor,Normal
Administration Building,2,849,22,1365,147.969,146.323,1.646,1.125,0.009,1.537,0.074,5,stuck_sensor,Normal
Administration Building,2,850,22,1370,147.934,146.28,1.655,1.131,-0.035,1.574,0.067,5,stuck_sensor,Normal
Administration Building,2,851,22,1375,147.903,146.236,1.667,1.14,-0.031,1.597,0.072,5,stuck_sensor,Normal
Administration Building,2,852,23,1380,147.927,146.192,1.735,1.187,0.024,1.637,0.07,5,stuck_sensor,Normal
Administration Building,2,853,23,1385,148.0,146.148,1.852,1.267,0.073,1.691,0.091,5,stuck_sensor,Normal
Administration Building,2,854,23,1390,147.983,146.104,1.878,1.286,-0.017,1.739,0.103,5,stuck_sensor,Normal
Administration Building,2,855,23,1395,148.067,146.06,2.007,1.374,0.084,1.799,0.138,5,stuck_sensor,Normal
Administration Building,2,856,23,1400,148.027,146.017,2.01,1.377,-0.04,1.858,0.14,5,stuck_sensor,Normal
Administration Building,2,857,23,1405,147.992,145.973,2.019,1.383,-0.035,1.917,0.115,5,stuck_sensor,Normal
Administration Building,2,858,23,1410,147.982,145.929,2.053,1.407,-0.01,1.97,0.083,5,stuck_sensor,Normal
Administration Building,2,859,23,1415,148.133,145.885,2.247,1.54,0.151,2.036,0.12,5,stuck_sensor,Normal
Administration Building,2,860,23,1420,148.015,145.842,2.174,1.49,-0.118,2.085,0.101,5,stuck_sensor,Normal
Administration Building,2,861,23,1425,148.026,145.798,2.229,1.529,0.011,2.122,0.107,5,stuck_sensor,Normal
Administration Building,2,862,23,1430,148.057,145.754,2.303,1.58,0.031,2.171,0.113,5,stuck_sensor,Normal
Administration Building,2,863,23,1435,147.962,145.71,2.252,1.545,-0.095,2.21,0.087,5,stuck_sensor,Normal
Administration Building,2,864,0,0,147.982,158.527,-10.545,-6.652,0.02,0.11,5.22,5,stuck_sensor,Warning
Administration Building,2,865,0,5,148.024,158.482,-10.458,-6.599,0.042,-2.008,6.58,5,stuck_sensor,Warning
Administration Building,2,866,0,10,159.18,158.436,0.744,0.469,11.156,-2.246,6.422,5,none,Normal
Administration Building,2,867,0,15,158.851,158.39,0.461,0.291,-0.329,-2.54,6.213,5,none,Normal
Administration Building,2,868,0,20,158.263,158.345,-0.082,-0.052,-0.588,-2.938,5.91,5,none,Normal
Administration Building,2,869,0,25,159.584,158.299,1.285,0.812,1.321,-3.099,5.751,5,none,Normal
Administration Building,2,870,0,30,157.274,158.254,-0.98,-0.619,-2.31,-1.505,4.453,5,none,Normal
Administration Building,2,871,0,35,158.673,158.208,0.465,0.294,1.399,0.316,0.775,5,none,Normal
Administration Building,2,872,0,40,158.519,158.162,0.357,0.226,-0.154,0.251,0.748,5,none,Normal
Administration Building,2,873,0,45,157.737,158.117,-0.379,-0.24,-0.782,0.111,0.779,5,none,Normal
Administration Building,2,874,0,50,157.033,158.071,-1.039,-0.657,-0.704,-0.048,0.913,5,none,Normal
Administration Building,2,875,0,55,157.673,158.026,-0.352,-0.223,0.64,-0.321,0.637,5,none,Normal
Administration Building,2,876,1,60,158.833,157.98,0.853,0.54,1.16,-0.016,0.695,5,none,Normal
Administration Building,2,877,1,65,158.281,157.935,0.347,0.22,-0.552,-0.035,0.68,5,none,Normal
Administration Building,2,878,1,70,158.07,157.889,0.181,0.115,-0.211,-0.065,0.664,5,none,Normal
Administration Building,2,879,1,75,158.011,157.844,0.167,0.106,-0.059,0.026,0.649,5,none,Normal
Administration Building,2,880,1,80,157.648,157.798,-0.15,-0.095,-0.363,0.174,0.418,5,none,Normal
Administration Building,2,881,1,85,158.032,157.752,0.279,0.177,0.384,0.28,0.329,5,none,Normal
Administration Building,2,882,1,90,156.633,157.707,-1.074,-0.681,-1.399,-0.042,0.534,5,none,Normal
Administration Building,2,883,1,95,157.481,157.661,-0.181,-0.115,0.848,-0.13,0.499,5,none,Normal
Administration Building,2,884,1,100,158.575,157.616,0.959,0.608,1.094,-0.0,0.668,5,none,Normal
Administration Building,2,885,1,105,156.983,157.57,-0.588,-0.373,-1.592,-0.126,0.701,5,none,Normal
Administration Building,2,886,1,110,157.517,157.525,-0.008,-0.005,0.534,-0.102,0.702,5,none,Normal
Administration Building,2,887,1,115,158.116,157.479,0.636,0.404,0.599,-0.043,0.754,5,none,Normal
Administration Building,2,888,2,120,156.869,157.434,-0.565,-0.359,-1.247,0.042,0.634,5,none,Normal
Administration Building,2,889,2,125,156.328,157.388,-1.06,-0.674,-0.541,-0.104,0.781,5,none,Normal
Administration Building,2,890,2,130,157.476,157.343,0.133,0.085,1.148,-0.242,0.61,5,none,Normal
Administration Building,2,891,2,135,158.389,157.298,1.091,0.694,0.913,0.038,0.781,5,none,Normal
Administration Building,2,892,2,140,156.303,157.252,-0.949,-0.603,-2.086,-0.119,0.88,5,none,Normal
Administration Building,2,893,2,145,157.829,157.207,0.623,0.396,1.526,-0.121,0.878,5,none,Normal
Administration Building,2,894,2,150,157.712,157.161,0.551,0.351,-0.117,0.065,0.883,5,none,Normal
Administration Building,2,895,2,155,156.914,157.116,-0.202,-0.128,-0.798,0.208,0.719,5,none,Normal
Administration Building,2,896,2,160,156.614,157.07,-0.456,-0.291,-0.3,0.11,0.769,5,none,Normal
Administration Building,2,897,2,165,157.003,157.025,-0.022,-0.014,0.389,-0.076,0.601,5,none,Normal
Administration Building,2,898,2,170,158.024,156.98,1.044,0.665,1.021,0.256,0.572,5,none,Normal
Administration Building,2,899,2,175,156.686,156.934,-0.248,-0.158,-1.338,0.111,0.571,5,none,Normal
Administration Building,2,900,3,180,156.434,156.889,-0.455,-0.29,-0.252,-0.057,0.564,5,none,Normal
Administration Building,2,901,3,185,157.591,156.843,0.748,0.477,1.157,0.102,0.643,5,none,Normal
Administration Building,2,902,3,190,155.709,156.798,-1.089,-0.695,-1.882,-0.004,0.788,5,none,Normal
Administration Building,2,903,3,195,156.162,156.753,-0.591,-0.377,0.453,-0.099,0.824,5,none,Normal
Administration Building,2,904,3,200,157.732,156.707,1.024,0.654,1.57,-0.102,0.818,5,none,Normal
Administration Building,2,905,3,205,156.561,156.662,-0.101,-0.064,-1.171,-0.077,0.815,5,none,Normal
Administration Building,2,906,3,210,156.226,156.616,-0.39,-0.249,-0.335,-0.067,0.81,5,none,Normal
Administration Building,2,907,3,215,156.923,156.571,0.352,0.225,0.697,-0.133,0.744,5,none,Normal
Administration Building,2,908,3,220,156.069,156.526,-0.457,-0.292,-0.854,-0.027,0.615,5,none,Normal
Administration Building,2,909,3,225,157.089,156.48,0.608,0.389,1.02,0.173,0.589,5,none,Normal
Administration Building,2,910,3,230,156.164,156.435,-0.271,-0.173,-0.925,-0.043,0.431,5,none,Normal
Administration Building,2,911,3,235,156.217,156.39,-0.173,-0.111,0.053,-0.055,0.434,5,none,Normal
Administration Building,2,912,4,240,156.173,156.344,-0.172,-0.11,-0.044,-0.019,0.408,5,none,Normal
Administration Building,2,913,4,245,156.711,156.299,0.412,0.264,0.538,-0.009,0.42,5,none,Normal
Administration Building,2,914,4,250,156.33,156.254,0.076,0.049,-0.381,0.08,0.358,5,none,Normal
Administration Building,2,915,4,255,156.666,156.209,0.458,0.293,0.336,0.055,0.316,5,none,Normal
Administration Building,2,916,4,260,155.937,156.163,-0.226,-0.145,-0.729,0.062,0.307,5,none,Normal
Administration Building,2,917,4,265,155.907,156.118,-0.211,-0.135,-0.03,0.056,0.314,5,none,Normal
Administration Building,2,918,4,270,154.994,156.073,-1.078,-0.691,-0.913,-0.095,0.564,5,none,Normal
Administration Building,2,919,4,275,156.613,156.027,0.586,0.375,1.619,-0.066,0.598,5,none,Normal
Administration Building,2,920,4,280,157.077,155.982,1.095,0.702,0.464,0.104,0.767,5,none,Normal
Administration Building,2,921,4,285,155.082,155.937,-0.855,-0.548,-1.995,-0.115,0.831,5,none,Normal
Administration Building,2,922,4,290,156.974,155.892,1.083,0.695,1.892,0.103,0.958,5,none,Normal
Administration Building,2,923,4,295,154.581,155.846,-1.266,-0.812,-2.393,-0.073,1.112,5,none,Normal
Administration Building,2,924,5,300,154.893,155.801,-0.908,-0.583,0.312,-0.044,1.083,5,none,Normal
Administration Building,2,925,5,305,155.877,155.756,0.121,0.078,0.984,-0.122,1.045,5,none,Normal
Administration Building,2,926,5,310,155.609,155.711,-0.102,-0.065,-0.268,-0.321,0.865,5,none,Normal
Administration Building,2,927,5,315,155.135,155.665,-0.53,-0.341,-0.474,-0.267,0.834,5,none,Normal
Administration Building,2,928,5,320,154.469,155.62,-1.152,-0.74,-0.666,-0.64,0.567,5,none,Normal
Administration Building,2,929,5,325,155.573,155.575,-0.002,-0.001,1.104,-0.429,0.52,5,none,Normal
Administration Building,2,930,5,330,154.468,155.53,-1.061,-0.682,-1.105,-0.454,0.551,5,none,Normal
Administration Building,2,931,5,335,156.448,155.485,0.964,0.62,1.98,-0.314,0.785,5,none,Normal
Administration Building,2,932,5,340,155.084,155.439,-0.355,-0.228,-1.364,-0.356,0.778,5,none,Normal
Administration Building,2,933,5,345,154.591,155.394,-0.803,-0.517,-0.493,-0.401,0.798,5,none,Normal
Administration Building,2,934,5,350,155.739,155.349,0.39,0.251,1.148,-0.144,0.755,5,none,Normal
Administration Building,2,935,5,355,154.979,155.304,-0.325,-0.209,-0.76,-0.198,0.755,5,none,Normal
Administration Building,2,936,6,360,156.116,155.259,0.857,0.552,1.137,0.121,0.722,5,none,Normal
Administration Building,2,937,6,365,155.012,155.214,-0.202,-0.13,-1.104,-0.073,0.595,5,none,Normal
Administration Building,2,938,6,370,154.795,155.168,-0.373,-0.241,-0.217,-0.076,0.597,5,none,Normal
Administration Building,2,939,6,375,155.039,155.123,-0.084,-0.054,0.244,0.044,0.483,5,none,Normal
Administration Building,2,940,6,380,154.79,155.078,-0.288,-0.186,-0.249,-0.069,0.465,5,none,Normal
Administration Building,2,941,6,385,155.49,155.033,0.457,0.295,0.7,0.061,0.488,5,none,Normal
Administration Building,2,942,6,390,155.666,154.988,0.678,0.438,0.176,0.031,0.432,5,none,Normal
Administration Building,2,943,6,395,154.955,154.943,0.012,0.008,-0.711,0.067,0.417,5,none,Normal
Administration Building,2,944,6,400,154.634,154.898,-0.264,-0.17,-0.321,0.085,0.396,5,none,Normal
Administration Building,2,945,6,405,154.956,154.853,0.104,0.067,0.322,0.116,0.387,5,none,Normal
Administration Building,2,946,6,410,155.142,154.807,0.334,0.216,0.186,0.22,0.338,5,none,Normal
Administration Building,2,947,6,415,155.763,154.762,1.001,0.647,0.621,0.311,0.464,5,none,Normal
Administration Building,2,948,7,420,155.465,154.717,0.748,0.484,-0.298,0.322,0.475,5,none,Normal
Administration Building,2,949,7,425,155.1,154.672,0.428,0.277,-0.365,0.392,0.451,5,none,Normal
Administration Building,2,950,7,430,154.31,154.627,-0.317,-0.205,-0.79,0.383,0.466,5,none,Normal
Administration Building,2,951,7,435,155.9,154.582,1.318,0.853,1.59,0.585,0.572,5,none,Normal
Administration Building,2,952,7,440,154.855,154.537,0.318,0.206,-1.045,0.583,0.574,5,none,Normal
Administration Building,2,953,7,445,154.205,154.492,-0.287,-0.186,-0.65,0.368,0.625,5,none,Normal
Administration Building,2,954,7,450,153.945,154.447,-0.502,-0.325,-0.26,0.16,0.679,5,none,Normal
Administration Building,2,955,7,455,154.722,154.402,0.32,0.207,0.777,0.142,0.672,5,none,Normal
Administration Building,2,956,7,460,155.345,154.357,0.988,0.64,0.623,0.359,0.704,5,none,Normal
Administration Building,2,957,7,465,154.719,154.312,0.407,0.264,-0.626,0.207,0.533,5,none,Normal
Administration Building,2,958,7,470,154.588,154.267,0.321,0.208,-0.131,0.208,0.533,5,none,Normal
Administration Building,2,959,7,475,152.478,154.222,-1.743,-1.131,-2.11,-0.035,0.962,5,none,Normal
Administration Building,2,960,8,480,155.551,154.177,1.374,0.891,3.073,0.278,1.078,5,none,Normal
Administration Building,2,961,8,485,154.189,154.132,0.057,0.037,-1.362,0.234,1.081,5,none,Normal
Administration Building,2,962,8,490,154.295,154.087,0.208,0.135,0.106,0.104,1.017,5,none,Normal
Administration Building,2,963,8,495,154.065,154.042,0.023,0.015,-0.23,0.04,1.007,5,none,Normal
Administration Building,2,964,8,500,154.033,153.997,0.036,0.023,-0.032,-0.007,0.997,5,none,Normal
Administration Building,2,965,8,505,154.239,153.952,0.287,0.186,0.206,0.331,0.522,5,none,Normal
Administration Building,2,966,8,510,152.624,153.907,-1.283,-0.834,-1.615,-0.112,0.583,5,none,Normal
Administration Building,2,967,8,515,153.15,153.862,-0.712,-0.463,0.526,-0.24,0.622,5,none,Normal
Administration Building,2,968,8,520,151.658,153.817,-2.159,-1.404,-1.492,-0.635,0.947,5,none,Normal
Administration Building,2,969,8,525,153.514,153.772,-0.258,-0.168,1.856,-0.682,0.914,5,none,Normal
Administration Building,2,970,8,530,153.865,153.727,0.138,0.09,0.351,-0.664,0.931,5,none,Normal
Administration Building,2,971,8,535,153.721,153.682,0.039,0.026,-0.144,-0.706,0.885,5,none,Normal
Administration Building,2,972,9,540,154.251,153.637,0.614,0.4,0.53,-0.39,0.972,5,none,Normal
Administration Building,2,973,9,545,153.563,153.592,-0.03,-0.019,-0.688,-0.276,0.966,5,none,Normal
Administration Building,2,974,9,550,152.958,153.547,-0.589,-0.384,-0.605,-0.014,0.403,5,none,Normal
Administration Building,2,975,9,555,153.762,153.502,0.26,0.169,0.804,0.072,0.395,5,none,Normal
Administration Building,2,976,9,560,154.095,153.458,0.637,0.415,0.333,0.155,0.459,5,none,Normal
Administration Building,2,977,9,565,152.776,153.413,-0.636,-0.415,-1.319,0.043,0.564,5,none,Normal
Administration Building,2,978,9,570,154.178,153.368,0.811,0.529,1.402,0.075,0.608,5,none,Normal
Administration Building,2,979,9,575,153.668,153.323,0.345,0.225,-0.51,0.138,0.614,5,none,Normal
Administration Building,2,980,9,580,153.175,153.278,-0.103,-0.067,-0.493,0.219,0.525,5,none,Normal
Administration Building,2,981,9,585,153.166,153.233,-0.067,-0.044,-0.009,0.164,0.537,5,none,Normal
Administration Building,2,982,9,590,153.288,153.188,0.1,0.065,0.122,0.075,0.484,5,none,Normal
Administration Building,2,983,9,595,153.456,153.143,0.312,0.204,0.168,0.233,0.339,5,none,Normal
Administration Building,2,984,10,600,153.339,153.099,0.24,0.157,-0.117,0.138,0.192,5,none,Normal
Administration Building,2,985,10,605,154.852,153.054,1.798,1.175,1.513,0.38,0.714,5,none,Normal
Administration Building,2,986,10,610,152.861,153.009,-0.148,-0.097,-1.991,0.372,0.72,5,none,Normal
Administration Building,2,987,10,615,153.223,152.964,0.259,0.169,0.362,0.427,0.692,5,none,Normal
Administration Building,2,988,10,620,152.219,152.919,-0.7,-0.458,-1.004,0.293,0.831,5,none,Normal
Administration Building,2,989,10,625,152.512,152.874,-0.363,-0.237,0.293,0.181,0.872,5,none,Normal
Administration Building,2,990,10,630,154.057,152.83,1.227,0.803,1.545,0.346,0.973,5,none,Normal
Administration Building,2,991,10,635,153.958,152.785,1.173,0.768,-0.099,0.241,0.805,5,none,Normal
Administration Building,2,992,10,640,152.142,152.74,-0.598,-0.391,-1.816,0.166,0.867,5,none,Normal
Administration Building,2,993,10,645,153.364,152.695,0.669,0.438,1.222,0.235,0.892,5,none,Normal
Administration Building,2,994,10,650,152.962,152.65,0.311,0.204,-0.402,0.403,0.767,5,none,Normal
Administration Building,2,995,10,655,151.539,152.606,-1.067,-0.699,-1.423,0.286,0.941,5,none,Normal
Administration Building,2,996,11,660,152.988,152.561,0.427,0.28,1.449,0.152,0.832,5,none,Normal
Administration Building,2,997,11,665,151.206,152.516,-1.31,-0.859,-1.782,-0.261,0.84,5,none,Normal
Administration Building,2,998,11,670,152.352,152.471,-0.12,-0.079,1.146,-0.182,0.824,5,none,Normal
Administration Building,2,999,11,675,152.192,152.427,-0.234,-0.154,-0.16,-0.332,0.713,5,none,Normal
Canteen,3,0,0,0,169.665,169.876,-0.211,-0.124,0.0,-0.211,0.0,5,none,Normal
Canteen,3,1,0,5,170.616,169.807,0.808,0.476,0.951,0.299,0.721,5,none,Normal
Canteen,3,2,0,10,169.933,169.738,0.195,0.115,-0.683,0.264,0.513,5,none,Normal
Canteen,3,3,0,15,169.818,169.669,0.15,0.088,-0.115,0.236,0.423,5,none,Normal
Canteen,3,4,0,20,169.185,169.599,-0.414,-0.244,-0.633,0.106,0.467,5,none,Normal
Canteen,3,5,0,25,170.615,169.53,1.084,0.64,1.43,0.269,0.578,5,none,Normal
Canteen,3,6,0,30,169.818,169.461,0.357,0.21,-0.797,0.363,0.528,5,none,Normal
Canteen,3,7,0,35,169.533,169.392,0.141,0.083,-0.285,0.252,0.484,5,none,Normal
Canteen,3,8,0,40,169.917,169.323,0.594,0.351,0.384,0.319,0.502,5,none,Normal
Canteen,3,9,0,45,168.373,169.253,-0.88,-0.52,-1.544,0.147,0.706,5,none,Normal
Canteen,3,10,0,50,168.915,169.184,-0.269,-0.159,0.542,0.171,0.685,5,none,Normal
Canteen,3,11,0,55,169.4,169.115,0.284,0.168,0.485,0.038,0.533,5,none,Normal
Canteen,3,12,1,60,167.431,169.046,-1.615,-0.956,-1.969,-0.291,0.825,5,none,Normal
Canteen,3,13,1,65,168.582,168.977,-0.395,-0.234,1.151,-0.38,0.797,5,none,Normal
Canteen,3,14,1,70,168.662,168.908,-0.246,-0.145,0.08,-0.52,0.652,5,none,Normal
Canteen,3,15,1,75,168.969,168.839,0.13,0.077,0.307,-0.352,0.671,5,none,Normal
Canteen,3,16,1,80,168.375,168.77,-0.394,-0.234,-0.594,-0.373,0.67,5,none,Normal
Canteen,3,17,1,85,168.603,168.701,-0.098,-0.058,0.228,-0.436,0.611,5,none,Normal
Canteen,3,18,1,90,168.133,168.632,-0.499,-0.296,-0.47,-0.25,0.233,5,none,Normal
Canteen,3,19,1,95,168.779,168.563,0.216,0.128,0.646,-0.149,0.285,5,none,Normal
Canteen,3,20,1,100,169.275,168.494,0.781,0.464,0.496,0.023,0.466,5,none,Normal
Canteen,3,21,1,105,168.174,168.425,-0.25,-0.149,-1.101,-0.041,0.474,5,none,Normal
Canteen,3,22,1,110,169.76,168.356,1.405,0.834,1.586,0.259,0.714,5,none,Normal
Canteen,3,23,1,115,168.026,168.287,-0.26,-0.155,-1.734,0.232,0.733,5,none,Normal
Canteen,3,24,2,120,168.183,168.218,-0.034,-0.02,0.157,0.31,0.661,5,none,Normal
Canteen,3,25,2,125,167.481,168.149,-0.668,-0.397,-0.702,0.162,0.775,5,none,Normal
Canteen,3,26,2,130,168.034,168.08,-0.046,-0.027,0.553,0.024,0.714,5,none,Normal
Canteen,3,27,2,135,168.835,168.011,0.824,0.491,0.801,0.204,0.764,5,none,Normal
Canteen,3,28,2,140,169.335,167.942,1.393,0.83,0.5,0.201,0.761,5,none,Normal
Canteen,3,29,2,145,167.424,167.873,-0.449,-0.268,-1.911,0.17,0.787,5,none,Normal
Canteen,3,30,2,150,168.647,167.804,0.842,0.502,1.223,0.316,0.822,5,none,Normal
Canteen,3,31,2,155,167.054,167.735,-0.681,-0.406,-1.593,0.314,0.825,5,none,Normal
Canteen,3,32,2,160,167.368,167.667,-0.299,-0.178,0.314,0.272,0.853,5,none,Normal
Canteen,3,33,2,165,167.774,167.598,0.177,0.105,0.406,0.164,0.809,5,none,Normal
Canteen,3,34,2,170,167.576,167.529,0.047,0.028,-0.198,-0.061,0.543,5,none,Normal
Canteen,3,35,2,175,166.885,167.46,-0.575,-0.343,-0.691,-0.082,0.563,5,none,Normal
Canteen,3,36,3,180,167.969,167.391,0.578,0.345,1.084,-0.126,0.481,5,none,Normal
Canteen,3,37,3,185,166.519,167.323,-0.804,-0.48,-1.45,-0.146,0.511,5,none,Normal
Canteen,3,38,3,190,166.41,167.254,-0.844,-0.504,-0.109,-0.237,0.587,5,none,Normal
Canteen,3,39,3,195,166.678,167.185,-0.507,-0.303,0.268,-0.351,0.556,5,none,Normal
Canteen,3,40,3,200,167.342,167.116,0.225,0.135,0.664,-0.321,0.585,5,none,Normal
Canteen,3,41,3,205,167.54,167.048,0.492,0.295,0.198,-0.143,0.651,5,none,Normal
Canteen,3,42,3,210,167.419,166.979,0.44,0.264,-0.121,-0.166,0.622,5,none,Normal
Canteen,3,43,3,215,168.324,166.91,1.413,0.847,0.905,0.203,0.801,5,none,Normal
Canteen,3,44,3,220,167.106,166.842,0.265,0.159,-1.218,0.388,0.618,5,none,Normal
Canteen,3,45,3,225,166.742,166.773,-0.031,-0.018,-0.364,0.467,0.499,5,none,Normal
Canteen,3,46,3,230,166.514,166.704,-0.19,-0.114,-0.228,0.398,0.564,5,none,Normal
Canteen,3,47,3,235,166.547,166.636,-0.088,-0.053,0.033,0.301,0.593,5,none,Normal
Canteen,3,48,4,240,167.645,166.567,1.078,0.647,1.098,0.408,0.675,5,none,Normal
Canteen,3,49,4,245,166.394,166.498,-0.105,-0.063,-1.251,0.155,0.478,5,none,Normal
Canteen,3,50,4,250,166.636,166.43,0.206,0.124,0.242,0.145,0.476,5,none,Normal
Canteen,3,51,4,255,166.014,166.361,-0.348,-0.209,-0.622,0.092,0.516,5,none,Normal
Canteen,3,52,4,260,167.92,166.293,1.627,0.979,1.906,0.395,0.782,5,none,Normal
Canteen,3,53,4,265,166.381,166.224,0.157,0.095,-1.539,0.436,0.757,5,none,Normal
Canteen,3,54,4,270,165.784,166.156,-0.372,-0.224,-0.597,0.194,0.743,5,none,Normal
Canteen,3,55,4,275,165.802,166.087,-0.286,-0.172,0.018,0.164,0.761,5,none,Normal
Canteen,3,56,4,280,165.636,166.019,-0.382,-0.23,-0.166,0.066,0.792,5,none,Normal
Canteen,3,57,4,285,166.331,165.95,0.381,0.23,0.695,0.187,0.771,5,none,Normal
Canteen,3,58,4,290,165.813,165.882,-0.069,-0.041,-0.518,-0.095,0.312,5,none,Normal
Canteen,3,59,4,295,165.651,165.813,-0.162,-0.098,-0.162,-0.148,0.286,5,none,Normal
Canteen,3,60,5,300,125.185,165.745,-40.559,-24.471,-40.466,-6.846,16.518,5,sudden_drop,Critical
Canteen,3,61,5,305,128.31,165.676,-37.366,-22.554,3.125,-13.026,20.117,5,sudden_drop,Critical
Canteen,3,62,5,310,128.328,165.608,-37.28,-22.511,0.018,-19.176,21.095,5,sudden_drop,Critical
Canteen,3,63,5,315,126.921,165.54,-38.618,-23.329,-1.407,-25.676,19.834,5,sudden_drop,Critical
Canteen,3,64,5,320,126.37,165.471,-39.101,-23.63,-0.551,-32.181,15.733,5,sudden_drop,Critical
Canteen,3,65,5,325,128.302,165.403,-37.1,-22.43,1.932,-38.337,1.356,5,sudden_drop,Critical
Canteen,3,66,5,330,126.608,165.334,-38.726,-23.423,-1.694,-38.032,0.877,5,sudden_drop,Critical
Canteen,3,67,5,335,130.148,165.266,-35.118,-21.249,3.54,-37.657,1.487,5,sudden_drop,Critical
Canteen,3,68,5,340,129.998,165.198,-35.2,-21.308,-0.15,-37.311,1.801,5,sudden_drop,Critical
Canteen,3,69,5,345,130.414,165.129,-34.716,-21.023,0.416,-36.66,1.934,5,sudden_drop,Critical
Canteen,3,70,5,350,129.432,165.061,-35.629,-21.585,-0.982,-36.082,1.537,5,sudden_drop,Critical
Canteen,3,71,5,355,130.342,164.993,-34.651,-21.001,0.91,-35.673,1.537,5,sudden_drop,Critical
Canteen,3,72,6,360,130.033,164.925,-34.891,-21.156,-0.309,-35.034,0.362,5,sudden_drop,Critical
Canteen,3,73,6,365,130.343,164.856,-34.513,-20.936,0.31,-34.933,0.415,5,sudden_drop,Critical
Canteen,3,74,6,370,129.837,164.788,-34.951,-21.21,-0.506,-34.892,0.395,5,sudden_drop,Critical
Canteen,3,75,6,375,129.579,164.72,-35.141,-21.334,-0.258,-34.963,0.395,5,sudden_drop,Critical
Canteen,3,76,6,380,129.611,164.652,-35.041,-21.282,0.032,-34.865,0.239,5,sudden_drop,Critical
Canteen,3,77,6,385,128.761,164.583,-35.823,-21.766,-0.85,-35.06,0.431,5,sudden_drop,Critical
Canteen,3,78,6,390,129.51,164.515,-35.006,-21.278,0.749,-35.079,0.424,5,sudden_drop,Critical
Canteen,3,79,6,395,128.69,164.447,-35.757,-21.744,-0.82,-35.286,0.395,5,sudden_drop,Critical
Canteen,3,80,6,400,130.755,164.379,-33.623,-20.455,2.065,-35.065,0.793,5,sudden_drop,Critical
Canteen,3,81,6,405,128.744,164.311,-35.566,-21.646,-2.011,-35.136,0.819,5,sudden_drop,Critical
Canteen,3,82,6,410,129.374,164.243,-34.868,-21.23,0.63,-35.107,0.826,5,sudden_drop,Critical
Canteen,3,83,6,415,129.128,164.174,-35.046,-21.347,-0.246,-34.978,0.749,5,sudden_drop,Critical
Canteen,3,84,7,420,128.445,164.106,-35.661,-21.731,-0.683,-35.087,0.8,5,sudden_drop,Critical
Canteen,3,85,7,425,129.019,164.038,-35.019,-21.348,0.574,-34.964,0.73,5,sudden_drop,Critical
Canteen,3,86,7,430,128.652,163.97,-35.318,-21.539,-0.367,-35.246,0.321,5,sudden_drop,Critical
Canteen,3,87,7,435,129.814,163.902,-34.088,-20.798,1.162,-35.0,0.527,5,sudden_drop,Critical
Canteen,3,88,7,440,126.56,163.834,-37.274,-22.751,-3.254,-35.401,1.056,5,sudden_drop,Critical
Canteen,3,89,7,445,130.444,163.766,-33.322,-20.347,3.884,-35.114,1.362,5,sudden_drop,Critical
Canteen,3,90,7,450,128.275,163.698,-35.423,-21.639,-2.169,-35.074,1.347,5,sudden_drop,Critical
Canteen,3,91,7,455,128.073,163.63,-35.557,-21.73,-0.202,-35.164,1.36,5,sudden_drop,Critical
Canteen,3,92,7,460,127.858,163.562,-35.704,-21.829,-0.215,-35.228,1.378,5,sudden_drop,Critical
Canteen,3,93,7,465,129.432,163.494,-34.062,-20.834,1.574,-35.224,1.382,5,sudden_drop,Critical
Canteen,3,94,7,470,128.748,163.426,-34.678,-21.219,-0.684,-34.791,0.951,5,sudden_drop,Critical
Canteen,3,95,7,475,127.117,163.358,-36.241,-22.185,-1.631,-35.277,0.781,5,sudden_drop,Critical
Canteen,3,96,8,480,130.622,163.29,-32.668,-20.006,3.505,-34.818,1.309,5,sudden_drop,Critical
Canteen,3,97,8,485,127.879,163.222,-35.343,-21.654,-2.743,-34.783,1.288,5,sudden_drop,Critical
Canteen,3,98,8,490,129.463,163.154,-33.691,-20.65,1.584,-34.447,1.262,5,sudden_drop,Critical
Canteen,3,99,8,495,128.358,163.086,-34.729,-21.295,-1.105,-34.558,1.25,5,sudden_drop,Critical
Canteen,3,100,8,500,127.468,163.019,-35.55,-21.808,-0.89,-34.704,1.316,5,sudden_drop,Critical
Canteen,3,101,8,505,127.208,162.951,-35.743,-21.935,-0.26,-34.621,1.211,5,sudden_drop,Critical
Canteen,3,102,8,510,129.767,162.883,-33.116,-20.331,2.559,-34.695,1.073,5,sudden_drop,Critical
Canteen,3,103,8,515,128.02,162.815,-34.795,-21.371,-1.747,-34.604,1.029,5,sudden_drop,Critical
Canteen,3,104,8,520,160.514,162.747,-2.233,-1.372,32.494,-29.361,13.322,5,none,Normal
Canteen,3,105,8,525,163.146,162.679,0.467,0.287,2.632,-23.495,17.56,5,none,Normal
Canteen,3,106,8,530,162.786,162.612,0.175,0.108,-0.36,-17.541,18.677,5,none,Normal
Canteen,3,107,8,535,163.182,162.544,0.638,0.392,0.396,-11.477,17.451,5,none,Normal
Canteen,3,108,9,540,161.377,162.476,-1.099,-0.677,-1.805,-6.141,14.08,5,none,Normal
Canteen,3,109,9,545,162.872,162.408,0.464,0.285,1.495,-0.265,1.153,5,none,Normal
Canteen,3,110,9,550,161.867,162.341,-0.473,-0.292,-1.005,0.029,0.678,5,none,Normal
Canteen,3,111,9,555,162.975,162.273,0.702,0.432,1.108,0.068,0.714,5,none,Normal
Canteen,3,112,9,560,161.335,162.205,-0.87,-0.537,-1.64,-0.106,0.804,5,none,Normal
Canteen,3,113,9,565,163.646,162.137,1.509,0.93,2.311,0.039,1.016,5,none,Normal
Canteen,3,114,9,570,161.39,162.07,-0.68,-0.419,-2.256,0.109,0.934,5,none,Normal
Canteen,3,115,9,575,161.919,162.002,-0.083,-0.051,0.529,0.017,0.918,5,none,Normal
Canteen,3,116,9,580,160.486,161.934,-1.449,-0.895,-1.433,-0.145,1.093,5,none,Normal
Canteen,3,117,9,585,162.17,161.867,0.303,0.187,1.684,-0.212,1.042,5,none,Normal
Canteen,3,118,9,590,161.797,161.799,-0.003,-0.002,-0.373,-0.067,0.991,5,none,Normal
Canteen,3,119,9,595,163.16,161.732,1.428,0.883,1.363,-0.081,0.965,5,none,Normal
Canteen,3,120,10,600,160.194,161.664,-1.47,-0.909,-2.966,-0.212,1.107,5,none,Normal
Canteen,3,121,10,605,162.848,161.596,1.252,0.775,2.654,0.01,1.262,5,none,Normal
Canteen,3,122,10,610,161.936,161.529,0.407,0.252,-0.912,0.319,1.04,5,none,Normal
Canteen,3,123,10,615,162.767,161.461,1.306,0.809,0.831,0.487,1.115,5,none,Normal
Canteen,3,124,10,620,162.508,161.394,1.115,0.691,-0.259,0.673,1.11,5,none,Normal
Canteen,3,125,10,625,160.195,161.326,-1.131,-0.701,-2.313,0.247,1.246,5,none,Normal
Canteen,3,126,10,630,162.221,161.259,0.963,0.597,2.026,0.652,0.931,5,none,Normal
Canteen,3,127,10,635,161.536,161.191,0.345,0.214,-0.685,0.501,0.887,5,none,Normal
Canteen,3,128,10,640,161.571,161.124,0.447,0.278,0.035,0.507,0.886,5,none,Normal
Canteen,3,129,10,645,160.969,161.056,-0.087,-0.054,-0.602,0.275,0.815,5,none,Normal
Canteen,3,130,10,650,160.106,160.989,-0.883,-0.548,-0.863,-0.058,0.812,5,none,Normal
Canteen,3,131,10,655,161.16,160.921,0.238,0.148,1.054,0.17,0.619,5,none,Normal
Canteen,3,132,11,660,161.463,160.854,0.609,0.379,0.303,0.111,0.54,5,none,Normal
Canteen,3,133,11,665,161.05,160.786,0.264,0.164,-0.413,0.098,0.534,5,none,Normal
Canteen,3,134,11,670,160.266,160.719,-0.454,-0.282,-0.784,-0.052,0.543,5,none,Normal
Canteen,3,135,11,675,160.293,160.652,-0.359,-0.223,0.027,-0.098,0.558,5,none,Normal
Canteen,3,136,11,680,160.391,160.584,-0.193,-0.12,0.098,0.017,0.417,5,none,Normal
Canteen,3,137,11,685,160.231,160.517,-0.286,-0.178,-0.16,-0.07,0.416,5,none,Normal
Canteen,3,138,11,690,160.321,160.45,-0.129,-0.08,0.09,-0.193,0.252,5,none,Normal
Canteen,3,139,11,695,160.48,160.382,0.097,0.061,0.159,-0.221,0.194,5,none,Normal
Canteen,3,140,11,700,159.489,160.315,-0.826,-0.515,-0.991,-0.283,0.309,5,none,Normal
Canteen,3,141,11,705,159.552,160.248,-0.695,-0.434,0.063,-0.339,0.353,5,none,Normal
Canteen,3,142,11,710,159.919,160.18,-0.262,-0.163,0.367,-0.35,0.348,5,none,Normal
Canteen,3,143,11,715,160.762,160.113,0.649,0.406,0.843,-0.194,0.539,5,none,Normal
Canteen,3,144,12,720,159.483,160.046,-0.562,-0.351,-1.279,-0.266,0.558,5,none,Normal
Canteen,3,145,12,725,159.635,159.979,-0.344,-0.215,0.152,-0.34,0.528,5,none,Normal
Canteen,3,146,12,730,159.843,159.911,-0.068,-0.043,0.208,-0.214,0.477,5,none,Normal
Canteen,3,147,12,735,159.526,159.844,-0.318,-0.199,-0.317,-0.151,0.423,5,none,Normal
Canteen,3,148,12,740,160.855,159.777,1.078,0.675,1.329,0.072,0.647,5,none,Normal
Canteen,3,149,12,745,160.402,159.71,0.692,0.434,-0.453,0.08,0.655,5,none,Normal
Canteen,3,150,12,750,160.271,159.643,0.628,0.394,-0.131,0.278,0.599,5,none,Normal
Canteen,3,151,12,755,159.471,159.575,-0.104,-0.065,-0.8,0.318,0.556,5,none,Normal
Canteen,3,152,12,760,159.359,159.508,-0.15,-0.094,-0.112,0.304,0.568,5,none,Normal
Canteen,3,153,12,765,160.167,159.441,0.726,0.455,0.808,0.478,0.495,5,none,Normal
Canteen,3,154,12,770,159.599,159.374,0.225,0.141,-0.568,0.336,0.402,5,none,Normal
Canteen,3,155,12,775,159.229,159.307,-0.078,-0.049,-0.37,0.208,0.388,5,none,Normal
Canteen,3,156,13,780,159.795,159.24,0.555,0.349,0.566,0.196,0.373,5,none,Normal
Canteen,3,157,13,785,159.113,159.173,-0.06,-0.038,-0.682,0.203,0.366,5,none,Normal
Canteen,3,158,13,790,159.317,159.106,0.212,0.133,0.204,0.263,0.324,5,none,Normal
Canteen,3,159,13,795,159.528,159.039,0.489,0.308,0.211,0.224,0.265,5,none,Normal
Canteen,3,160,13,800,157.789,158.972,-1.183,-0.744,-1.739,-0.011,0.633,5,none,Normal
Canteen,3,161,13,805,161.094,158.905,2.189,1.378,3.305,0.367,1.094,5,none,Normal
Canteen,3,162,13,810,159.905,158.838,1.067,0.672,-1.189,0.452,1.13,5,none,Normal
Canteen,3,163,13,815,157.976,158.771,-0.795,-0.501,-1.929,0.33,1.232,5,none,Normal
Canteen,3,164,13,820,160.08,158.704,1.376,0.867,2.104,0.524,1.3,5,none,Normal
Canteen,3,165,13,825,159.893,158.637,1.256,0.792,-0.187,0.652,1.333,5,none,Normal
Canteen,3,166,13,830,158.102,158.57,-0.468,-0.295,-1.791,0.771,1.156,5,none,Normal
Canteen,3,167,13,835,159.141,158.503,0.638,0.403,1.039,0.512,0.927,5,none,Normal
Canteen,3,168,14,840,158.566,158.436,0.13,0.082,-0.575,0.356,0.893,5,none,Normal
Canteen,3,169,14,845,158.218,158.369,-0.151,-0.096,-0.348,0.463,0.755,5,none,Normal
Canteen,3,170,14,850,158.034,158.302,-0.268,-0.169,-0.184,0.189,0.648,5,none,Normal
Canteen,3,171,14,855,159.227,158.235,0.992,0.627,1.193,0.145,0.565,5,none,Normal
Canteen,3,172,14,860,157.947,158.168,-0.222,-0.14,-1.28,0.186,0.518,5,none,Normal
Canteen,3,173,14,865,157.54,158.101,-0.561,-0.355,-0.407,-0.013,0.54,5,none,Normal
Canteen,3,174,14,870,156.714,158.035,-1.321,-0.836,-0.826,-0.255,0.748,5,none,Normal
Canteen,3,175,14,875,157.665,157.968,-0.303,-0.192,0.951,-0.28,0.746,5,none,Normal
Canteen,3,176,14,880,157.665,157.901,-0.236,-0.15,0.0,-0.275,0.747,5,none,Normal
Canteen,3,177,14,885,157.462,157.834,-0.373,-0.236,-0.203,-0.503,0.419,5,none,Normal
Canteen,3,178,14,890,157.316,157.767,-0.451,-0.286,-0.146,-0.541,0.399,5,none,Normal
Canteen,3,179,14,895,158.221,157.701,0.521,0.33,0.905,-0.361,0.588,5,none,Normal
Canteen,3,180,15,900,157.178,157.634,-0.456,-0.289,-1.043,-0.216,0.371,5,none,Normal
Canteen,3,181,15,905,158.511,157.567,0.944,0.599,1.333,-0.009,0.595,5,none,Normal
Canteen,3,182,15,910,157.499,157.5,-0.002,-0.001,-1.012,0.03,0.584,5,none,Normal
Canteen,3,183,15,915,157.648,157.434,0.214,0.136,0.149,0.128,0.552,5,none,Normal
Canteen,3,184,15,920,157.648,157.367,0.281,0.179,0.0,0.25,0.473,5,none,Normal
Canteen,3,185,15,925,159.446,157.3,2.146,1.364,1.798,0.521,0.916,5,none,Normal
Canteen,3,186,15,930,158.581,157.234,1.347,0.857,-0.865,0.822,0.823,5,none,Normal
Canteen,3,187,15,935,156.874,157.167,-0.293,-0.186,-1.707,0.615,0.934,5,none,Normal
Canteen,3,188,15,940,157.06,157.1,-0.041,-0.026,0.186,0.609,0.939,5,none,Normal
Canteen,3,189,15,945,148.825,157.034,-8.209,-5.228,-8.235,-0.795,3.747,5,slow_drift,Warning
Canteen,3,190,15,950,148.233,156.967,-8.734,-5.564,-0.592,-2.297,4.868,5,slow_drift,Warning
Canteen,3,191,15,955,147.279,156.901,-9.622,-6.132,-0.954,-4.259,5.086,5,slow_drift,Warning
Canteen,3,192,16,960,145.832,156.834,-11.002,-7.015,-1.447,-6.317,4.857,5,slow_drift,Warning
Canteen,3,193,16,965,147.189,156.767,-9.578,-6.11,1.357,-7.864,3.948,5,slow_drift,Warning
Canteen,3,194,16,970,145.146,156.701,-11.554,-7.374,-2.043,-9.783,1.286,5,slow_drift,Warning
Canteen,3,195,16,975,143.906,156.634,-12.728,-8.126,-1.24,-10.536,1.487,5,slow_drift,Warning
Canteen,3,196,16,980,142.913,156.568,-13.655,-8.722,-0.993,-11.357,1.643,5,slow_drift,Warning
Canteen,3,197,16,985,142.68,156.501,-13.822,-8.832,-0.233,-12.056,1.651,5,slow_drift,Warning
Canteen,3,198,16,990,142.304,156.435,-14.131,-9.033,-0.376,-12.578,1.743,5,slow_drift,Warning
Canteen,3,199,16,995,140.571,156.368,-15.798,-10.103,-1.733,-13.615,1.422,5,slow_drift,Suspected Leak
Canteen,3,200,16,1000,139.334,156.302,-16.968,-10.856,-1.237,-14.517,1.564,5,slow_drift,Suspected Leak
Canteen,3,201,16,1005,139.247,156.235,-16.988,-10.873,-0.087,-15.227,1.556,5,slow_drift,Suspected Leak
Canteen,3,202,16,1010,137.552,156.169,-18.617,-11.921,-1.695,-16.054,1.845,5,slow_drift,Suspected Leak
Canteen,3,203,16,1015,136.832,156.103,-19.271,-12.345,-0.72,-16.962,1.868,5,slow_drift,Suspected Leak
Canteen,3,204,17,1020,136.276,156.036,-19.76,-12.664,-0.556,-17.9,1.547,5,slow_drift,Suspected Leak
Canteen,3,205,17,1025,134.549,155.97,-21.421,-13.734,-1.727,-18.838,1.713,5,slow_drift,Suspected Leak
Canteen,3,206,17,1030,132.641,155.903,-23.262,-14.921,-1.908,-19.886,2.198,5,slow_drift,Suspected Leak
Canteen,3,207,17,1035,132.733,155.837,-23.104,-14.826,0.092,-20.906,1.994,5,slow_drift,Suspected Leak
Canteen,3,208,17,1040,132.565,155.771,-23.206,-14.897,-0.168,-21.671,1.812,5,slow_drift,Suspected Leak
Canteen,3,209,17,1045,131.631,155.704,-24.073,-15.461,-0.934,-22.471,1.587,5,slow_drift,Suspected Leak
Canteen,3,210,17,1050,131.124,155.638,-24.514,-15.751,-0.507,-23.263,1.062,5,slow_drift,Suspected Leak
Canteen,3,211,17,1055,129.19,155.572,-26.382,-16.958,-1.934,-24.09,1.255,5,slow_drift,Suspected Leak
Canteen,3,212,17,1060,129.487,155.505,-26.018,-16.731,0.297,-24.55,1.388,5,slow_drift,Suspected Leak
Canteen,3,213,17,1065,127.761,155.439,-27.678,-17.807,-1.726,-25.312,1.664,5,slow_drift,Suspected Leak
Canteen,3,214,17,1070,127.124,155.373,-28.249,-18.181,-0.637,-26.152,1.661,5,slow_drift,Suspected Leak
Canteen,3,215,17,1075,126.416,155.307,-28.89,-18.602,-0.708,-26.955,1.619,5,slow_drift,Suspected Leak
Canteen,3,216,18,1080,124.158,155.24,-31.082,-20.022,-2.258,-28.05,1.843,5,slow_drift,Critical
Canteen,3,217,18,1085,123.499,155.174,-31.676,-20.413,-0.659,-28.932,2.13,5,slow_drift,Critical
Canteen,3,218,18,1090,122.593,155.108,-32.515,-20.963,-0.906,-30.015,2.0,5,slow_drift,Critical
Canteen,3,219,18,1095,122.975,155.042,-32.067,-20.683,0.382,-30.746,1.762,5,slow_drift,Critical
Canteen,3,220,18,1100,121.265,154.976,-33.711,-21.752,-1.71,-31.657,1.619,5,slow_drift,Critical
Canteen,3,221,18,1105,121.781,154.909,-33.128,-21.385,0.516,-32.363,0.962,5,slow_drift,Critical
Canteen,3,222,18,1110,119.685,154.843,-35.159,-22.706,-2.096,-33.043,1.267,5,slow_drift,Critical
Canteen,3,223,18,1115,117.918,154.777,-36.859,-23.814,-1.767,-33.906,1.803,5,slow_drift,Critical
Canteen,3,224,18,1120,117.516,154.711,-37.194,-24.041,-0.402,-34.686,2.072,5,slow_drift,Critical
Canteen,3,225,18,1125,117.11,154.645,-37.535,-24.272,-0.406,-35.598,1.884,5,slow_drift,Critical
Canteen,3,226,18,1130,116.469,154.579,-38.109,-24.654,-0.641,-36.331,1.858,5,slow_drift,Critical
Canteen,3,227,18,1135,114.691,154.513,-39.822,-25.773,-1.778,-37.446,1.532,5,slow_drift,Critical
Canteen,3,228,19,1140,114.745,154.447,-39.702,-25.706,0.054,-38.204,1.277,5,slow_drift,Critical
Canteen,3,229,19,1145,114.027,154.381,-40.353,-26.139,-0.718,-38.786,1.336,5,slow_drift,Critical
Canteen,3,230,19,1150,155.159,154.314,0.844,0.547,41.132,-32.446,16.345,5,none,Normal
Canteen,3,231,19,1155,153.305,154.248,-0.944,-0.612,-1.854,-26.348,20.392,5,none,Normal
Canteen,3,232,19,1160,154.027,154.182,-0.156,-0.101,0.722,-20.022,21.848,5,none,Normal
Canteen,3,233,19,1165,153.831,154.116,-0.285,-0.185,-0.196,-13.433,20.609,5,none,Normal
Canteen,3,234,19,1170,152.923,154.05,-1.127,-0.732,-0.908,-7.004,16.353,5,none,Normal
Canteen,3,235,19,1175,154.075,153.984,0.091,0.059,1.152,-0.263,0.717,5,none,Normal
Canteen,3,236,19,1180,154.658,153.919,0.74,0.481,0.583,-0.28,0.686,5,none,Normal
Canteen,3,237,19,1185,154.246,153.853,0.393,0.256,-0.412,-0.057,0.643,5,none,Normal
Canteen,3,238,19,1190,154.198,153.787,0.411,0.267,-0.048,0.037,0.667,5,none,Normal
Canteen,3,239,19,1195,154.915,153.721,1.194,0.777,0.717,0.284,0.786,5,none,Normal
Canteen,3,240,20,1200,154.567,153.655,0.912,0.594,-0.348,0.624,0.401,5,none,Normal
Canteen,3,241,20,1205,152.43,153.589,-1.159,-0.755,-2.137,0.415,0.829,5,none,Normal
Canteen,3,242,20,1210,152.193,153.523,-1.33,-0.866,-0.237,0.07,1.064,5,none,Normal
Canteen,3,243,20,1215,154.605,153.457,1.147,0.748,2.412,0.196,1.151,5,none,Normal
Canteen,3,244,20,1220,153.543,153.391,0.151,0.099,-1.062,0.152,1.146,5,none,Normal
Canteen,3,245,20,1225,153.163,153.326,-0.163,-0.106,-0.38,-0.074,1.027,5,none,Normal
Canteen,3,246,20,1230,152.568,153.26,-0.692,-0.451,-0.595,-0.341,0.923,5,none,Normal
Canteen,3,247,20,1235,153.992,153.194,0.798,0.521,1.424,-0.015,0.922,5,none,Normal
Canteen,3,248,20,1240,153.715,153.128,0.587,0.383,-0.277,0.305,0.674,5,none,Normal
Canteen,3,249,20,1245,153.046,153.062,-0.017,-0.011,-0.669,0.111,0.536,5,none,Normal
Canteen,3,250,20,1250,152.913,152.997,-0.083,-0.054,-0.133,0.072,0.541,5,none,Normal
Canteen,3,251,20,1255,151.931,152.931,-1.0,-0.654,-0.982,-0.068,0.699,5,none,Normal
Canteen,3,252,21,1260,151.694,152.865,-1.171,-0.766,-0.237,-0.148,0.804,5,none,Normal
Canteen,3,253,21,1265,154.181,152.799,1.382,0.904,2.487,-0.05,0.961,5,none,Normal
Canteen,3,254,21,1270,151.923,152.734,-0.811,-0.531,-2.258,-0.283,0.945,5,none,Normal
Canteen,3,255,21,1275,152.273,152.668,-0.395,-0.259,0.35,-0.346,0.936,5,none,Normal
Canteen,3,256,21,1280,151.391,152.602,-1.212,-0.794,-0.882,-0.534,0.985,5,none,Normal
Canteen,3,257,21,1285,151.57,152.537,-0.967,-0.634,0.179,-0.529,0.982,5,none,Normal
Canteen,3,258,21,1290,152.557,152.471,0.086,0.056,0.987,-0.32,0.951,5,none,Normal
Canteen,3,259,21,1295,152.201,152.405,-0.205,-0.134,-0.356,-0.584,0.494,5,none,Normal
Canteen,3,260,21,1300,153.645,152.34,1.305,0.857,1.444,-0.231,0.893,5,none,Normal
Canteen,3,261,21,1305,152.423,152.274,0.149,0.098,-1.222,-0.141,0.901,5,none,Normal
Canteen,3,262,21,1310,151.693,152.209,-0.516,-0.339,-0.73,-0.025,0.771,5,none,Normal
Canteen,3,263,21,1315,152.295,152.143,0.152,0.1,0.602,0.162,0.618,5,none,Normal
Canteen,3,264,22,1320,151.783,152.077,-0.295,-0.194,-0.512,0.098,0.646,5,none,Normal
Canteen,3,265,22,1325,151.304,152.012,-0.708,-0.466,-0.479,0.015,0.721,5,none,Normal
Canteen,3,266,22,1330,153.204,151.946,1.257,0.828,1.9,0.007,0.704,5,none,Normal
Canteen,3,267,22,1335,152.733,151.881,0.852,0.561,-0.471,0.124,0.786,5,none,Normal
Canteen,3,268,22,1340,153.0,151.815,1.185,0.78,0.267,0.407,0.816,5,none,Normal
Canteen,3,269,22,1345,151.694,151.75,-0.056,-0.037,-1.306,0.373,0.833,5,none,Normal
Canteen,3,270,22,1350,151.478,151.684,-0.207,-0.136,-0.216,0.387,0.82,5,none,Normal
Canteen,3,271,22,1355,151.811,151.619,0.193,0.127,0.333,0.537,0.642,5,none,Normal
Canteen,3,272,22,1360,149.428,151.553,-2.126,-1.403,-2.383,-0.026,1.16,5,none,Normal
Canteen,3,273,22,1365,151.388,151.488,-0.1,-0.066,1.96,-0.185,1.078,5,none,Normal
Canteen,3,274,22,1370,151.5,151.423,0.078,0.051,0.112,-0.37,0.872,5,none,Normal
Canteen,3,275,22,1375,150.644,151.357,-0.714,-0.472,-0.856,-0.479,0.866,5,none,Normal
Canteen,3,276,23,1380,150.817,151.292,-0.475,-0.314,0.173,-0.524,0.856,5,none,Normal
Canteen,3,277,23,1385,151.741,151.226,0.514,0.34,0.924,-0.47,0.917,5,none,Normal
Canteen,3,278,23,1390,152.374,151.161,1.213,0.802,0.633,0.086,0.699,5,none,Normal
Canteen,3,279,23,1395,151.978,151.096,0.883,0.584,-0.396,0.25,0.759,5,none,Normal
Canteen,3,280,23,1400,152.466,151.03,1.436,0.95,0.488,0.476,0.889,5,none,Normal
Canteen,3,281,23,1405,150.681,150.965,-0.285,-0.188,-1.785,0.548,0.785,5,none,Normal
Canteen,3,282,23,1410,150.056,150.9,-0.843,-0.559,-0.625,0.486,0.889,5,none,Normal
Canteen,3,283,23,1415,149.96,150.834,-0.874,-0.58,-0.096,0.255,1.047,5,none,Normal
Canteen,3,284,23,1420,150.749,150.769,-0.02,-0.013,0.789,0.05,0.936,5,none,Normal
Canteen,3,285,23,1425,150.914,150.704,0.21,0.139,0.165,-0.063,0.853,5,none,Normal
Canteen,3,286,23,1430,150.635,150.639,-0.003,-0.002,-0.279,-0.302,0.459,5,stuck_sensor,Normal
Canteen,3,287,23,1435,150.623,150.573,0.05,0.033,-0.012,-0.247,0.481,5,stuck_sensor,Normal
Canteen,3,288,0,0,150.643,167.992,-17.349,-10.327,0.02,-2.998,7.041,5,stuck_sensor,Suspected Leak
Canteen,3,289,0,5,150.58,167.923,-17.343,-10.328,-0.063,-5.742,8.988,5,stuck_sensor,Suspected Leak
Canteen,3,290,0,10,150.67,167.854,-17.184,-10.238,0.09,-8.603,9.519,5,stuck_sensor,Suspected Leak
Canteen,3,291,0,15,150.587,167.785,-17.198,-10.25,-0.083,-11.504,8.93,5,stuck_sensor,Suspected Leak
Canteen,3,292,0,20,150.65,167.717,-17.066,-10.176,0.063,-14.348,7.055,5,stuck_sensor,Suspected Leak
Canteen,3,293,0,25,150.667,167.648,-16.981,-10.129,0.017,-17.187,0.147,5,stuck_sensor,Suspected Leak
Canteen,3,294,0,30,150.663,167.579,-16.916,-10.095,-0.004,-17.115,0.157,5,stuck_sensor,Suspected Leak
Canteen,3,295,0,35,150.671,167.51,-16.839,-10.053,0.008,-17.031,0.145,5,stuck_sensor,Suspected Leak
Canteen,3,296,0,40,150.629,167.441,-16.812,-10.041,-0.042,-16.969,0.146,5,stuck_sensor,Suspected Leak
Canteen,3,297,0,45,150.585,167.373,-16.787,-10.03,-0.044,-16.9,0.108,5,stuck_sensor,Suspected Leak
Canteen,3,298,0,50,150.662,167.304,-16.642,-9.947,0.077,-16.83,0.116,5,stuck_sensor,Warning
Canteen,3,299,0,55,150.622,167.235,-16.613,-9.934,-0.04,-16.768,0.118,5,stuck_sensor,Warning
Canteen,3,300,1,60,150.63,167.166,-16.537,-9.892,0.008,-16.705,0.124,5,stuck_sensor,Warning
Canteen,3,301,1,65,150.685,167.098,-16.413,-9.822,0.055,-16.634,0.151,5,stuck_sensor,Warning
Canteen,3,302,1,70,150.689,167.029,-16.34,-9.783,0.004,-16.555,0.162,5,stuck_sensor,Warning
Canteen,3,303,1,75,150.659,166.96,-16.301,-9.763,-0.03,-16.474,0.144,5,stuck_sensor,Warning
Canteen,3,304,1,80,150.649,166.892,-16.243,-9.733,-0.01,-16.408,0.143,5,stuck_sensor,Warning
Canteen,3,305,1,85,150.665,166.823,-16.158,-9.685,0.016,-16.332,0.133,5,stuck_sensor,Warning
Canteen,3,306,1,90,150.57,166.754,-16.184,-9.706,-0.095,-16.273,0.097,5,stuck_sensor,Warning
Canteen,3,307,1,95,150.69,166.686,-15.995,-9.596,0.12,-16.204,0.123,5,stuck_sensor,Warning
Canteen,3,308,1,100,150.594,166.617,-16.023,-9.617,-0.096,-16.151,0.121,5,stuck_sensor,Warning
Canteen,3,309,1,105,150.628,166.548,-15.92,-9.559,0.034,-16.087,0.126,5,stuck_sensor,Warning
Canteen,3,310,1,110,150.652,166.48,-15.827,-9.507,0.024,-16.018,0.137,5,stuck_sensor,Warning
Canteen,3,311,1,115,150.647,166.411,-15.764,-9.473,-0.005,-15.952,0.15,5,stuck_sensor,Warning
Canteen,3,312,2,120,150.622,166.343,-15.72,-9.451,-0.025,-15.875,0.124,5,stuck_sensor,Warning
Canteen,3,313,2,125,150.515,166.274,-15.759,-9.478,-0.107,-15.835,0.115,5,stuck_sensor,Warning
Canteen,3,314,2,130,150.686,166.205,-15.52,-9.338,0.171,-15.752,0.133,5,stuck_sensor,Warning
Canteen,3,315,2,135,150.686,166.137,-15.451,-9.3,0.0,-15.673,0.151,5,stuck_sensor,Warning
Canteen,3,316,2,140,150.606,166.068,-15.463,-9.311,-0.08,-15.613,0.15,5,stuck_sensor,Warning
Canteen,3,317,2,145,150.686,166.0,-15.314,-9.225,0.08,-15.538,0.171,5,stuck_sensor,Warning
Canteen,3,318,2,150,150.721,165.931,-15.211,-9.167,0.035,-15.453,0.188,5,stuck_sensor,Warning
Canteen,3,319,2,155,150.669,165.863,-15.194,-9.16,-0.052,-15.359,0.139,5,stuck_sensor,Warning
Canteen,3,320,2,160,150.646,165.795,-15.148,-9.137,-0.023,-15.297,0.135,5,stuck_sensor,Warning
Canteen,3,321,2,165,150.701,165.726,-15.025,-9.066,0.055,-15.226,0.149,5,stuck_sensor,Warning
Canteen,3,322,2,170,150.602,165.658,-15.056,-9.088,-0.099,-15.158,0.106,5,stuck_sensor,Warning
Canteen,3,323,2,175,150.646,165.589,-14.943,-9.024,0.044,-15.096,0.105,5,stuck_sensor,Warning
Canteen,3,324,3,180,150.635,165.521,-14.885,-8.993,-0.011,-15.042,0.118,5,stuck_sensor,Warning
Canteen,3,325,3,185,150.652,165.452,-14.8,-8.945,0.017,-14.976,0.125,5,stuck_sensor,Warning
Canteen,3,326,3,190,150.608,165.384,-14.777,-8.935,-0.044,-14.914,0.115,5,stuck_sensor,Warning
Canteen,3,327,3,195,150.73,165.316,-14.586,-8.823,0.122,-14.841,0.161,5,stuck_sensor,Warning
Canteen,3,328,3,200,150.59,165.247,-14.658,-8.87,-0.14,-14.775,0.134,5,stuck_sensor,Warning
Canteen,3,329,3,205,150.664,165.179,-14.515,-8.787,0.074,-14.704,0.141,5,stuck_sensor,Warning
Canteen,3,330,3,210,150.698,165.111,-14.412,-8.729,0.034,-14.625,0.151,5,stuck_sensor,Warning
Canteen,3,331,3,215,150.583,165.042,-14.459,-8.761,-0.115,-14.568,0.135,5,stuck_sensor,Warning
Canteen,3,332,3,220,150.57,164.974,-14.405,-8.731,-0.013,-14.506,0.101,5,stuck_sensor,Warning
Canteen,3,333,3,225,150.539,164.906,-14.367,-8.712,-0.031,-14.469,0.106,5,stuck_sensor,Warning
Canteen,3,334,3,230,150.613,164.838,-14.225,-8.629,0.074,-14.397,0.099,5,stuck_sensor,Warning
Canteen,3,335,3,235,164.983,164.769,0.213,0.129,14.37,-11.942,5.955,5,none,Normal
Canteen,3,336,4,240,164.399,164.701,-0.302,-0.183,-0.584,-9.591,7.397,5,none,Normal
Canteen,3,337,4,245,164.444,164.633,-0.189,-0.115,0.045,-7.212,7.801,5,none,Normal
Canteen,3,338,4,250,164.4,164.565,-0.165,-0.1,-0.044,-4.839,7.327,5,none,Normal
Canteen,3,339,4,255,164.921,164.497,0.424,0.258,0.521,-2.374,5.812,5,none,Normal
Canteen,3,340,4,260,164.43,164.428,0.001,0.001,-0.491,-0.003,0.275,5,none,Normal
Canteen,3,341,4,265,164.809,164.36,0.449,0.273,0.379,0.036,0.325,5,none,Normal
Canteen,3,342,4,270,164.769,164.292,0.477,0.291,-0.04,0.166,0.318,5,none,Normal
Canteen,3,343,4,275,164.205,164.224,-0.019,-0.011,-0.564,0.194,0.286,5,none,Normal
Canteen,3,344,4,280,164.589,164.156,0.433,0.264,0.384,0.294,0.236,5,none,Normal
Canteen,3,345,4,285,164.264,164.088,0.176,0.107,-0.325,0.253,0.23,5,none,Normal
Canteen,3,346,4,290,163.305,164.02,-0.714,-0.436,-0.959,0.134,0.458,5,none,Normal
Canteen,3,347,4,295,162.955,163.952,-0.997,-0.608,-0.35,-0.107,0.613,5,none,Normal
Canteen,3,348,5,300,163.354,163.884,-0.529,-0.323,0.399,-0.275,0.557,5,none,Normal
Canteen,3,349,5,305,164.176,163.815,0.361,0.22,0.822,-0.212,0.611,5,none,Normal
Canteen,3,350,5,310,164.114,163.747,0.366,0.224,-0.062,-0.223,0.597,5,none,Normal
Canteen,3,351,5,315,163.173,163.679,-0.507,-0.31,-0.941,-0.337,0.57,5,none,Normal
Canteen,3,352,5,320,164.414,163.611,0.803,0.491,1.241,-0.084,0.693,5,none,Normal
Canteen,3,353,5,325,163.969,163.543,0.426,0.26,-0.445,0.153,0.545,5,none,Normal
Canteen,3,354,5,330,162.574,163.475,-0.901,-0.551,-1.395,0.091,0.65,5,none,Normal
Canteen,3,355,5,335,163.137,163.408,-0.271,-0.166,0.563,-0.014,0.648,5,none,Normal
Canteen,3,356,5,340,163.005,163.34,-0.334,-0.205,-0.132,-0.131,0.629,5,none,Normal
Canteen,3,357,5,345,164.021,163.272,0.749,0.459,1.016,0.079,0.685,5,none,Normal
Canteen,3,358,5,350,163.909,163.204,0.705,0.432,-0.112,0.062,0.665,5,none,Normal
Canteen,3,359,5,355,162.994,163.136,-0.142,-0.087,-0.915,-0.032,0.643,5,none,Normal
Canteen,3,360,6,360,164.441,163.068,1.373,0.842,1.447,0.347,0.697,5,none,Normal
Canteen,3,361,6,365,162.819,163.0,-0.181,-0.111,-1.622,0.362,0.682,5,none,Normal
Canteen,3,362,6,370,164.263,162.932,1.331,0.817,1.444,0.639,0.681,5,none,Normal
Canteen,3,363,6,375,163.643,162.864,0.779,0.478,-0.62,0.644,0.682,5,none,Normal
Canteen,3,364,6,380,161.357,162.797,-1.439,-0.884,-2.286,0.287,1.086,5,none,Normal
Canteen,3,365,6,385,163.577,162.729,0.849,0.521,2.22,0.452,1.083,5,none,Normal
Canteen,3,366,6,390,162.977,162.661,0.316,0.194,-0.6,0.276,0.984,5,none,Normal
Canteen,3,367,6,395,163.65,162.593,1.057,0.65,0.673,0.482,0.999,5,none,Normal
Canteen,3,368,6,400,162.573,162.525,0.047,0.029,-1.077,0.268,0.915,5,none,Normal
Canteen,3,369,6,405,161.678,162.458,-0.779,-0.48,-0.895,0.009,0.961,5,none,Normal
Canteen,3,370,6,410,163.612,162.39,1.223,0.753,1.934,0.452,0.75,5,none,Normal
Canteen,3,371,6,415,161.687,162.322,-0.635,-0.391,-1.925,0.205,0.833,5,none,Normal
Canteen,3,372,7,420,162.412,162.254,0.157,0.097,0.725,0.178,0.832,5,none,Normal
Canteen,3,373,7,425,162.51,162.187,0.323,0.199,0.098,0.056,0.724,5,none,Normal
Canteen,3,374,7,430,162.351,162.119,0.232,0.143,-0.159,0.087,0.727,5,none,Normal
Canteen,3,375,7,435,161.122,162.051,-0.929,-0.573,-1.229,0.062,0.764,5,none,Normal
Canteen,3,376,7,440,164.701,161.984,2.718,1.678,3.579,0.311,1.285,5,none,Normal
Canteen,3,377,7,445,162.831,161.916,0.915,0.565,-1.87,0.569,1.21,5,none,Normal
Canteen,3,378,7,450,162.186,161.848,0.338,0.209,-0.645,0.6,1.2,5,none,Normal
Canteen,3,379,7,455,161.763,161.781,-0.018,-0.011,-0.423,0.543,1.224,5,none,Normal
Canteen,3,380,7,460,161.618,161.713,-0.095,-0.059,-0.145,0.488,1.248,5,none,Normal
Canteen,3,381,7,465,161.178,161.646,-0.467,-0.289,-0.44,0.565,1.153,5,none,Normal
Canteen,3,382,7,470,160.874,161.578,-0.704,-0.436,-0.304,-0.005,0.579,5,none,Normal
Canteen,3,383,7,475,160.346,161.51,-1.165,-0.721,-0.528,-0.352,0.539,5,none,Normal
Canteen,3,384,8,480,161.239,161.443,-0.203,-0.126,0.893,-0.442,0.436,5,none,Normal
Canteen,3,385,8,485,160.942,161.375,-0.433,-0.268,-0.297,-0.511,0.385,5,none,Normal
Canteen,3,386,8,490,162.602,161.308,1.294,0.802,1.66,-0.28,0.837,5,none,Normal
Canteen,3,387,8,495,163.201,161.24,1.96,1.216,0.599,0.125,1.225,5,none,Normal
Canteen,3,388,8,500,161.275,161.173,0.102,0.063,-1.926,0.259,1.158,5,none,Normal
Canteen,3,389,8,505,161.713,161.105,0.608,0.377,0.438,0.555,0.925,5,none,Normal
Canteen,3,390,8,510,160.491,161.038,-0.547,-0.34,-1.222,0.497,0.99,5,none,Normal
Canteen,3,391,8,515,161.993,160.97,1.022,0.635,1.502,0.74,0.889,5,none,Normal
Canteen,3,392,8,520,160.194,160.903,-0.709,-0.441,-1.799,0.406,1.008,5,none,Normal
Canteen,3,393,8,525,159.808,160.835,-1.027,-0.639,-0.386,-0.092,0.804,5,none,Normal
Canteen,3,394,8,530,160.714,160.768,-0.054,-0.033,0.906,-0.118,0.799,5,none,Normal
Canteen,3,395,8,535,160.466,160.701,-0.235,-0.146,-0.248,-0.258,0.715,5,none,Normal
Canteen,3,396,9,540,160.276,160.633,-0.357,-0.222,-0.19,-0.227,0.704,5,none,Normal
Canteen,3,397,9,545,160.661,160.566,0.095,0.059,0.385,-0.381,0.42,5,none,Normal
Canteen,3,398,9,550,160.144,160.499,-0.355,-0.221,-0.517,-0.322,0.388,5,none,Normal
Canteen,3,399,9,555,161.078,160.431,0.646,0.403,0.934,-0.043,0.381,5,none,Normal
Canteen,3,400,9,560,162.074,160.364,1.71,1.066,0.996,0.251,0.81,5,none,Normal
Canteen,3,401,9,565,160.878,160.297,0.581,0.363,-1.196,0.387,0.78,5,none,Normal
Canteen,3,402,9,570,159.461,160.229,-0.769,-0.48,-1.417,0.318,0.872,5,none,Normal
Canteen,3,403,9,575,160.259,160.162,0.097,0.06,0.798,0.318,0.872,5,none,Normal
Canteen,3,404,9,580,159.88,160.095,-0.215,-0.134,-0.379,0.342,0.852,5,none,Normal
Canteen,3,405,9,585,160.185,160.028,0.157,0.098,0.305,0.26,0.84,5,none,Normal
Canteen,3,406,9,590,159.463,159.96,-0.497,-0.311,-0.722,-0.108,0.487,5,none,Normal
Canteen,3,407,9,595,159.588,159.893,-0.305,-0.191,0.125,-0.255,0.352,5,none,Normal
Canteen,3,408,10,600,159.771,159.826,-0.054,-0.034,0.183,-0.136,0.25,5,none,Normal
Canteen,3,409,10,605,160.734,159.759,0.975,0.611,0.963,0.01,0.522,5,none,Normal
Canteen,3,410,10,610,161.446,159.691,1.754,1.098,0.712,0.338,0.861,5,none,Normal
Canteen,3,411,10,615,158.877,159.624,-0.747,-0.468,-2.569,0.188,0.971,5,none,Normal
Canteen,3,412,10,620,159.744,159.557,0.187,0.117,0.867,0.302,0.913,5,none,Normal
Canteen,3,413,10,625,160.172,159.49,0.682,0.427,0.428,0.466,0.87,5,none,Normal
Canteen,3,414,10,630,158.473,159.423,-0.95,-0.596,-1.699,0.317,1.038,5,none,Normal
Canteen,3,415,10,635,159.316,159.356,-0.039,-0.025,0.843,0.148,0.991,5,none,Normal
Canteen,3,416,10,640,160.06,159.289,0.772,0.484,0.744,-0.016,0.715,5,none,Normal
Canteen,3,417,10,645,158.117,159.222,-1.104,-0.694,-1.943,-0.075,0.798,5,none,Normal
Canteen,3,418,10,650,158.031,159.154,-1.123,-0.706,-0.086,-0.294,0.886,5,none,Normal
Canteen,3,419,10,655,159.929,159.087,0.841,0.529,1.898,-0.267,0.923,5,none,Normal
Canteen,3,420,11,660,158.458,159.02,-0.562,-0.354,-1.471,-0.202,0.878,5,none,Normal
Canteen,3,421,11,665,159.34,158.953,0.387,0.243,0.882,-0.131,0.911,5,none,Normal
Canteen,3,422,11,670,157.638,158.886,-1.249,-0.786,-1.702,-0.468,0.883,5,none,Normal
Canteen,3,423,11,675,159.013,158.819,0.194,0.122,1.375,-0.252,0.854,5,none,Normal
Canteen,3,424,11,680,158.619,158.752,-0.133,-0.084,-0.394,-0.087,0.741,5,none,Normal
Canteen,3,425,11,685,159.109,158.685,0.423,0.267,0.49,-0.157,0.65,5,none,Normal
Canteen,3,426,11,690,159.216,158.618,0.597,0.377,0.107,0.037,0.677,5,none,Normal
Canteen,3,427,11,695,158.334,158.551,-0.218,-0.137,-0.882,-0.064,0.659,5,none,Normal
Canteen,3,428,11,700,158.713,158.485,0.229,0.144,0.379,0.182,0.314,5,none,Normal
Canteen,3,429,11,705,156.617,158.418,-1.801,-1.137,-2.096,-0.15,0.867,5,none,Normal
Canteen,3,430,11,710,159.514,158.351,1.164,0.735,2.897,0.066,1.021,5,none,Normal
Canteen,3,431,11,715,159.454,158.284,1.17,0.739,-0.06,0.19,1.114,5,none,Normal
Canteen,3,432,12,720,204.489,158.217,46.272,29.246,45.035,7.803,18.878,5,spike,Critical
Canteen,3,433,12,725,203.439,158.15,45.289,28.637,-1.05,15.387,23.57,5,spike,Critical
Canteen,3,434,12,730,204.529,158.083,46.446,29.381,1.09,23.09,25.126,5,spike,Critical
Canteen,3,435,12,735,206.32,158.016,48.303,30.568,1.791,31.441,23.47,5,spike,Critical
Canteen,3,436,12,740,203.986,157.95,46.036,29.146,-2.334,38.919,18.52,5,spike,Critical
Canteen,3,437,12,745,205.61,157.883,47.728,30.23,1.624,46.679,1.123,5,spike,Critical
Canteen,3,438,12,750,204.965,157.816,47.149,29.876,-0.645,46.825,1.116,5,spike,Critical
Canteen,3,439,12,755,205.555,157.749,47.806,30.305,0.59,47.245,0.869,5,spike,Critical
Canteen,3,440,12,760,205.609,157.683,47.927,30.394,0.054,47.492,0.805,5,spike,Critical
Canteen,3,441,12,765,206.921,157.616,49.306,31.282,1.312,47.659,1.068,5,spike,Critical
Canteen,3,442,12,770,206.121,157.549,48.572,30.83,-0.8,48.081,0.753,5,spike,Critical
Canteen,3,443,12,775,204.826,157.482,47.343,30.063,-1.295,48.017,0.804,5,spike,Critical
Canteen,3,444,13,780,204.336,157.416,46.921,29.807,-0.49,47.979,0.857,5,spike,Critical
Canteen,3,445,13,785,204.367,157.349,47.018,29.881,0.031,47.848,0.944,5,spike,Critical
Canteen,3,446,13,790,205.223,157.282,47.941,30.481,0.856,47.85,0.945,5,spike,Critical
Canteen,3,447,13,795,202.309,157.216,45.093,28.682,-2.914,47.148,1.182,5,spike,Critical
Canteen,3,448,13,800,203.114,157.149,45.965,29.249,0.805,46.714,1.022,5,spike,Critical
Canteen,3,449,13,805,202.82,157.082,45.738,29.117,-0.294,46.446,1.035,5,spike,Critical
Canteen,3,450,13,810,202.7,157.016,45.685,29.096,-0.12,46.24,1.044,5,spike,Critical
Canteen,3,451,13,815,203.206,156.949,46.257,29.473,0.506,46.113,0.975,5,spike,Critical
Canteen,3,452,13,820,204.044,156.882,47.162,30.062,0.838,45.983,0.694,5,spike,Critical
Canteen,3,453,13,825,204.943,156.816,48.127,30.69,0.899,46.489,0.967,5,spike,Critical
Canteen,3,454,13,830,203.378,156.749,46.628,29.747,-1.565,46.6,0.932,5,spike,Critical
Canteen,3,455,13,835,201.691,156.683,45.008,28.725,-1.687,46.478,1.1,5,spike,Critical
Canteen,3,456,14,840,204.313,156.616,47.696,30.454,2.622,46.813,1.116,5,spike,Critical
Canteen,3,457,14,845,201.943,156.55,45.393,28.996,-2.37,46.669,1.25,5,spike,Critical
Canteen,3,458,14,850,203.473,156.483,46.99,30.029,1.53,46.64,1.238,5,spike,Critical
Canteen,3,459,14,855,204.256,156.417,47.839,30.584,0.783,46.592,1.173,5,spike,Critical
Canteen,3,460,14,860,202.884,156.35,46.534,29.763,-1.372,46.577,1.173,5,spike,Critical
Canteen,3,461,14,865,200.918,156.284,44.634,28.56,-1.966,46.514,1.278,5,spike,Critical
Canteen,3,462,14,870,202.624,156.217,46.407,29.706,1.706,46.3,1.141,5,spike,Critical
Canteen,3,463,14,875,203.386,156.151,47.235,30.249,0.762,46.607,1.095,5,spike,Critical
Canteen,3,464,14,880,202.281,156.085,46.196,29.597,-1.105,46.474,1.088,5,spike,Critical
Canteen,3,465,14,885,203.453,156.018,47.435,30.404,1.172,46.407,0.995,5,spike,Critical
Canteen,3,466,14,890,204.017,155.952,48.065,30.82,0.564,46.662,1.207,5,spike,Critical
Canteen,3,467,14,895,203.448,155.885,47.562,30.511,-0.569,47.15,0.715,5,spike,Critical
Canteen,3,468,15,900,199.743,155.819,43.925,28.189,-3.705,46.736,1.509,5,spike,Critical
Canteen,3,469,15,905,201.797,155.753,46.044,29.562,2.054,46.538,1.508,5,spike,Critical
Canteen,3,470,15,910,203.177,155.686,47.49,30.504,1.38,46.754,1.542,5,spike,Critical
Canteen,3,471,15,915,202.299,155.62,46.679,29.996,-0.878,46.628,1.505,5,spike,Critical
Canteen,3,472,15,920,202.171,155.554,46.618,29.969,-0.128,46.386,1.335,5,spike,Critical
Canteen,3,473,15,925,202.586,155.487,47.099,30.291,0.415,46.309,1.265,5,spike,Critical
Canteen,3,474,15,930,200.866,155.421,45.445,29.24,-1.72,46.562,0.732,5,spike,Critical
Canteen,3,475,15,935,202.396,155.355,47.041,30.28,1.53,46.729,0.704,5,spike,Critical
Canteen,3,476,15,940,203.13,155.289,47.841,30.808,0.734,46.787,0.789,5,spike,Critical
Canteen,3,477,15,945,200.883,155.222,45.661,29.417,-2.247,46.618,0.916,5,spike,Critical
Canteen,3,478,15,950,201.192,155.156,46.036,29.67,0.309,46.52,0.947,5,spike,Critical
Canteen,3,479,15,955,202.367,155.09,47.277,30.484,1.175,46.55,0.971,5,spike,Critical
Canteen,3,480,16,960,201.632,155.024,46.609,30.066,-0.735,46.744,0.808,5,spike,Critical
Canteen,3,481,16,965,156.193,154.958,1.235,0.797,-45.439,39.11,18.572,5,none,Normal
Canteen,3,482,16,970,154.784,154.891,-0.108,-0.07,-1.409,31.118,23.678,5,none,Normal
Canteen,3,483,16,975,154.708,154.825,-0.117,-0.075,-0.076,23.489,25.37,5,none,Normal
Canteen,3,484,16,980,154.982,154.759,0.223,0.144,0.274,15.853,24.088,5,none,Normal
Canteen,3,485,16,985,155.142,154.693,0.449,0.29,0.16,8.049,18.897,5,none,Normal
Canteen,3,486,16,990,155.505,154.627,0.879,0.568,0.363,0.427,0.544,5,none,Normal
Canteen,3,487,16,995,154.678,154.561,0.117,0.076,-0.827,0.241,0.378,5,none,Normal
Canteen,3,488,16,1000,152.897,154.495,-1.598,-1.034,-1.781,-0.008,0.849,5,none,Normal
Canteen,3,489,16,1005,153.825,154.429,-0.604,-0.391,0.928,-0.089,0.884,5,none,Normal
Canteen,3,490,16,1010,154.587,154.363,0.225,0.146,0.762,-0.089,0.884,5,none,Normal
Canteen,3,491,16,1015,153.726,154.296,-0.571,-0.37,-0.861,-0.259,0.858,5,none,Normal
Canteen,3,492,17,1020,154.146,154.23,-0.084,-0.055,0.42,-0.419,0.673,5,none,Normal
Canteen,3,493,17,1025,153.159,154.164,-1.005,-0.652,-0.987,-0.606,0.649,5,none,Normal
Canteen,3,494,17,1030,155.171,154.098,1.073,0.696,2.012,-0.161,0.742,5,none,Normal
Canteen,3,495,17,1035,154.918,154.032,0.886,0.575,-0.253,0.087,0.81,5,none,Normal
Canteen,3,496,17,1040,154.409,153.967,0.443,0.288,-0.509,0.124,0.823,5,none,Normal
Canteen,3,497,17,1045,154.23,153.901,0.33,0.214,-0.179,0.274,0.749,5,none,Normal
Canteen,3,498,17,1050,154.49,153.835,0.656,0.426,0.26,0.397,0.74,5,none,Normal
Canteen,3,499,17,1055,153.365,153.769,-0.403,-0.262,-1.125,0.498,0.519,5,none,Normal
Canteen,3,500,17,1060,151.65,153.703,-2.053,-1.336,-1.715,-0.023,1.086,5,none,Normal
Canteen,3,501,17,1065,152.822,153.637,-0.814,-0.53,1.172,-0.307,1.021,5,none,Normal
Canteen,3,502,17,1070,153.199,153.571,-0.372,-0.242,0.377,-0.443,0.953,5,none,Normal
Canteen,3,503,17,1075,154.151,153.505,0.646,0.421,0.952,-0.39,1.011,5,none,Normal
Canteen,3,504,18,1080,153.028,153.439,-0.412,-0.268,-1.123,-0.568,0.875,5,none,Normal
Canteen,3,505,18,1085,155.497,153.373,2.124,1.385,2.469,-0.147,1.413,5,none,Normal
Canteen,3,506,18,1090,151.563,153.308,-1.744,-1.138,-3.934,-0.095,1.333,5,none,Normal
Canteen,3,507,18,1095,151.513,153.242,-1.729,-1.128,-0.05,-0.248,1.476,5,none,Normal
Canteen,3,508,18,1100,152.98,153.176,-0.196,-0.128,1.467,-0.218,1.475,5,none,Normal
Canteen,3,509,18,1105,153.255,153.11,0.145,0.095,0.275,-0.302,1.43,5,none,Normal
Canteen,3,510,18,1110,152.299,153.044,-0.746,-0.487,-0.956,-0.358,1.442,5,none,Normal
Canteen,3,511,18,1115,153.883,152.979,0.905,0.591,1.584,-0.561,1.056,5,none,Normal
Canteen,3,512,18,1120,152.874,152.913,-0.039,-0.026,-1.009,-0.277,0.891,5,none,Normal
Canteen,3,513,18,1125,151.504,152.847,-1.343,-0.879,-1.37,-0.212,0.771,5,none,Normal
Canteen,3,514,18,1130,152.678,152.781,-0.103,-0.068,1.174,-0.197,0.772,5,none,Normal
Canteen,3,515,18,1135,151.642,152.716,-1.074,-0.703,-1.036,-0.4,0.823,5,none,Normal
Canteen,3,516,19,1140,153.313,152.65,0.663,0.434,1.671,-0.165,0.902,5,none,Normal
Canteen,3,517,19,1145,153.135,152.584,0.55,0.361,-0.178,-0.224,0.826,5,none,Normal
Canteen,3,518,19,1150,151.391,152.519,-1.128,-0.74,-1.744,-0.406,0.894,5,none,Normal
Canteen,3,519,19,1155,152.029,152.453,-0.424,-0.278,0.638,-0.253,0.771,5,none,Normal
Canteen,3,520,19,1160,152.455,152.388,0.067,0.044,0.426,-0.224,0.781,5,none,Normal
Canteen,3,521,19,1165,151.467,152.322,-0.855,-0.561,-0.988,-0.188,0.737,5,none,Normal
Canteen,3,522,19,1170,150.743,152.256,-1.514,-0.994,-0.724,-0.551,0.77,5,none,Normal
Canteen,3,523,19,1175,152.454,152.191,0.263,0.173,1.711,-0.598,0.693,5,none,Normal
Canteen,3,524,19,1180,151.445,152.125,-0.68,-0.447,-1.009,-0.524,0.647,5,none,Normal
Canteen,3,525,19,1185,152.101,152.06,0.041,0.027,0.656,-0.446,0.688,5,none,Normal
Canteen,3,526,19,1190,151.815,151.994,-0.179,-0.118,-0.286,-0.487,0.658,5,none,Normal
Canteen,3,527,19,1195,152.268,151.928,0.339,0.223,0.453,-0.288,0.703,5,none,Normal
Canteen,3,528,20,1200,151.999,151.863,0.136,0.09,-0.269,-0.013,0.374,5,none,Normal
Canteen,3,529,20,1205,151.921,151.797,0.123,0.081,-0.078,-0.037,0.357,5,none,Normal
Canteen,3,530,20,1210,150.711,151.732,-1.021,-0.673,-1.21,-0.093,0.484,5,none,Normal
Canteen,3,531,20,1215,152.041,151.667,0.375,0.247,1.33,-0.038,0.521,5,none,Normal
Canteen,3,532,20,1220,151.908,151.601,0.307,0.203,-0.133,0.043,0.532,5,none,Normal
Canteen,3,533,20,1225,151.74,151.536,0.205,0.135,-0.168,0.021,0.52,5,none,Normal
Canteen,3,534,20,1230,150.839,151.47,-0.632,-0.417,-0.901,-0.107,0.577,5,none,Normal
Canteen,3,535,20,1235,150.468,151.405,-0.937,-0.619,-0.371,-0.284,0.65,5,none,Normal
Canteen,3,536,20,1240,151.737,151.339,0.397,0.262,1.269,-0.047,0.583,5,none,Normal
Canteen,3,537,20,1245,150.044,151.274,-1.23,-0.813,-1.693,-0.315,0.706,5,none,Normal
Canteen,3,538,20,1250,153.091,151.209,1.882,1.245,3.047,-0.052,1.142,5,none,Normal
Canteen,3,539,20,1255,151.396,151.143,0.252,0.167,-1.695,-0.045,1.144,5,none,Normal
Canteen,3,540,21,1260,151.761,151.078,0.684,0.452,0.365,0.175,1.135,5,none,Normal
Canteen,3,541,21,1265,150.913,151.013,-0.1,-0.066,-0.848,0.314,1.016,5,none,Normal
Canteen,3,542,21,1270,151.328,150.947,0.381,0.252,0.415,0.312,1.016,5,none,Normal
Canteen,3,543,21,1275,148.927,150.882,-1.955,-1.295,-2.401,0.191,1.252,5,none,Normal
Canteen,3,544,21,1280,150.76,150.817,-0.056,-0.037,1.833,-0.132,0.939,5,none,Normal
Canteen,3,545,21,1285,151.725,150.751,0.973,0.646,0.965,-0.012,1.039,5,none,Normal
Canteen,3,546,21,1290,151.365,150.686,0.679,0.451,-0.36,-0.013,1.038,5,none,Normal
Canteen,3,547,21,1295,149.823,150.621,-0.798,-0.53,-1.542,-0.129,1.088,5,none,Normal
Canteen,3,548,21,1300,150.448,150.556,-0.107,-0.071,0.625,-0.211,1.06,5,none,Normal
Canteen,3,549,21,1305,149.018,150.49,-1.472,-0.978,-1.43,-0.13,0.908,5,none,Normal
Canteen,3,550,21,1310,152.501,150.425,2.076,1.38,3.483,0.225,1.283,5,none,Normal
Canteen,3,551,21,1315,149.184,150.36,-1.176,-0.782,-3.317,-0.133,1.331,5,none,Normal
Canteen,3,552,22,1320,152.023,150.295,1.728,1.15,2.839,0.042,1.515,5,none,Normal
Canteen,3,553,22,1325,150.64,150.23,0.411,0.273,-1.383,0.243,1.461,5,none,Normal
Canteen,3,554,22,1330,150.415,150.165,0.25,0.167,-0.225,0.303,1.451,5,none,Normal
Canteen,3,555,22,1335,150.112,150.099,0.013,0.009,-0.303,0.55,1.191,5,none,Normal
Canteen,3,556,22,1340,150.33,150.034,0.295,0.197,0.218,0.254,0.928,5,none,Normal
Canteen,3,557,22,1345,150.185,149.969,0.216,0.144,-0.145,0.486,0.622,5,none,Normal
Canteen,3,558,22,1350,149.838,149.904,-0.066,-0.044,-0.347,0.187,0.179,5,none,Normal
Canteen,3,559,22,1355,151.705,149.839,1.866,1.245,1.867,0.429,0.718,5,none,Normal
Canteen,3,560,22,1360,151.869,149.774,2.095,1.399,0.164,0.737,0.975,5,none,Normal
Canteen,3,561,22,1365,149.511,149.709,-0.198,-0.132,-2.358,0.701,1.01,5,none,Normal
Canteen,3,562,22,1370,150.0,149.644,0.356,0.238,0.489,0.712,1.005,5,none,Normal
Canteen,3,563,22,1375,150.165,149.579,0.586,0.392,0.165,0.773,0.98,5,none,Normal
Canteen,3,564,23,1380,149.117,149.514,-0.397,-0.265,-1.048,0.718,1.044,5,none,Normal
Canteen,3,565,23,1385,148.388,149.449,-1.061,-0.71,-0.729,0.23,1.083,5,none,Normal
Canteen,3,566,23,1390,149.254,149.384,-0.13,-0.087,0.866,-0.141,0.582,5,none,Normal
Canteen,3,567,23,1395,149.178,149.319,-0.141,-0.094,-0.076,-0.131,0.581,5,none,Normal
Canteen,3,568,23,1400,149.237,149.254,-0.017,-0.011,0.059,-0.193,0.537,5,none,Normal
Canteen,3,569,23,1405,149.152,149.189,-0.037,-0.025,-0.085,-0.297,0.398,5,none,Normal
Canteen,3,570,23,1410,149.767,149.124,0.643,0.431,0.615,-0.124,0.545,5,none,Normal
Canteen,3,571,23,1415,149.254,149.059,0.195,0.131,-0.513,0.086,0.299,5,none,Normal
Canteen,3,572,23,1420,149.415,148.994,0.421,0.282,0.161,0.177,0.304,5,none,Normal
Canteen,3,573,23,1425,150.483,148.929,1.553,1.043,1.068,0.46,0.596,5,none,Normal
Canteen,3,574,23,1430,149.339,148.864,0.475,0.319,-1.144,0.542,0.549,5,none,Normal
Canteen,3,575,23,1435,149.187,148.8,0.387,0.26,-0.152,0.612,0.483,5,none,Normal
Canteen,3,576,0,0,167.784,167.815,-0.031,-0.019,18.597,0.5,0.548,5,none,Normal
Canteen,3,577,0,5,168.57,167.746,0.824,0.491,0.786,0.605,0.538,5,none,Normal
Canteen,3,578,0,10,168.603,167.677,0.925,0.552,0.033,0.689,0.543,5,none,Normal
Canteen,3,579,0,15,168.433,167.609,0.825,0.492,-0.17,0.568,0.363,5,none,Normal
Canteen,3,580,0,20,129.824,167.54,-37.715,-22.511,-38.609,-5.797,15.64,5,sudden_drop,Critical
Canteen,3,581,0,25,128.581,167.471,-38.89,-23.222,-1.243,-12.344,20.114,5,sudden_drop,Critical
Canteen,3,582,0,30,129.794,167.402,-37.608,-22.466,1.213,-18.606,21.327,5,sudden_drop,Critical
Canteen,3,583,0,35,128.714,167.333,-38.619,-23.079,-1.08,-25.18,20.189,5,sudden_drop,Critical
Canteen,3,584,0,40,129.265,167.265,-38.0,-22.719,0.551,-31.668,15.926,5,sudden_drop,Critical
Canteen,3,585,0,45,129.359,167.196,-37.837,-22.631,0.094,-38.112,0.522,5,sudden_drop,Critical
Canteen,3,586,0,50,126.996,167.127,-40.131,-24.012,-2.363,-38.514,0.928,5,sudden_drop,Critical
Canteen,3,587,0,55,127.542,167.058,-39.517,-23.654,0.546,-38.619,1.011,5,sudden_drop,Critical
Canteen,3,588,1,60,127.241,166.99,-39.749,-23.803,-0.301,-38.976,0.959,5,sudden_drop,Critical
Canteen,3,589,1,65,130.938,166.921,-35.983,-21.557,3.697,-38.536,1.567,5,sudden_drop,Critical
Canteen,3,590,1,70,131.924,166.852,-34.928,-20.934,0.986,-38.024,2.165,5,sudden_drop,Critical
Canteen,3,591,1,75,131.944,166.784,-34.84,-20.889,0.02,-37.525,2.531,5,sudden_drop,Critical
Canteen,3,592,1,80,131.908,166.715,-34.807,-20.878,-0.036,-36.637,2.362,5,sudden_drop,Critical
Canteen,3,593,1,85,131.852,166.646,-34.794,-20.879,-0.056,-35.85,1.964,5,sudden_drop,Critical
Canteen,3,594,1,90,131.878,166.578,-34.7,-20.831,0.026,-35.009,0.483,5,sudden_drop,Critical
Canteen,3,595,1,95,130.671,166.509,-35.839,-21.524,-1.207,-34.985,0.425,5,sudden_drop,Critical
Canteen,3,596,1,100,130.885,166.441,-35.556,-21.363,0.214,-35.089,0.482,5,sudden_drop,Critical
Canteen,3,597,1,105,131.652,166.372,-34.72,-20.869,0.767,-35.069,0.496,5,sudden_drop,Critical
Canteen,3,598,1,110,129.196,166.304,-37.108,-22.313,-2.456,-35.453,0.942,5,sudden_drop,Critical
Canteen,3,599,1,115,131.755,166.235,-34.48,-20.742,2.559,-35.4,0.993,5,sudden_drop,Critical
Canteen,3,600,2,120,130.009,166.166,-36.157,-21.76,-1.746,-35.643,0.965,5,sudden_drop,Critical
Canteen,3,601,2,125,129.781,166.098,-36.317,-21.865,-0.228,-35.723,1.004,5,sudden_drop,Critical
Canteen,3,602,2,130,131.739,166.029,-34.291,-20.653,1.958,-35.512,1.166,5,sudden_drop,Critical
Canteen,3,603,2,135,132.385,165.961,-33.576,-20.231,0.646,-35.321,1.393,5,sudden_drop,Critical
Canteen,3,604,2,140,130.797,165.892,-35.096,-21.156,-1.588,-34.986,1.085,5,sudden_drop,Critical
Canteen,3,605,2,145,130.403,165.824,-35.421,-21.361,-0.394,-35.143,1.065,5,sudden_drop,Critical
Canteen,3,606,2,150,128.275,165.756,-37.48,-22.612,-2.128,-35.363,1.401,5,sudden_drop,Critical
Canteen,3,607,2,155,131.926,165.687,-33.761,-20.376,3.651,-34.937,1.441,5,sudden_drop,Critical
Canteen,3,608,2,160,130.495,165.619,-35.124,-21.208,-1.431,-35.076,1.406,5,sudden_drop,Critical
Canteen,3,609,2,165,131.669,165.55,-33.882,-20.466,1.174,-35.127,1.345,5,sudden_drop,Critical
Canteen,3,610,2,170,130.43,165.482,-35.052,-21.182,-1.239,-35.12,1.345,5,sudden_drop,Critical
Canteen,3,611,2,175,131.247,165.414,-34.167,-20.655,0.817,-34.911,1.386,5,sudden_drop,Critical
Canteen,3,612,3,180,128.684,165.345,-36.662,-22.173,-2.563,-34.775,1.091,5,sudden_drop,Critical
Canteen,3,613,3,185,131.143,165.277,-34.133,-20.652,2.459,-34.837,1.031,5,sudden_drop,Critical
Canteen,3,614,3,190,131.381,165.209,-33.828,-20.476,0.238,-34.621,1.093,5,sudden_drop,Critical
Canteen,3,615,3,195,129.081,165.14,-36.059,-21.836,-2.3,-34.984,1.158,5,sudden_drop,Critical
Canteen,3,616,3,200,131.544,165.072,-33.528,-20.311,2.463,-34.729,1.299,5,sudden_drop,Critical
Canteen,3,617,3,205,129.839,165.004,-35.165,-21.312,-1.705,-34.896,1.276,5,sudden_drop,Critical
Canteen,3,618,3,210,130.366,164.935,-34.57,-20.96,0.527,-34.547,0.938,5,sudden_drop,Critical
Canteen,3,619,3,215,129.256,164.867,-35.611,-21.6,-1.11,-34.794,0.999,5,sudden_drop,Critical
Canteen,3,620,3,220,130.587,164.799,-34.212,-20.76,1.331,-34.857,0.935,5,sudden_drop,Critical
Canteen,3,621,3,225,131.601,164.731,-33.129,-20.111,1.014,-34.369,0.947,5,sudden_drop,Critical
Canteen,3,622,3,230,128.511,164.662,-36.151,-21.955,-3.09,-34.806,1.078,5,sudden_drop,Critical
Canteen,3,623,3,235,130.338,164.594,-34.257,-20.813,1.827,-34.655,1.081,5,sudden_drop,Critical
Canteen,3,624,4,240,128.951,164.526,-35.575,-21.623,-1.387,-34.822,1.141,5,sudden_drop,Critical
Canteen,3,625,4,245,130.679,164.458,-33.779,-20.54,1.728,-34.517,1.133,5,sudden_drop,Critical
Canteen,3,626,4,250,128.903,164.39,-35.486,-21.587,-1.776,-34.73,1.183,5,sudden_drop,Critical
Canteen,3,627,4,255,130.801,164.321,-33.52,-20.399,1.898,-34.795,1.084,5,sudden_drop,Critical
Canteen,3,628,4,260,129.596,164.253,-34.657,-21.1,-1.205,-34.546,0.858,5,sudden_drop,Critical
Canteen,3,629,4,265,129.296,164.185,-34.889,-21.25,-0.3,-34.651,0.854,5,sudden_drop,Critical
Canteen,3,630,4,270,129.252,164.117,-34.865,-21.244,-0.044,-34.533,0.742,5,sudden_drop,Critical
Canteen,3,631,4,275,130.406,164.049,-33.643,-20.508,1.154,-34.51,0.771,5,sudden_drop,Critical
Canteen,3,632,4,280,129.298,163.981,-34.683,-21.151,-1.108,-34.376,0.624,5,sudden_drop,Critical
Canteen,3,633,4,285,129.991,163.913,-33.922,-20.695,0.693,-34.443,0.528,5,sudden_drop,Critical
Canteen,3,634,4,290,130.645,163.845,-33.2,-20.263,0.654,-34.2,0.712,5,sudden_drop,Critical
Canteen,3,635,4,295,128.558,163.777,-35.219,-21.504,-2.087,-34.255,0.785,5,sudden_drop,Critical
Canteen,3,636,5,300,164.171,163.709,0.462,0.282,35.613,-28.367,14.142,5,none,Normal
Canteen,3,637,5,305,164.016,163.641,0.376,0.23,-0.155,-22.698,17.919,5,none,Normal
Canteen,3,638,5,310,164.319,163.573,0.746,0.456,0.303,-16.793,18.985,5,none,Normal
Canteen,3,639,5,315,163.556,163.505,0.051,0.031,-0.763,-11.131,17.89,5,none,Normal
Canteen,3,640,5,320,163.899,163.437,0.462,0.283,0.343,-5.52,14.551,5,none,Normal
Canteen,3,641,5,325,163.288,163.369,-0.081,-0.05,-0.611,0.336,0.302,5,none,Normal
Canteen,3,642,5,330,163.89,163.301,0.589,0.361,0.602,0.357,0.317,5,none,Normal
Canteen,3,643,5,335,162.448,163.233,-0.785,-0.481,-1.442,0.164,0.562,5,none,Normal
Canteen,3,644,5,340,163.105,163.165,-0.06,-0.037,0.657,0.029,0.487,5,none,Normal
Canteen,3,645,5,345,162.181,163.097,-0.916,-0.562,-0.924,-0.132,0.62,5,none,Normal
Canteen,3,646,5,350,162.377,163.029,-0.652,-0.4,0.196,-0.317,0.571,5,none,Normal
Canteen,3,647,5,355,162.972,162.961,0.011,0.007,0.595,-0.302,0.58,5,none,Normal
Canteen,3,648,6,360,161.516,162.894,-1.378,-0.846,-1.456,-0.63,0.529,5,none,Normal
Canteen,3,649,6,365,162.855,162.826,0.029,0.018,1.339,-0.494,0.583,5,none,Normal
Canteen,3,650,6,370,162.604,162.758,-0.154,-0.095,-0.251,-0.51,0.57,5,none,Normal
Canteen,3,651,6,375,162.726,162.69,0.036,0.022,0.122,-0.351,0.567,5,none,Normal
Canteen,3,652,6,380,161.543,162.622,-1.079,-0.663,-1.183,-0.422,0.635,5,none,Normal
Canteen,3,653,6,385,162.181,162.554,-0.374,-0.23,0.638,-0.487,0.601,5,none,Normal
Canteen,3,654,6,390,163.229,162.487,0.742,0.457,1.048,-0.133,0.596,5,none,Normal
Canteen,3,655,6,395,163.094,162.419,0.675,0.415,-0.135,-0.026,0.683,5,none,Normal
Canteen,3,656,6,400,164.072,162.351,1.721,1.06,0.978,0.287,0.978,5,none,Normal
Canteen,3,657,6,405,162.041,162.284,-0.243,-0.15,-2.031,0.24,0.998,5,none,Normal
Canteen,3,658,6,410,162.692,162.216,0.476,0.294,0.651,0.5,0.761,5,none,Normal
Canteen,3,659,6,415,161.254,162.148,-0.894,-0.551,-1.438,0.413,0.898,5,none,Normal
Canteen,3,660,7,420,161.987,162.08,-0.093,-0.057,0.733,0.274,0.901,5,none,Normal
Canteen,3,661,7,425,161.147,162.013,-0.866,-0.535,-0.84,0.017,0.98,5,none,Normal
Canteen,3,662,7,430,162.593,161.945,0.647,0.4,1.446,-0.162,0.649,5,none,Normal
Canteen,3,663,7,435,161.073,161.877,-0.805,-0.497,-1.52,-0.256,0.701,5,none,Normal
Canteen,3,664,7,440,162.649,161.81,0.839,0.519,1.576,-0.195,0.787,5,none,Normal
Canteen,3,665,7,445,161.461,161.742,-0.281,-0.174,-1.188,-0.093,0.715,5,none,Normal
Canteen,3,666,7,450,161.401,161.675,-0.273,-0.169,-0.06,-0.123,0.719,5,none,Normal
Canteen,3,667,7,455,161.004,161.607,-0.603,-0.373,-0.397,-0.079,0.671,5,none,Normal
Canteen,3,668,7,460,161.425,161.539,-0.114,-0.071,0.421,-0.206,0.57,5,none,Normal
Canteen,3,669,7,465,161.699,161.472,0.227,0.141,0.274,-0.034,0.506,5,none,Normal
Canteen,3,670,7,470,160.753,161.404,-0.651,-0.403,-0.946,-0.282,0.325,5,none,Normal
Canteen,3,671,7,475,160.27,161.337,-1.067,-0.661,-0.483,-0.413,0.456,5,none,Normal
Canteen,3,672,8,480,162.483,161.269,1.214,0.752,2.213,-0.166,0.812,5,none,Normal
Canteen,3,673,8,485,162.043,161.202,0.841,0.522,-0.44,0.075,0.869,5,none,Normal
Canteen,3,674,8,490,161.781,161.134,0.647,0.401,-0.262,0.202,0.891,5,none,Normal
Canteen,3,675,8,495,161.491,161.067,0.424,0.263,-0.29,0.235,0.896,5,none,Normal
Canteen,3,676,8,500,160.361,160.999,-0.638,-0.396,-1.13,0.237,0.893,5,none,Normal
Canteen,3,677,8,505,161.403,160.932,0.472,0.293,1.042,0.493,0.624,5,none,Normal
Canteen,3,678,8,510,161.186,160.865,0.322,0.2,-0.217,0.345,0.515,5,none,Normal
Canteen,3,679,8,515,160.99,160.797,0.193,0.12,-0.196,0.237,0.455,5,none,Normal
Canteen,3,680,8,520,162.158,160.73,1.428,0.889,1.168,0.367,0.661,5,none,Normal
Canteen,3,681,8,525,160.029,160.662,-0.633,-0.394,-2.129,0.191,0.774,5,none,Normal
Canteen,3,682,8,530,160.531,160.595,-0.064,-0.04,0.502,0.286,0.681,5,none,Normal
Canteen,3,683,8,535,161.884,160.528,1.357,0.845,1.353,0.434,0.812,5,none,Normal
Canteen,3,684,9,540,160.848,160.46,0.388,0.242,-1.036,0.445,0.811,5,none,Normal
Canteen,3,685,9,545,162.897,160.393,2.504,1.561,2.049,0.83,1.147,5,none,Normal
Canteen,3,686,9,550,160.338,160.326,0.013,0.008,-2.559,0.594,1.144,5,none,Normal
Canteen,3,687,9,555,160.893,160.258,0.635,0.396,0.555,0.806,0.977,5,none,Normal
Canteen,3,688,9,560,160.963,160.191,0.772,0.482,0.07,0.945,0.884,5,none,Normal
Canteen,3,689,9,565,159.432,160.124,-0.692,-0.432,-1.531,0.603,1.069,5,none,Normal
Canteen,3,690,9,570,159.523,160.056,-0.533,-0.333,0.091,0.45,1.168,5,none,Normal
Canteen,3,691,9,575,159.185,159.989,-0.804,-0.503,-0.338,-0.101,0.685,5,none,Normal
Canteen,3,692,9,580,161.665,159.922,1.743,1.09,2.48,0.187,1.023,5,none,Normal
Canteen,3,693,9,585,159.895,159.855,0.04,0.025,-1.77,0.088,1.0,5,none,Normal
Canteen,3,694,9,590,159.595,159.788,-0.193,-0.121,-0.3,-0.073,0.944,5,none,Normal
Canteen,3,695,9,595,160.814,159.72,1.093,0.684,1.219,0.224,0.99,5,none,Normal
Canteen,3,696,10,600,160.09,159.653,0.437,0.274,-0.724,0.386,0.918,5,none,Normal
Canteen,3,697,10,605,159.854,159.586,0.268,0.168,-0.236,0.565,0.724,5,none,Normal
Canteen,3,698,10,610,158.976,159.519,-0.543,-0.341,-0.878,0.184,0.564,5,none,Normal
Canteen,3,699,10,615,159.491,159.452,0.039,0.024,0.515,0.184,0.564,5,none,Normal
Canteen,3,700,10,620,158.459,159.385,-0.926,-0.581,-1.032,0.061,0.72,5,none,Normal
Canteen,3,701,10,625,159.901,159.318,0.584,0.366,1.442,-0.023,0.592,5,none,Normal
Canteen,3,702,10,630,158.711,159.25,-0.539,-0.339,-1.19,-0.186,0.574,5,none,Normal
Canteen,3,703,10,635,158.887,159.183,-0.296,-0.186,0.176,-0.28,0.53,5,none,Normal
Canteen,3,704,10,640,159.2,159.116,0.084,0.053,0.313,-0.176,0.529,5,none,Normal
Canteen,3,705,10,645,160.438,159.049,1.389,0.873,1.238,0.049,0.836,5,none,Normal
Canteen,3,706,10,650,158.005,158.982,-0.977,-0.615,-2.433,0.041,0.849,5,none,Normal
Canteen,3,707,10,655,158.771,158.915,-0.144,-0.091,0.766,-0.08,0.806,5,none,Normal
Canteen,3,708,11,660,159.451,158.848,0.603,0.379,0.68,0.11,0.811,5,none,Normal
Canteen,3,709,11,665,158.048,158.781,-0.733,-0.462,-1.403,0.037,0.872,5,none,Normal
Canteen,3,710,11,670,159.735,158.714,1.021,0.643,1.687,0.193,0.962,5,none,Normal
Canteen,3,711,11,675,159.088,158.647,0.441,0.278,-0.647,0.035,0.788,5,none,Normal
Canteen,3,712,11,680,158.566,158.58,-0.014,-0.009,-0.522,0.196,0.621,5,none,Normal
Canteen,3,713,11,685,158.505,158.513,-0.009,-0.005,-0.061,0.218,0.609,5,none,Normal
Canteen,3,714,11,690,158.808,158.446,0.361,0.228,0.303,0.178,0.586,5,none,Normal
Canteen,3,715,11,695,150.828,158.38,-7.552,-4.768,-7.98,-0.959,3.252,5,slow_drift,Warning
Canteen,3,716,11,700,149.556,158.313,-8.756,-5.531,-1.272,-2.588,4.332,5,slow_drift,Warning
Canteen,3,717,11,705,149.571,158.246,-8.675,-5.482,0.015,-4.107,4.645,5,slow_drift,Warning
Canteen,3,718,11,710,147.943,158.179,-10.236,-6.471,-1.628,-5.811,4.717,5,slow_drift,Warning
Canteen,3,719,11,715,147.909,158.112,-10.203,-6.453,-0.034,-7.51,3.989,5,slow_drift,Warning
Canteen,3,720,12,720,147.834,158.045,-10.211,-6.461,-0.075,-9.272,1.119,5,slow_drift,Warning
Canteen,3,721,12,725,146.884,157.978,-11.094,-7.023,-0.95,-9.862,0.952,5,slow_drift,Warning
Canteen,3,722,12,730,146.078,157.912,-11.833,-7.494,-0.806,-10.375,1.059,5,slow_drift,Warning
Canteen,3,723,12,735,146.405,157.845,-11.44,-7.248,0.327,-10.836,0.718,5,slow_drift,Warning
Canteen,3,724,12,740,145.297,157.778,-12.481,-7.911,-1.108,-11.21,0.904,5,slow_drift,Warning
Canteen,3,725,12,745,144.556,157.711,-13.155,-8.341,-0.741,-11.702,1.039,5,slow_drift,Warning
Canteen,3,726,12,750,143.799,157.644,-13.846,-8.783,-0.757,-12.308,1.055,5,slow_drift,Warning
Canteen,3,727,12,755,143.235,157.578,-14.343,-9.102,-0.564,-12.85,1.138,5,slow_drift,Warning
Canteen,3,728,12,760,143.122,157.511,-14.389,-9.135,-0.113,-13.276,1.159,5,slow_drift,Warning
Canteen,3,729,12,765,141.239,157.444,-16.205,-10.293,-1.883,-14.07,1.276,5,slow_drift,Suspected Leak
Canteen,3,730,12,770,141.459,157.378,-15.919,-10.115,0.22,-14.643,1.189,5,slow_drift,Suspected Leak
Canteen,3,731,12,775,140.43,157.311,-16.881,-10.731,-1.029,-15.264,1.229,5,slow_drift,Suspected Leak
Canteen,3,732,13,780,139.351,157.244,-17.894,-11.38,-1.079,-15.938,1.395,5,slow_drift,Suspected Leak
Canteen,3,733,13,785,138.885,157.178,-18.292,-11.638,-0.466,-16.597,1.423,5,slow_drift,Suspected Leak
Canteen,3,734,13,790,138.442,157.111,-18.669,-11.883,-0.443,-17.31,1.139,5,slow_drift,Suspected Leak
Canteen,3,735,13,795,137.16,157.044,-19.885,-12.662,-1.282,-17.923,1.389,5,slow_drift,Suspected Leak
Canteen,3,736,13,800,137.56,156.978,-19.418,-12.37,0.4,-18.506,1.079,5,slow_drift,Suspected Leak
Canteen,3,737,13,805,136.346,156.911,-20.565,-13.106,-1.214,-19.12,1.015,5,slow_drift,Suspected Leak
Canteen,3,738,13,810,135.826,156.845,-21.018,-13.401,-0.52,-19.641,1.061,5,slow_drift,Suspected Leak
Canteen,3,739,13,815,135.957,156.778,-20.821,-13.281,0.131,-20.063,0.909,5,slow_drift,Suspected Leak
Canteen,3,740,13,820,134.589,156.711,-22.123,-14.117,-1.368,-20.638,0.943,5,slow_drift,Suspected Leak
Canteen,3,741,13,825,134.811,156.645,-21.834,-13.939,0.222,-20.963,0.967,5,slow_drift,Suspected Leak
Canteen,3,742,13,830,132.933,156.578,-23.645,-15.101,-1.878,-21.668,1.14,5,slow_drift,Suspected Leak
Canteen,3,743,13,835,131.959,156.512,-24.552,-15.687,-0.974,-22.332,1.48,5,slow_drift,Suspected Leak
Canteen,3,744,14,840,131.814,156.445,-24.632,-15.745,-0.145,-22.934,1.571,5,slow_drift,Suspected Leak
Canteen,3,745,14,845,129.669,156.379,-26.709,-17.08,-2.145,-23.916,1.808,5,slow_drift,Suspected Leak
Canteen,3,746,14,850,131.273,156.312,-25.04,-16.019,1.604,-24.402,1.611,5,slow_drift,Suspected Leak
Canteen,3,747,14,855,129.477,156.246,-26.768,-17.132,-1.796,-25.224,1.258,5,slow_drift,Suspected Leak
Canteen,3,748,14,860,129.102,156.18,-27.077,-17.337,-0.375,-25.796,1.174,5,slow_drift,Suspected Leak
Canteen,3,749,14,865,129.275,156.113,-26.838,-17.191,0.173,-26.177,1.054,5,slow_drift,Suspected Leak
Canteen,3,750,14,870,128.29,156.047,-27.757,-17.788,-0.985,-26.698,0.899,5,slow_drift,Suspected Leak
Canteen,3,751,14,875,127.328,155.98,-28.653,-18.369,-0.962,-27.022,1.203,5,slow_drift,Suspected Leak
Canteen,3,752,14,880,125.744,155.914,-30.17,-19.35,-1.584,-27.877,1.328,5,slow_drift,Suspected Leak
Canteen,3,753,14,885,127.121,155.848,-28.727,-18.433,1.377,-28.204,1.239,5,slow_drift,Suspected Leak
Canteen,3,754,14,890,126.149,155.781,-29.632,-19.022,-0.972,-28.63,1.213,5,slow_drift,Suspected Leak
Canteen,3,755,14,895,126.324,155.715,-29.39,-18.875,0.175,-29.055,0.854,5,slow_drift,Suspected Leak
Canteen,3,756,15,900,124.109,155.649,-31.539,-20.263,-2.215,-29.685,1.072,5,slow_drift,Critical
Canteen,3,757,15,905,122.971,155.582,-32.611,-20.961,-1.138,-30.345,1.458,5,slow_drift,Critical
Canteen,3,758,15,910,123.817,155.516,-31.699,-20.383,0.846,-30.6,1.552,5,slow_drift,Critical
Canteen,3,759,15,915,122.485,155.45,-32.965,-21.206,-1.332,-31.306,1.492,5,slow_drift,Critical
Canteen,3,760,15,920,122.353,155.383,-33.031,-21.257,-0.132,-31.872,1.37,5,slow_drift,Critical
Canteen,3,761,15,925,122.326,155.317,-32.991,-21.241,-0.027,-32.473,0.68,5,slow_drift,Critical
Canteen,3,762,15,930,120.966,155.251,-34.285,-22.083,-1.36,-32.93,0.833,5,slow_drift,Critical
Canteen,3,763,15,935,120.213,155.185,-34.971,-22.535,-0.753,-33.324,1.149,5,slow_drift,Critical
Canteen,3,764,15,940,119.631,155.118,-35.488,-22.878,-0.582,-33.955,1.118,5,slow_drift,Critical
Canteen,3,765,15,945,117.891,155.052,-37.161,-23.967,-1.74,-34.654,1.589,5,slow_drift,Critical
Canteen,3,766,15,950,118.919,154.986,-36.067,-23.271,1.028,-35.16,1.445,5,slow_drift,Critical
Canteen,3,767,15,955,118.339,154.92,-36.581,-23.613,-0.58,-35.759,1.059,5,slow_drift,Critical
Canteen,3,768,16,960,117.336,154.854,-37.518,-24.228,-1.003,-36.298,0.978,5,slow_drift,Critical
Canteen,3,769,16,965,115.491,154.788,-39.297,-25.387,-1.845,-37.019,1.334,5,slow_drift,Critical
Canteen,3,770,16,970,115.71,154.721,-39.011,-25.214,0.219,-37.606,1.301,5,slow_drift,Critical
Canteen,3,771,16,975,116.03,154.655,-38.626,-24.975,0.32,-37.85,1.337,5,slow_drift,Critical
Canteen,3,772,16,980,114.211,154.589,-40.378,-26.12,-1.819,-38.568,1.346,5,slow_drift,Critical
Canteen,3,773,16,985,114.646,154.523,-39.878,-25.807,0.435,-39.118,1.001,5,slow_drift,Critical
Canteen,3,774,16,990,113.353,154.457,-41.104,-26.612,-1.293,-39.716,0.922,5,slow_drift,Critical
Canteen,3,775,16,995,154.561,154.391,0.17,0.11,41.208,-33.138,16.342,5,none,Normal
Canteen,3,776,16,1000,154.648,154.325,0.323,0.209,0.087,-26.582,20.797,5,none,Normal
Canteen,3,777,16,1005,153.78,154.259,-0.479,-0.311,-0.868,-20.224,22.165,5,none,Normal
Canteen,3,778,16,1010,152.204,154.193,-1.988,-1.29,-1.576,-13.826,20.674,5,none,Normal
Canteen,3,779,16,1015,155.152,154.127,1.025,0.665,2.948,-7.009,16.734,5,none,Normal
Canteen,3,780,17,1020,153.477,154.061,-0.584,-0.379,-1.675,-0.255,1.031,5,none,Normal
Canteen,3,781,17,1025,153.904,153.995,-0.091,-0.059,0.427,-0.299,1.015,5,none,Normal
Canteen,3,782,17,1030,153.607,153.929,-0.322,-0.209,-0.297,-0.406,0.969,5,none,Normal
Canteen,3,783,17,1035,152.802,153.863,-1.061,-0.689,-0.805,-0.503,1.006,5,none,Normal
Canteen,3,784,17,1040,153.758,153.797,-0.039,-0.025,0.956,-0.179,0.698,5,none,Normal
Canteen,3,785,17,1045,154.025,153.731,0.294,0.191,0.267,-0.3,0.474,5,none,Normal
Canteen,3,786,17,1050,152.927,153.665,-0.739,-0.481,-1.098,-0.326,0.497,5,none,Normal
Canteen,3,787,17,1055,151.991,153.599,-1.609,-1.047,-0.936,-0.579,0.698,5,none,Normal
Canteen,3,788,17,1060,153.045,153.533,-0.489,-0.318,1.054,-0.607,0.689,5,none,Normal
Canteen,3,789,17,1065,153.335,153.468,-0.133,-0.087,0.29,-0.452,0.671,5,none,Normal
Canteen,3,790,17,1070,155.795,153.402,2.393,1.56,2.46,-0.047,1.356,5,none,Normal
Canteen,3,791,17,1075,153.778,153.336,0.442,0.288,-2.017,-0.022,1.365,5,none,Normal
Canteen,3,792,18,1080,152.731,153.27,-0.54,-0.352,-1.047,0.011,1.346,5,none,Normal
Canteen,3,793,18,1085,154.324,153.204,1.119,0.731,1.593,0.465,1.133,5,none,Normal
Canteen,3,794,18,1090,154.644,153.139,1.505,0.983,0.32,0.798,1.089,5,none,Normal
Canteen,3,795,18,1095,152.281,153.073,-0.792,-0.517,-2.363,0.688,1.226,5,none,Normal
Canteen,3,796,18,1100,153.042,153.007,0.035,0.023,0.761,0.295,0.907,5,none,Normal
Canteen,3,797,18,1105,153.72,152.941,0.779,0.509,0.678,0.351,0.928,5,none,Normal
Canteen,3,798,18,1110,152.767,152.876,-0.109,-0.071,-0.953,0.423,0.859,5,none,Normal
Canteen,3,799,18,1115,151.085,152.81,-1.725,-1.129,-1.682,-0.051,1.138,5,none,Normal
Canteen,3,800,18,1120,153.252,152.744,0.507,0.332,2.167,-0.217,0.916,5,none,Normal
Canteen,3,801,18,1125,152.053,152.678,-0.626,-0.41,-1.199,-0.19,0.898,5,none,Normal
Canteen,3,802,18,1130,153.214,152.613,0.602,0.394,1.161,-0.095,0.954,5,none,Normal
Canteen,3,803,18,1135,152.392,152.547,-0.155,-0.102,-0.822,-0.251,0.854,5,none,Normal
Canteen,3,804,19,1140,153.187,152.481,0.705,0.463,0.795,-0.115,0.941,5,none,Normal
Canteen,3,805,19,1145,151.751,152.416,-0.665,-0.436,-1.436,0.061,0.625,5,none,Normal
Canteen,3,806,19,1150,152.28,152.35,-0.07,-0.046,0.529,-0.035,0.586,5,none,Normal
Canteen,3,807,19,1155,152.641,152.285,0.356,0.234,0.361,0.129,0.521,5,none,Normal
Canteen,3,808,19,1160,151.62,152.219,-0.599,-0.394,-1.021,-0.071,0.534,5,none,Normal
Canteen,3,809,19,1165,155.147,152.153,2.994,1.968,3.527,0.454,1.353,5,none,Normal
Canteen,3,810,19,1170,151.218,152.088,-0.87,-0.572,-3.929,0.191,1.445,5,none,Normal
Canteen,3,811,19,1175,151.331,152.022,-0.691,-0.454,0.113,0.187,1.448,5,none,Normal
Canteen,3,812,19,1180,152.625,151.957,0.668,0.44,1.294,0.31,1.453,5,none,Normal
Canteen,3,813,19,1185,150.746,151.891,-1.145,-0.754,-1.879,0.06,1.568,5,none,Normal
Canteen,3,814,19,1190,151.46,151.826,-0.365,-0.241,0.714,0.099,1.551,5,none,Normal
Canteen,3,815,19,1195,151.765,151.76,0.005,0.003,0.305,-0.4,0.658,5,none,Normal
Canteen,3,816,20,1200,152.188,151.695,0.494,0.325,0.423,-0.172,0.698,5,none,Normal
Canteen,3,817,20,1205,150.468,151.629,-1.162,-0.766,-1.72,-0.251,0.788,5,none,Normal
Canteen,3,818,20,1210,151.589,151.564,0.026,0.017,1.121,-0.358,0.674,5,none,Normal
Canteen,3,819,20,1215,150.25,151.498,-1.248,-0.824,-1.339,-0.375,0.699,5,none,Normal
Canteen,3,820,20,1220,152.534,151.433,1.101,0.727,2.284,-0.131,0.923,5,none,Normal
Canteen,3,821,20,1225,151.979,151.368,0.612,0.404,-0.555,-0.029,0.973,5,none,Normal
Canteen,3,822,20,1230,150.517,151.302,-0.785,-0.519,-1.462,-0.243,0.976,5,none,Normal
Canteen,3,823,20,1235,152.517,151.237,1.28,0.846,2.0,0.164,1.023,5,none,Normal
Canteen,3,824,20,1240,149.551,151.171,-1.62,-1.072,-2.966,-0.11,1.261,5,none,Normal
Canteen,3,825,20,1245,151.01,151.106,-0.096,-0.064,1.459,0.082,1.134,5,none,Normal
Canteen,3,826,20,1250,150.852,151.041,-0.189,-0.125,-0.158,-0.133,1.019,5,none,Normal
Canteen,3,827,20,1255,151.769,150.975,0.794,0.526,0.917,-0.103,1.048,5,none,Normal
Canteen,3,828,21,1260,151.478,150.91,0.568,0.376,-0.291,0.123,1.017,5,none,Normal
Canteen,3,829,21,1265,149.713,150.845,-1.132,-0.75,-1.765,-0.279,0.942,5,none,Normal
Canteen,3,830,21,1270,151.238,150.779,0.459,0.304,1.525,0.067,0.702,5,none,Normal
Canteen,3,831,21,1275,150.808,150.714,0.094,0.062,-0.43,0.099,0.697,5,none,Normal
Canteen,3,832,21,1280,151.508,150.649,0.859,0.57,0.7,0.274,0.741,5,none,Normal
Canteen,3,833,21,1285,151.616,150.584,1.032,0.685,0.108,0.313,0.779,5,none,Normal
Canteen,3,834,21,1290,152.882,150.518,2.364,1.571,1.266,0.613,1.152,5,none,Normal
Canteen,3,835,21,1295,151.647,150.453,1.194,0.793,-1.235,1.0,0.779,5,none,Normal
Canteen,3,836,21,1300,150.938,150.388,0.55,0.365,-0.709,1.016,0.767,5,none,Normal
Canteen,3,837,21,1305,150.319,150.323,-0.003,-0.002,-0.619,0.999,0.791,5,stuck_sensor,Normal
Canteen,3,838,21,1310,150.28,150.258,0.022,0.015,-0.039,0.86,0.888,5,stuck_sensor,Normal
Canteen,3,839,21,1315,150.282,150.193,0.09,0.06,0.002,0.703,0.934,5,stuck_sensor,Normal
Canteen,3,840,22,1320,150.321,150.127,0.194,0.129,0.039,0.341,0.464,5,stuck_sensor,Normal
Canteen,3,841,22,1325,150.31,150.062,0.248,0.165,-0.011,0.184,0.204,5,stuck_sensor,Normal
Canteen,3,842,22,1330,150.281,149.997,0.283,0.189,-0.029,0.139,0.12,5,stuck_sensor,Normal
Canteen,3,843,22,1335,150.346,149.932,0.413,0.276,0.065,0.208,0.14,5,stuck_sensor,Normal
Canteen,3,844,22,1340,150.333,149.867,0.466,0.311,-0.013,0.282,0.139,5,stuck_sensor,Normal
Canteen,3,845,22,1345,150.398,149.802,0.596,0.398,0.065,0.367,0.152,5,stuck_sensor,Normal
Canteen,3,846,22,1350,150.315,149.737,0.578,0.386,-0.083,0.431,0.145,5,stuck_sensor,Normal
Canteen,3,847,22,1355,150.355,149.672,0.684,0.457,0.04,0.503,0.145,5,stuck_sensor,Normal
Canteen,3,848,22,1360,150.338,149.607,0.731,0.489,-0.017,0.578,0.122,5,stuck_sensor,Normal
Canteen,3,849,22,1365,150.283,149.542,0.742,0.496,-0.055,0.633,0.106,5,stuck_sensor,Normal
Canteen,3,850,22,1370,150.265,149.477,0.788,0.527,-0.018,0.687,0.084,5,stuck_sensor,Normal
Canteen,3,851,22,1375,150.326,149.412,0.914,0.612,0.061,0.74,0.111,5,stuck_sensor,Normal
Canteen,3,852,23,1380,150.306,149.347,0.959,0.642,-0.02,0.803,0.109,5,stuck_sensor,Normal
Canteen,3,853,23,1385,150.283,149.282,1.001,0.67,-0.023,0.856,0.117,5,stuck_sensor,Normal
Canteen,3,854,23,1390,150.406,149.217,1.189,0.797,0.123,0.932,0.16,5,stuck_sensor,Normal
Canteen,3,855,23,1395,150.388,149.152,1.236,0.829,-0.018,1.015,0.17,5,stuck_sensor,Normal
Canteen,3,856,23,1400,150.319,149.087,1.232,0.826,-0.069,1.089,0.147,5,stuck_sensor,Normal
Canteen,3,857,23,1405,150.253,149.022,1.231,0.826,-0.066,1.141,0.127,5,stuck_sensor,Normal
Canteen,3,858,23,1410,150.37,148.957,1.413,0.948,0.117,1.217,0.132,5,stuck_sensor,Normal
Canteen,3,859,23,1415,150.275,148.892,1.382,0.928,-0.095,1.281,0.093,5,stuck_sensor,Normal
Canteen,3,860,23,1420,150.39,148.828,1.562,1.05,0.115,1.343,0.135,5,stuck_sensor,Normal
Canteen,3,861,23,1425,150.355,148.763,1.592,1.07,-0.035,1.402,0.155,5,stuck_sensor,Normal
Canteen,3,862,23,1430,150.375,148.698,1.677,1.128,0.02,1.476,0.164,5,stuck_sensor,Normal
Canteen,3,863,23,1435,150.454,148.633,1.821,1.225,0.079,1.575,0.164,5,stuck_sensor,Normal
Canteen,3,864,0,0,150.351,167.799,-17.447,-10.398,-0.103,-1.569,7.78,5,stuck_sensor,Suspected Leak
Canteen,3,865,0,5,150.316,167.73,-17.413,-10.382,-0.035,-4.701,9.86,5,stuck_sensor,Suspected Leak
Canteen,3,866,0,10,150.413,167.661,-17.248,-10.288,0.097,-7.836,10.443,5,stuck_sensor,Suspected Leak
Canteen,3,867,0,15,150.35,167.592,-17.242,-10.288,-0.063,-10.975,9.857,5,stuck_sensor,Suspected Leak
Canteen,3,868,0,20,150.354,167.523,-17.169,-10.249,0.004,-14.116,7.808,5,stuck_sensor,Suspected Leak
Canteen,3,869,0,25,150.425,167.454,-17.029,-10.169,0.071,-17.258,0.155,5,stuck_sensor,Suspected Leak
Canteen,3,870,0,30,150.321,167.386,-17.065,-10.195,-0.104,-17.194,0.14,5,stuck_sensor,Suspected Leak
Canteen,3,871,0,35,150.42,167.317,-16.897,-10.099,0.099,-17.108,0.137,5,stuck_sensor,Suspected Leak
Canteen,3,872,0,40,150.298,167.248,-16.95,-10.135,-0.122,-17.059,0.13,5,stuck_sensor,Suspected Leak
Canteen,3,873,0,45,150.331,167.179,-16.848,-10.078,0.033,-16.993,0.118,5,stuck_sensor,Suspected Leak
Canteen,3,874,0,50,150.261,167.111,-16.849,-10.083,-0.07,-16.94,0.092,5,stuck_sensor,Suspected Leak
Canteen,3,875,0,55,150.33,167.042,-16.712,-10.005,0.069,-16.887,0.118,5,stuck_sensor,Suspected Leak
Canteen,3,876,1,60,150.298,166.973,-16.675,-9.987,-0.032,-16.822,0.107,5,stuck_sensor,Warning
Canteen,3,877,1,65,166.73,166.905,-0.175,-0.105,16.432,-14.035,6.791,5,none,Normal
Canteen,3,878,1,70,167.419,166.836,0.583,0.35,0.689,-11.113,8.769,5,none,Normal
Canteen,3,879,1,75,167.725,166.767,0.958,0.574,0.306,-8.145,9.428,5,none,Normal
Canteen,3,880,1,80,165.76,166.699,-0.939,-0.563,-1.965,-5.493,8.7,5,none,Normal
Canteen,3,881,1,85,166.327,166.63,-0.303,-0.182,0.567,-2.758,6.851,5,none,Normal
Canteen,3,882,1,90,166.252,166.561,-0.31,-0.186,-0.075,-0.031,0.686,5,none,Normal
Canteen,3,883,1,95,166.198,166.493,-0.295,-0.177,-0.054,-0.051,0.693,5,none,Normal
Canteen,3,884,1,100,166.263,166.424,-0.161,-0.097,0.065,-0.175,0.619,5,none,Normal
Canteen,3,885,1,105,166.469,166.356,0.113,0.068,0.206,-0.316,0.345,5,none,Normal
Canteen,3,886,1,110,166.725,166.287,0.438,0.263,0.256,-0.086,0.304,5,none,Normal
Canteen,3,887,1,115,165.729,166.218,-0.489,-0.294,-0.996,-0.117,0.338,5,none,Normal
Canteen,3,888,2,120,166.835,166.15,0.685,0.412,1.106,0.049,0.45,5,none,Normal
Canteen,3,889,2,125,166.218,166.081,0.137,0.082,-0.617,0.121,0.417,5,none,Normal
Canteen,3,890,2,130,166.228,166.013,0.215,0.13,0.01,0.183,0.394,5,none,Normal
Canteen,3,891,2,135,165.628,165.944,-0.317,-0.191,-0.6,0.112,0.445,5,none,Normal
Canteen,3,892,2,140,166.22,165.876,0.344,0.207,0.592,0.096,0.433,5,none,Normal
Canteen,3,893,2,145,165.134,165.807,-0.673,-0.406,-1.086,0.065,0.486,5,none,Normal
Canteen,3,894,2,150,165.145,165.739,-0.594,-0.358,0.011,-0.148,0.438,5,none,Normal
Canteen,3,895,2,155,166.079,165.671,0.408,0.246,0.934,-0.103,0.485,5,none,Normal
Canteen,3,896,2,160,166.89,165.602,1.288,0.778,0.811,0.076,0.75,5,none,Normal
Canteen,3,897,2,165,165.539,165.534,0.006,0.003,-1.351,0.13,0.728,5,none,Normal
Canteen,3,898,2,170,164.291,165.465,-1.174,-0.71,-1.248,-0.123,0.885,5,none,Normal
Canteen,3,899,2,175,165.508,165.397,0.111,0.067,1.217,0.008,0.845,5,none,Normal
Canteen,3,900,3,180,165.694,165.329,0.365,0.221,0.186,0.167,0.798,5,none,Normal
Canteen,3,901,3,185,164.436,165.26,-0.824,-0.499,-1.258,-0.038,0.878,5,none,Normal
Canteen,3,902,3,190,163.64,165.192,-1.552,-0.94,-0.796,-0.511,0.78,5,none,Normal
Canteen,3,903,3,195,165.187,165.124,0.063,0.038,1.547,-0.502,0.788,5,none,Normal
Canteen,3,904,3,200,165.826,165.055,0.771,0.467,0.639,-0.178,0.853,5,none,Normal
Canteen,3,905,3,205,164.953,164.987,-0.034,-0.021,-0.873,-0.202,0.846,5,none,Normal
Canteen,3,906,3,210,164.565,164.919,-0.354,-0.215,-0.388,-0.322,0.799,5,none,Normal
Canteen,3,907,3,215,163.563,164.851,-1.287,-0.781,-1.002,-0.399,0.876,5,none,Normal
Canteen,3,908,3,220,165.725,164.782,0.943,0.572,2.162,0.017,0.809,5,none,Normal
Canteen,3,909,3,225,164.57,164.714,-0.144,-0.087,-1.155,-0.017,0.811,5,none,Normal
Canteen,3,910,3,230,165.272,164.646,0.626,0.38,0.702,-0.042,0.784,5,none,Normal
Canteen,3,911,3,235,164.778,164.578,0.2,0.121,-0.494,-0.003,0.79,5,none,Normal
Canteen,3,912,4,240,162.478,164.509,-2.031,-1.235,-2.3,-0.282,1.153,5,none,Normal
Canteen,3,913,4,245,164.807,164.441,0.366,0.222,2.329,-0.007,1.058,5,none,Normal
Canteen,3,914,4,250,164.754,164.373,0.381,0.232,-0.053,-0.1,0.979,5,none,Normal
Canteen,3,915,4,255,164.707,164.305,0.402,0.245,-0.047,-0.009,1.0,5,none,Normal
Canteen,3,916,4,260,164.458,164.237,0.221,0.134,-0.249,-0.077,0.961,5,none,Normal
Canteen,3,917,4,265,163.504,164.169,-0.665,-0.405,-0.954,-0.221,0.976,5,none,Normal
Canteen,3,918,4,270,164.388,164.101,0.288,0.175,0.884,0.166,0.412,5,none,Normal
Canteen,3,919,4,275,164.093,164.033,0.061,0.037,-0.295,0.115,0.401,5,none,Normal
Canteen,3,920,4,280,163.562,163.964,-0.403,-0.246,-0.531,-0.016,0.424,5,none,Normal
Canteen,3,921,4,285,163.296,163.896,-0.6,-0.366,-0.266,-0.183,0.424,5,none,Normal
Canteen,3,922,4,290,164.355,163.828,0.526,0.321,1.059,-0.132,0.495,5,none,Normal
Canteen,3,923,4,295,162.78,163.76,-0.981,-0.599,-1.575,-0.185,0.573,5,none,Normal
Canteen,3,924,5,300,163.251,163.692,-0.442,-0.27,0.471,-0.306,0.529,5,none,Normal
Canteen,3,925,5,305,162.403,163.624,-1.221,-0.746,-0.848,-0.52,0.604,5,none,Normal
Canteen,3,926,5,310,162.821,163.556,-0.735,-0.45,0.418,-0.575,0.606,5,none,Normal
Canteen,3,927,5,315,163.36,163.488,-0.129,-0.079,0.539,-0.497,0.632,5,none,Normal
Canteen,3,928,5,320,162.675,163.42,-0.745,-0.456,-0.685,-0.709,0.386,5,none,Normal
Canteen,3,929,5,325,163.406,163.352,0.054,0.033,0.731,-0.536,0.464,5,none,Normal
Canteen,3,930,5,330,163.717,163.284,0.432,0.265,0.311,-0.391,0.613,5,none,Normal
Canteen,3,931,5,335,163.542,163.217,0.326,0.2,-0.175,-0.133,0.51,5,none,Normal
Canteen,3,932,5,340,162.394,163.149,-0.755,-0.463,-1.148,-0.136,0.515,5,none,Normal
Canteen,3,933,5,345,162.308,163.081,-0.773,-0.474,-0.086,-0.243,0.577,5,none,Normal
Canteen,3,934,5,350,162.968,163.013,-0.045,-0.027,0.66,-0.127,0.523,5,none,Normal
Canteen,3,935,5,355,162.296,162.945,-0.649,-0.398,-0.672,-0.244,0.553,5,none,Normal
Canteen,3,936,6,360,161.392,162.877,-1.486,-0.912,-0.904,-0.564,0.632,5,none,Normal
Canteen,3,937,6,365,164.251,162.809,1.441,0.885,2.859,-0.378,1.002,5,none,Normal
Canteen,3,938,6,370,161.817,162.742,-0.925,-0.568,-2.434,-0.406,1.017,5,none,Normal
Canteen,3,939,6,375,163.761,162.674,1.087,0.668,1.944,-0.096,1.157,5,none,Normal
Canteen,3,940,6,380,163.171,162.606,0.565,0.347,-0.59,0.006,1.188,5,none,Normal
Canteen,3,941,6,385,162.374,162.538,-0.164,-0.101,-0.797,0.086,1.151,5,none,Normal
Canteen,3,942,6,390,163.68,162.47,1.21,0.745,1.306,0.536,0.917,5,none,Normal
Canteen,3,943,6,395,161.915,162.403,-0.488,-0.3,-1.765,0.214,0.873,5,none,Normal
Canteen,3,944,6,400,161.382,162.335,-0.953,-0.587,-0.533,0.21,0.88,5,none,Normal
Canteen,3,945,6,405,162.587,162.267,0.32,0.197,1.205,0.082,0.777,5,none,Normal
Canteen,3,946,6,410,162.081,162.199,-0.119,-0.073,-0.506,-0.032,0.741,5,none,Normal
Canteen,3,947,6,415,161.774,162.132,-0.357,-0.22,-0.307,-0.064,0.752,5,none,Normal
Canteen,3,948,7,420,162.229,162.064,0.165,0.102,0.455,-0.239,0.464,5,none,Normal
Canteen,3,949,7,425,161.325,161.996,-0.672,-0.415,-0.904,-0.269,0.489,5,none,Normal
Canteen,3,950,7,430,162.432,161.929,0.503,0.311,1.107,-0.027,0.441,5,none,Normal
Canteen,3,951,7,435,161.288,161.861,-0.573,-0.354,-1.144,-0.175,0.451,5,none,Normal
Canteen,3,952,7,440,163.439,161.793,1.646,1.017,2.151,0.119,0.873,5,none,Normal
Canteen,3,953,7,445,160.694,161.726,-1.032,-0.638,-2.745,0.006,0.983,5,none,Normal
Canteen,3,954,7,450,161.97,161.658,0.312,0.193,1.276,0.031,0.99,5,none,Normal
Canteen,3,955,7,455,161.711,161.591,0.121,0.075,-0.259,0.163,0.928,5,none,Normal
Canteen,3,956,7,460,160.547,161.523,-0.976,-0.604,-1.164,-0.084,1.012,5,none,Normal
Canteen,3,957,7,465,160.978,161.456,-0.478,-0.296,0.431,-0.068,1.004,5,none,Normal
Canteen,3,958,7,470,161.051,161.388,-0.337,-0.209,0.073,-0.398,0.551,5,none,Normal
Canteen,3,959,7,475,161.284,161.321,-0.037,-0.023,0.233,-0.232,0.466,5,none,Normal
Canteen,3,960,8,480,159.292,161.253,-1.961,-1.216,-1.992,-0.611,0.763,5,none,Normal
Canteen,3,961,8,485,160.773,161.186,-0.413,-0.256,1.481,-0.7,0.688,5,none,Normal
Canteen,3,962,8,490,161.299,161.118,0.181,0.112,0.526,-0.507,0.755,5,none,Normal
Canteen,3,963,8,495,161.72,161.051,0.669,0.416,0.421,-0.316,0.896,5,none,Normal
Canteen,3,964,8,500,159.561,160.983,-1.422,-0.883,-2.159,-0.497,1.004,5,none,Normal
Canteen,3,965,8,505,161.015,160.916,0.099,0.062,1.454,-0.474,1.018,5,none,Normal
Canteen,3,966,8,510,161.322,160.848,0.474,0.295,0.307,-0.069,0.759,5,none,Normal
Canteen,3,967,8,515,161.83,160.781,1.05,0.653,0.508,0.175,0.855,5,none,Normal
Canteen,3,968,8,520,160.602,160.713,-0.111,-0.069,-1.228,0.127,0.863,5,none,Normal
Canteen,3,969,8,525,160.57,160.646,-0.076,-0.047,-0.032,0.002,0.822,5,none,Normal
Canteen,3,970,8,530,159.962,160.579,-0.617,-0.384,-0.608,0.137,0.57,5,none,Normal
Canteen,3,971,8,535,161.271,160.511,0.76,0.473,1.309,0.247,0.623,5,none,Normal
Canteen,3,972,9,540,160.947,160.444,0.503,0.314,-0.324,0.252,0.625,5,none,Normal
Canteen,3,973,9,545,162.215,160.377,1.838,1.146,1.268,0.383,0.864,5,none,Normal
Canteen,3,974,9,550,160.975,160.309,0.666,0.415,-1.24,0.512,0.832,5,none,Normal
Canteen,3,975,9,555,160.869,160.242,0.627,0.391,-0.106,0.63,0.781,5,none,Normal
Canteen,3,976,9,560,159.612,160.175,-0.562,-0.351,-1.257,0.639,0.763,5,none,Normal
Canteen,3,977,9,565,158.978,160.107,-1.13,-0.706,-0.634,0.324,1.042,5,none,Normal
Canteen,3,978,9,570,159.995,160.04,-0.046,-0.028,1.017,0.232,1.048,5,none,Normal
Canteen,3,979,9,575,160.044,159.973,0.071,0.044,0.049,-0.062,0.695,5,none,Normal
Canteen,3,980,9,580,158.377,159.906,-1.529,-0.956,-1.667,-0.428,0.804,5,none,Normal
Canteen,3,981,9,585,160.979,159.839,1.14,0.713,2.602,-0.343,0.952,5,none,Normal
Canteen,3,982,9,590,162.044,159.771,2.273,1.422,1.065,0.13,1.413,5,none,Normal
Canteen,3,983,9,595,159.417,159.704,-0.287,-0.18,-2.627,0.27,1.3,5,none,Normal
Canteen,3,984,10,600,158.603,159.637,-1.034,-0.648,-0.814,0.106,1.407,5,none,Normal
Canteen,3,985,10,605,158.456,159.57,-1.114,-0.698,-0.147,-0.092,1.493,5,none,Normal
Canteen,3,986,10,610,161.761,159.503,2.258,1.416,3.305,0.539,1.563,5,none,Normal
Canteen,3,987,10,615,157.398,159.436,-2.038,-1.278,-4.363,0.01,1.834,5,none,Normal
Canteen,3,988,10,620,158.409,159.368,-0.96,-0.602,1.011,-0.529,1.476,5,none,Normal
Canteen,3,989,10,625,158.31,159.301,-0.991,-0.622,-0.099,-0.646,1.48,5,none,Normal
Canteen,3,990,10,630,159.468,159.234,0.234,0.147,1.158,-0.435,1.504,5,none,Normal
Canteen,3,991,10,635,159.59,159.167,0.423,0.266,0.122,-0.179,1.496,5,none,Normal
Canteen,3,992,10,640,159.515,159.1,0.415,0.261,-0.075,-0.486,1.004,5,none,Normal
Canteen,3,993,10,645,158.105,159.033,-0.929,-0.584,-1.41,-0.301,0.725,5,none,Normal
Canteen,3,994,10,650,159.904,158.966,0.938,0.59,1.799,0.015,0.791,5,none,Normal
Canteen,3,995,10,655,158.948,158.899,0.049,0.031,-0.956,0.188,0.623,5,none,Normal
Canteen,3,996,11,660,159.361,158.832,0.529,0.333,0.413,0.238,0.638,5,none,Normal
Canteen,3,997,11,665,159.206,158.765,0.441,0.278,-0.155,0.241,0.639,5,none,Normal
Canteen,3,998,11,670,157.802,158.698,-0.896,-0.565,-1.404,0.022,0.777,5,none,Normal
Canteen,3,999,11,675,159.698,158.631,1.066,0.672,1.896,0.355,0.713,5,none,Normal
Hostel Blocks,0,0,0,0,179.671,179.801,-0.13,-0.072,0.0,-0.13,0.0,5,none,Normal
Hostel Blocks,0,1,0,5,179.318,179.726,-0.408,-0.227,-0.353,-0.269,0.197,5,none,Normal
Hostel Blocks,0,2,0,10,179.262,179.652,-0.391,-0.217,-0.056,-0.31,0.156,5,none,Normal
Hostel Blocks,0,3,0,15,178.385,179.578,-1.192,-0.664,-0.877,-0.53,0.459,5,none,Normal
Hostel Blocks,0,4,0,20,178.984,179.504,-0.52,-0.29,0.599,-0.528,0.398,5,none,Normal
Hostel Blocks,0,5,0,25,178.489,179.429,-0.94,-0.524,-0.495,-0.597,0.393,5,none,Normal
Hostel Blocks,0,6,0,30,180.171,179.355,0.816,0.455,1.682,-0.439,0.693,5,none,Normal
Hostel Blocks,0,7,0,35,178.923,179.281,-0.358,-0.2,-1.248,-0.431,0.694,5,none,Normal
Hostel Blocks,0,8,0,40,178.911,179.207,-0.296,-0.165,-0.012,-0.415,0.696,5,none,Normal
Hostel Blocks,0,9,0,45,178.547,179.133,-0.585,-0.327,-0.364,-0.314,0.598,5,none,Normal
Hostel Blocks,0,10,0,50,178.617,179.059,-0.442,-0.247,0.07,-0.301,0.593,5,none,Normal
Hostel Blocks,0,11,0,55,179.142,178.985,0.158,0.088,0.525,-0.118,0.522,5,none,Normal
Hostel Blocks,0,12,1,60,178.606,178.911,-0.304,-0.17,-0.536,-0.304,0.251,5,none,Normal
Hostel Blocks,0,13,1,65,178.988,178.837,0.152,0.085,0.382,-0.22,0.309,5,none,Normal
Hostel Blocks,0,14,1,70,178.339,178.763,-0.423,-0.237,-0.649,-0.241,0.319,5,none,Normal
Hostel Blocks,0,15,1,75,177.947,178.688,-0.742,-0.415,-0.392,-0.267,0.357,5,none,Normal
Hostel Blocks,0,16,1,80,179.106,178.614,0.491,0.275,1.159,-0.111,0.455,5,none,Normal
Hostel Blocks,0,17,1,85,178.387,178.54,-0.154,-0.086,-0.719,-0.163,0.436,5,none,Normal
Hostel Blocks,0,18,1,90,177.378,178.466,-1.089,-0.61,-1.009,-0.294,0.58,5,none,Normal
Hostel Blocks,0,19,1,95,178.412,178.393,0.02,0.011,1.034,-0.316,0.562,5,none,Normal
Hostel Blocks,0,20,1,100,178.031,178.319,-0.287,-0.161,-0.381,-0.294,0.56,5,none,Normal
Hostel Blocks,0,21,1,105,178.331,178.245,0.087,0.049,0.3,-0.155,0.528,5,none,Normal
Hostel Blocks,0,22,1,110,177.936,178.171,-0.235,-0.132,-0.395,-0.276,0.424,5,none,Normal
Hostel Blocks,0,23,1,115,178.976,178.097,0.879,0.494,1.04,-0.104,0.639,5,none,Normal
Hostel Blocks,0,24,2,120,177.433,178.023,-0.59,-0.331,-1.543,-0.021,0.503,5,none,Normal
Hostel Blocks,0,25,2,125,178.421,177.949,0.472,0.265,0.988,0.054,0.542,5,none,Normal
Hostel Blocks,0,26,2,130,177.536,177.875,-0.339,-0.191,-0.885,0.046,0.549,5,none,Normal
Hostel Blocks,0,27,2,135,176.803,177.801,-0.999,-0.562,-0.733,-0.135,0.693,5,none,Normal
Hostel Blocks,0,28,2,140,178.595,177.728,0.867,0.488,1.792,0.048,0.799,5,none,Normal
Hostel Blocks,0,29,2,145,177.891,177.654,0.238,0.134,-0.704,-0.059,0.703,5,none,Normal
Hostel Blocks,0,30,2,150,177.616,177.58,0.036,0.02,-0.275,0.046,0.653,5,none,Normal
Hostel Blocks,0,31,2,155,178.154,177.506,0.647,0.365,0.538,0.075,0.679,5,none,Normal
Hostel Blocks,0,32,2,160,177.849,177.432,0.417,0.235,-0.305,0.201,0.657,5,none,Normal
Hostel Blocks,0,33,2,165,176.017,177.359,-1.342,-0.756,-1.832,0.144,0.785,5,none,Normal
Hostel Blocks,0,34,2,170,177.253,177.285,-0.031,-0.018,1.236,-0.006,0.7,5,none,Normal
Hostel Blocks,0,35,2,175,176.71,177.211,-0.501,-0.283,-0.543,-0.129,0.714,5,none,Normal
Hostel Blocks,0,36,3,180,177.106,177.137,-0.032,-0.018,0.396,-0.14,0.711,5,none,Normal
Hostel Blocks,0,37,3,185,177.805,177.064,0.742,0.419,0.699,-0.125,0.733,5,none,Normal
Hostel Blocks,0,38,3,190,176.364,176.99,-0.626,-0.353,-1.441,-0.298,0.702,5,none,Normal
Hostel Blocks,0,39,3,195,177.558,176.916,0.641,0.362,1.194,0.032,0.566,5,none,Normal
Hostel Blocks,0,40,3,200,176.669,176.843,-0.174,-0.098,-0.889,0.008,0.572,5,none,Normal
Hostel Blocks,0,41,3,205,177.099,176.769,0.329,0.186,0.43,0.147,0.522,5,none,Normal
Hostel Blocks,0,42,3,210,176.183,176.696,-0.513,-0.29,-0.916,0.066,0.588,5,none,Normal
Hostel Blocks,0,43,3,215,175.977,176.622,-0.645,-0.365,-0.206,-0.165,0.54,5,none,Normal
Hostel Blocks,0,44,3,220,176.799,176.548,0.251,0.142,0.822,-0.019,0.508,5,none,Normal
Hostel Blocks,0,45,3,225,176.412,176.475,-0.063,-0.035,-0.387,-0.136,0.393,5,none,Normal
Hostel Blocks,0,46,3,230,175.434,176.401,-0.967,-0.548,-0.978,-0.268,0.521,5,none,Normal
Hostel Blocks,0,47,3,235,175.897,176.328,-0.43,-0.244,0.463,-0.395,0.432,5,none,Normal
Hostel Blocks,0,48,4,240,176.271,176.254,0.016,0.009,0.374,-0.306,0.456,5,none,Normal
Hostel Blocks,0,49,4,245,177.361,176.181,1.181,0.67,1.09,-0.002,0.719,5,none,Normal
Hostel Blocks,0,50,4,250,176.241,176.107,0.134,0.076,-1.12,-0.022,0.712,5,none,Normal
Hostel Blocks,0,51,4,255,174.875,176.034,-1.159,-0.658,-1.366,-0.204,0.852,5,none,Normal
Hostel Blocks,0,52,4,260,176.686,175.96,0.726,0.413,1.811,0.078,0.828,5,none,Normal
Hostel Blocks,0,53,4,265,175.856,175.887,-0.031,-0.018,-0.83,0.144,0.795,5,none,Normal
Hostel Blocks,0,54,4,270,175.465,175.813,-0.348,-0.198,-0.391,0.084,0.82,5,none,Normal
Hostel Blocks,0,55,4,275,176.636,175.74,0.896,0.51,1.171,0.036,0.749,5,none,Normal
Hostel Blocks,0,56,4,280,175.887,175.667,0.22,0.125,-0.749,0.051,0.752,5,none,Normal
Hostel Blocks,0,57,4,285,176.042,175.593,0.449,0.256,0.155,0.319,0.467,5,none,Normal
Hostel Blocks,0,58,4,290,176.485,175.52,0.965,0.55,0.443,0.358,0.517,5,none,Normal
Hostel Blocks,0,59,4,295,174.694,175.446,-0.753,-0.429,-1.791,0.238,0.683,5,none,Normal
Hostel Blocks,0,60,5,300,135.294,175.373,-40.079,-22.853,-39.4,-6.384,16.519,5,sudden_drop,Critical
Hostel Blocks,0,61,5,305,134.665,175.3,-40.635,-23.18,-0.629,-13.306,20.962,5,sudden_drop,Critical
Hostel Blocks,0,62,5,310,134.203,175.226,-41.023,-23.412,-0.462,-20.179,22.356,5,sudden_drop,Critical
Hostel Blocks,0,63,5,315,133.07,175.153,-42.084,-24.027,-1.133,-27.268,21.221,5,sudden_drop,Critical
Hostel Blocks,0,64,5,320,134.884,175.08,-40.196,-22.958,1.814,-34.128,16.366,5,sudden_drop,Critical
Hostel Blocks,0,65,5,325,135.736,175.007,-39.271,-22.439,0.852,-40.548,0.956,5,sudden_drop,Critical
Hostel Blocks,0,66,5,330,133.141,174.933,-41.792,-23.891,-2.595,-40.834,1.04,5,sudden_drop,Critical
Hostel Blocks,0,67,5,335,134.206,174.86,-40.654,-23.249,1.065,-40.837,1.039,5,sudden_drop,Critical
Hostel Blocks,0,68,5,340,133.552,174.787,-41.235,-23.592,-0.654,-40.872,1.05,5,sudden_drop,Critical
Hostel Blocks,0,69,5,345,139.091,174.714,-35.622,-20.389,5.539,-39.795,2.22,5,sudden_drop,Critical
Hostel Blocks,0,70,5,350,137.415,174.641,-37.225,-21.315,-1.676,-39.3,2.434,5,sudden_drop,Critical
Hostel Blocks,0,71,5,355,137.307,174.567,-37.26,-21.344,-0.108,-38.965,2.573,5,sudden_drop,Critical
Hostel Blocks,0,72,6,360,137.363,174.494,-37.131,-21.279,0.056,-38.188,2.23,5,sudden_drop,Critical
Hostel Blocks,0,73,6,365,138.251,174.421,-36.17,-20.737,0.888,-37.441,1.975,5,sudden_drop,Critical
Hostel Blocks,0,74,6,370,137.005,174.348,-37.343,-21.419,-1.246,-36.792,0.718,5,sudden_drop,Critical
Hostel Blocks,0,75,6,375,136.763,174.275,-37.512,-21.524,-0.242,-37.107,0.477,5,sudden_drop,Critical
Hostel Blocks,0,76,6,380,136.574,174.202,-37.627,-21.6,-0.189,-37.174,0.523,5,sudden_drop,Critical
Hostel Blocks,0,77,6,385,138.124,174.129,-36.005,-20.677,1.55,-36.965,0.702,5,sudden_drop,Critical
Hostel Blocks,0,78,6,390,136.832,174.056,-37.224,-21.386,-1.292,-36.98,0.707,5,sudden_drop,Critical
Hostel Blocks,0,79,6,395,135.289,173.983,-38.693,-22.24,-1.543,-37.401,0.862,5,sudden_drop,Critical
Hostel Blocks,0,80,6,400,137.881,173.91,-36.028,-20.717,2.592,-37.182,1.03,5,sudden_drop,Critical
Hostel Blocks,0,81,6,405,137.885,173.837,-35.951,-20.681,0.004,-36.921,1.123,5,sudden_drop,Critical
Hostel Blocks,0,82,6,410,136.67,173.764,-37.094,-21.347,-1.215,-36.832,1.076,5,sudden_drop,Critical
Hostel Blocks,0,83,6,415,136.125,173.691,-37.565,-21.628,-0.545,-37.092,1.024,5,sudden_drop,Critical
Hostel Blocks,0,84,7,420,135.441,173.618,-38.177,-21.989,-0.684,-37.251,1.118,5,sudden_drop,Critical
Hostel Blocks,0,85,7,425,134.116,173.545,-39.429,-22.72,-1.325,-37.374,1.328,5,sudden_drop,Critical
Hostel Blocks,0,86,7,430,137.634,173.472,-35.837,-20.659,3.518,-37.342,1.368,5,sudden_drop,Critical
Hostel Blocks,0,87,7,435,136.237,173.399,-37.162,-21.432,-1.397,-37.544,1.201,5,sudden_drop,Critical
Hostel Blocks,0,88,7,440,135.947,173.326,-37.379,-21.566,-0.29,-37.592,1.186,5,sudden_drop,Critical
Hostel Blocks,0,89,7,445,136.675,173.253,-36.578,-21.112,0.728,-37.427,1.256,5,sudden_drop,Critical
Hostel Blocks,0,90,7,450,138.059,173.18,-35.121,-20.28,1.384,-36.918,1.489,5,sudden_drop,Critical
Hostel Blocks,0,91,7,455,135.629,173.107,-37.478,-21.65,-2.43,-36.592,0.945,5,sudden_drop,Critical
Hostel Blocks,0,92,7,460,137.673,173.034,-35.361,-20.436,2.044,-36.513,1.036,5,sudden_drop,Critical
Hostel Blocks,0,93,7,465,135.984,172.962,-36.978,-21.379,-1.689,-36.482,1.016,5,sudden_drop,Critical
Hostel Blocks,0,94,7,470,136.157,172.889,-36.731,-21.246,0.173,-36.375,0.933,5,sudden_drop,Critical
Hostel Blocks,0,95,7,475,137.396,172.816,-35.42,-20.496,1.239,-36.182,1.0,5,sudden_drop,Critical
Hostel Blocks,0,96,8,480,135.634,172.743,-37.109,-21.482,-1.762,-36.513,0.902,5,sudden_drop,Critical
Hostel Blocks,0,97,8,485,135.082,172.67,-37.588,-21.769,-0.552,-36.531,0.927,5,sudden_drop,Critical
Hostel Blocks,0,98,8,490,137.016,172.598,-35.582,-20.615,1.934,-36.568,0.874,5,sudden_drop,Critical
Hostel Blocks,0,99,8,495,135.506,172.525,-37.019,-21.457,-1.51,-36.575,0.878,5,sudden_drop,Critical
Hostel Blocks,0,100,8,500,132.109,172.452,-40.343,-23.394,-3.397,-37.177,1.781,5,sudden_drop,Critical
Hostel Blocks,0,101,8,505,134.768,172.379,-37.611,-21.819,2.659,-37.542,1.559,5,sudden_drop,Critical
Hostel Blocks,0,102,8,510,135.194,172.307,-37.113,-21.539,0.426,-37.543,1.559,5,sudden_drop,Critical
Hostel Blocks,0,103,8,515,135.028,172.234,-37.206,-21.602,-0.166,-37.479,1.565,5,sudden_drop,Critical
Hostel Blocks,0,104,8,520,135.966,172.161,-36.195,-21.024,0.938,-37.581,1.43,5,sudden_drop,Critical
Hostel Blocks,0,105,8,525,135.589,172.089,-36.5,-21.21,-0.377,-37.495,1.486,5,sudden_drop,Critical
Hostel Blocks,0,106,8,530,137.48,172.016,-34.536,-20.077,1.891,-36.527,1.1,5,sudden_drop,Critical
Hostel Blocks,0,107,8,535,137.167,171.943,-34.776,-20.225,-0.313,-36.054,1.149,5,sudden_drop,Critical
Hostel Blocks,0,108,9,540,134.408,171.871,-37.463,-21.797,-2.759,-36.113,1.221,5,sudden_drop,Critical
Hostel Blocks,0,109,9,545,136.516,171.798,-35.282,-20.537,2.108,-35.792,1.125,5,sudden_drop,Critical
Hostel Blocks,0,110,9,550,134.701,171.726,-37.025,-21.56,-1.815,-35.93,1.23,5,sudden_drop,Critical
Hostel Blocks,0,111,9,555,135.106,171.653,-36.547,-21.291,0.405,-35.938,1.235,5,sudden_drop,Critical
Hostel Blocks,0,112,9,560,135.916,171.581,-35.665,-20.786,0.81,-36.126,1.051,5,sudden_drop,Critical
Hostel Blocks,0,113,9,565,134.573,171.508,-36.936,-21.536,-1.343,-36.486,0.846,5,sudden_drop,Critical
Hostel Blocks,0,114,9,570,170.356,171.436,-1.079,-0.63,35.783,-30.422,14.392,5,none,Normal
Hostel Blocks,0,115,9,575,171.587,171.363,0.223,0.13,1.231,-24.505,18.661,5,none,Normal
Hostel Blocks,0,116,9,580,170.732,171.291,-0.559,-0.326,-0.855,-18.427,19.678,5,none,Normal
Hostel Blocks,0,117,9,585,172.151,171.218,0.933,0.545,1.419,-12.18,18.7,5,none,Normal
Hostel Blocks,0,118,9,590,170.182,171.146,-0.964,-0.563,-1.969,-6.397,14.98,5,none,Normal
Hostel Blocks,0,119,9,595,170.313,171.073,-0.761,-0.445,0.131,-0.368,0.787,5,none,Normal
Hostel Blocks,0,120,10,600,172.355,171.001,1.354,0.792,2.042,0.038,0.956,5,none,Normal
Hostel Blocks,0,121,10,605,170.84,170.928,-0.088,-0.052,-1.515,-0.014,0.952,5,none,Normal
Hostel Blocks,0,122,10,610,172.881,170.856,2.025,1.185,2.041,0.417,1.207,5,none,Normal
Hostel Blocks,0,123,10,615,169.52,170.784,-1.264,-0.74,-3.361,0.05,1.344,5,none,Normal
Hostel Blocks,0,124,10,620,170.956,170.711,0.245,0.143,1.436,0.252,1.249,5,none,Normal
Hostel Blocks,0,125,10,625,171.469,170.639,0.83,0.487,0.513,0.517,1.156,5,none,Normal
Hostel Blocks,0,126,10,630,169.967,170.567,-0.599,-0.351,-1.502,0.192,1.148,5,none,Normal
Hostel Blocks,0,127,10,635,167.804,170.494,-2.691,-1.578,-2.163,-0.242,1.655,5,none,Normal
Hostel Blocks,0,128,10,640,169.362,170.422,-1.06,-0.622,1.558,-0.756,1.236,5,none,Normal
Hostel Blocks,0,129,10,645,170.288,170.35,-0.062,-0.036,0.926,-0.556,1.235,5,none,Normal
Hostel Blocks,0,130,10,650,170.109,170.277,-0.169,-0.099,-0.179,-0.625,1.192,5,none,Normal
Hostel Blocks,0,131,10,655,170.025,170.205,-0.181,-0.106,-0.084,-0.794,1.001,5,none,Normal
Hostel Blocks,0,132,11,660,170.838,170.133,0.705,0.415,0.813,-0.576,1.178,5,none,Normal
Hostel Blocks,0,133,11,665,169.808,170.061,-0.252,-0.148,-1.03,-0.17,0.561,5,none,Normal
Hostel Blocks,0,134,11,670,169.671,169.989,-0.318,-0.187,-0.137,-0.046,0.378,5,none,Normal
Hostel Blocks,0,135,11,675,169.678,169.916,-0.239,-0.14,0.007,-0.076,0.386,5,none,Normal
Hostel Blocks,0,136,11,680,170.394,169.844,0.55,0.324,0.716,0.044,0.457,5,none,Normal
Hostel Blocks,0,137,11,685,169.823,169.772,0.05,0.03,-0.571,0.083,0.443,5,none,Normal
Hostel Blocks,0,138,11,690,169.559,169.7,-0.141,-0.083,-0.264,-0.058,0.324,5,none,Normal
Hostel Blocks,0,139,11,695,169.965,169.628,0.337,0.199,0.406,0.04,0.343,5,none,Normal
Hostel Blocks,0,140,11,700,169.271,169.556,-0.285,-0.168,-0.694,0.045,0.336,5,none,Normal
Hostel Blocks,0,141,11,705,169.0,169.484,-0.484,-0.285,-0.271,0.005,0.388,5,none,Normal
Hostel Blocks,0,142,11,710,169.676,169.411,0.265,0.156,0.676,-0.043,0.32,5,none,Normal
Hostel Blocks,0,143,11,715,169.049,169.339,-0.29,-0.171,-0.627,-0.1,0.33,5,none,Normal
Hostel Blocks,0,144,12,720,170.031,169.267,0.763,0.451,0.982,0.051,0.48,5,none,Normal
Hostel Blocks,0,145,12,725,170.141,169.195,0.946,0.559,0.11,0.153,0.601,5,none,Normal
Hostel Blocks,0,146,12,730,168.218,169.123,-0.905,-0.535,-1.923,0.049,0.731,5,none,Normal
Hostel Blocks,0,147,12,735,169.944,169.051,0.893,0.528,1.726,0.279,0.746,5,none,Normal
Hostel Blocks,0,148,12,740,169.052,168.979,0.073,0.043,-0.892,0.247,0.751,5,none,Normal
Hostel Blocks,0,149,12,745,169.243,168.907,0.336,0.199,0.191,0.351,0.703,5,none,Normal
Hostel Blocks,0,150,12,750,169.016,168.835,0.181,0.107,-0.227,0.254,0.675,5,none,Normal
Hostel Blocks,0,151,12,755,169.433,168.763,0.669,0.397,0.417,0.208,0.625,5,none,Normal
Hostel Blocks,0,152,12,760,169.779,168.692,1.087,0.645,0.346,0.54,0.407,5,none,Normal
Hostel Blocks,0,153,12,765,169.418,168.62,0.799,0.474,-0.361,0.524,0.392,5,none,Normal
Hostel Blocks,0,154,12,770,168.731,168.548,0.183,0.109,-0.687,0.543,0.369,5,none,Normal
Hostel Blocks,0,155,12,775,168.576,168.476,0.1,0.059,-0.155,0.503,0.406,5,none,Normal
Hostel Blocks,0,156,13,780,168.895,168.404,0.491,0.292,0.319,0.555,0.376,5,none,Normal
Hostel Blocks,0,157,13,785,169.364,168.332,1.032,0.613,0.469,0.615,0.424,5,none,Normal
Hostel Blocks,0,158,13,790,166.773,168.26,-1.488,-0.884,-2.591,0.186,0.894,5,none,Normal
Hostel Blocks,0,159,13,795,169.46,168.188,1.271,0.756,2.687,0.265,0.976,5,none,Normal
Hostel Blocks,0,160,13,800,168.949,168.117,0.832,0.495,-0.511,0.373,1.0,5,none,Normal
Hostel Blocks,0,161,13,805,167.384,168.045,-0.661,-0.393,-1.565,0.246,1.086,5,none,Normal
Hostel Blocks,0,162,13,810,167.526,167.973,-0.447,-0.266,0.142,0.09,1.111,5,none,Normal
Hostel Blocks,0,163,13,815,168.379,167.901,0.478,0.285,0.853,-0.002,1.038,5,none,Normal
Hostel Blocks,0,164,13,820,167.1,167.83,-0.729,-0.435,-1.279,0.124,0.85,5,none,Normal
Hostel Blocks,0,165,13,825,167.595,167.758,-0.163,-0.097,0.495,-0.115,0.638,5,none,Normal
Hostel Blocks,0,166,13,830,167.37,167.686,-0.316,-0.188,-0.225,-0.306,0.438,5,none,Normal
Hostel Blocks,0,167,13,835,167.392,167.614,-0.222,-0.132,0.022,-0.233,0.402,5,none,Normal
Hostel Blocks,0,168,14,840,167.429,167.543,-0.114,-0.068,0.037,-0.178,0.39,5,none,Normal
Hostel Blocks,0,169,14,845,165.578,167.471,-1.893,-1.131,-1.851,-0.573,0.683,5,none,Normal
Hostel Blocks,0,170,14,850,166.813,167.399,-0.586,-0.35,1.235,-0.549,0.679,5,none,Normal
Hostel Blocks,0,171,14,855,168.588,167.328,1.261,0.753,1.775,-0.312,1.01,5,none,Normal
Hostel Blocks,0,172,14,860,167.654,167.256,0.398,0.238,-0.934,-0.193,1.05,5,none,Normal
Hostel Blocks,0,173,14,865,166.443,167.185,-0.741,-0.443,-1.211,-0.279,1.074,5,none,Normal
Hostel Blocks,0,174,14,870,166.892,167.113,-0.221,-0.132,0.449,-0.297,1.072,5,none,Normal
Hostel Blocks,0,175,14,875,166.633,167.041,-0.409,-0.245,-0.259,-0.05,0.754,5,none,Normal
Hostel Blocks,0,176,14,880,168.397,166.97,1.427,0.855,1.764,0.286,0.901,5,none,Normal
Hostel Blocks,0,177,14,885,167.125,166.898,0.227,0.136,-1.272,0.114,0.766,5,none,Normal
Hostel Blocks,0,178,14,890,166.949,166.827,0.122,0.073,-0.176,0.068,0.754,5,none,Normal
Hostel Blocks,0,179,14,895,166.899,166.755,0.144,0.086,-0.05,0.215,0.642,5,none,Normal
Hostel Blocks,0,180,15,900,166.18,166.684,-0.504,-0.302,-0.719,0.168,0.689,5,none,Normal
Hostel Blocks,0,181,15,905,166.99,166.612,0.377,0.226,0.81,0.299,0.63,5,none,Normal
Hostel Blocks,0,182,15,910,168.11,166.541,1.569,0.942,1.12,0.322,0.681,5,none,Normal
Hostel Blocks,0,183,15,915,167.203,166.469,0.733,0.44,-0.907,0.407,0.698,5,none,Normal
Hostel Blocks,0,184,15,920,167.055,166.398,0.657,0.395,-0.148,0.496,0.689,5,none,Normal
Hostel Blocks,0,185,15,925,167.052,166.326,0.725,0.436,-0.003,0.593,0.67,5,none,Normal
Hostel Blocks,0,186,15,930,165.315,166.255,-0.94,-0.566,-1.737,0.52,0.82,5,none,Normal
Hostel Blocks,0,187,15,935,164.527,166.184,-1.657,-0.997,-0.788,0.181,1.216,5,none,Normal
Hostel Blocks,0,188,15,940,165.766,166.112,-0.346,-0.208,1.239,-0.138,1.013,5,none,Normal
Hostel Blocks,0,189,15,945,167.612,166.041,1.571,0.946,1.846,0.002,1.198,5,none,Normal
Hostel Blocks,0,190,15,950,166.12,165.97,0.15,0.091,-1.492,-0.083,1.16,5,none,Normal
Hostel Blocks,0,191,15,955,165.717,165.898,-0.181,-0.109,-0.403,-0.234,1.09,5,none,Normal
Hostel Blocks,0,192,16,960,166.368,165.827,0.541,0.326,0.651,0.013,1.066,5,none,Normal
Hostel Blocks,0,193,16,965,166.122,165.756,0.366,0.221,-0.246,0.35,0.683,5,none,Normal
Hostel Blocks,0,194,16,970,165.642,165.684,-0.042,-0.026,-0.48,0.401,0.631,5,none,Normal
Hostel Blocks,0,195,16,975,166.446,165.613,0.832,0.503,0.804,0.278,0.378,5,none,Normal
Hostel Blocks,0,196,16,980,164.149,165.542,-1.393,-0.841,-2.297,0.021,0.786,5,none,Normal
Hostel Blocks,0,197,16,985,165.508,165.471,0.037,0.023,1.359,0.057,0.78,5,none,Normal
Hostel Blocks,0,198,16,990,165.583,165.399,0.183,0.111,0.075,-0.003,0.749,5,none,Normal
Hostel Blocks,0,199,16,995,164.584,165.328,-0.744,-0.45,-0.999,-0.188,0.776,5,none,Normal
Hostel Blocks,0,200,16,1000,165.704,165.257,0.447,0.27,1.12,-0.106,0.819,5,none,Normal
Hostel Blocks,0,201,16,1005,164.794,165.186,-0.392,-0.237,-0.91,-0.31,0.679,5,none,Normal
Hostel Blocks,0,202,16,1010,165.124,165.115,0.01,0.006,0.33,-0.076,0.426,5,none,Normal
Hostel Blocks,0,203,16,1015,164.698,165.044,-0.346,-0.209,-0.426,-0.14,0.434,5,none,Normal
Hostel Blocks,0,204,17,1020,165.987,164.972,1.015,0.615,1.289,-0.002,0.641,5,none,Normal
Hostel Blocks,0,205,17,1025,165.658,164.901,0.757,0.459,-0.329,0.249,0.584,5,none,Normal
Hostel Blocks,0,206,17,1030,157.825,164.83,-7.005,-4.25,-7.833,-0.994,3.001,5,slow_drift,Warning
Hostel Blocks,0,207,17,1035,156.803,164.759,-7.956,-4.829,-1.022,-2.254,4.089,5,slow_drift,Warning
Hostel Blocks,0,208,17,1040,154.762,164.688,-9.926,-6.027,-2.041,-3.91,4.917,5,slow_drift,Warning
Hostel Blocks,0,209,17,1045,154.657,164.617,-9.96,-6.05,-0.105,-5.512,5.087,5,slow_drift,Warning
Hostel Blocks,0,210,17,1050,153.625,164.546,-10.921,-6.637,-1.032,-7.502,4.296,5,slow_drift,Warning
Hostel Blocks,0,211,17,1055,153.223,164.475,-11.252,-6.841,-0.402,-9.503,1.679,5,slow_drift,Warning
Hostel Blocks,0,212,17,1060,150.987,164.404,-13.416,-8.161,-2.236,-10.572,1.806,5,slow_drift,Warning
Hostel Blocks,0,213,17,1065,151.143,164.333,-13.19,-8.026,0.156,-11.444,1.533,5,slow_drift,Warning
Hostel Blocks,0,214,17,1070,150.533,164.262,-13.729,-8.358,-0.61,-12.078,1.566,5,slow_drift,Warning
Hostel Blocks,0,215,17,1075,148.009,164.191,-16.182,-9.855,-2.524,-13.115,1.906,5,slow_drift,Warning
Hostel Blocks,0,216,18,1080,147.522,164.12,-16.598,-10.113,-0.487,-14.061,2.006,5,slow_drift,Suspected Leak
Hostel Blocks,0,217,18,1085,146.176,164.049,-17.873,-10.895,-1.346,-15.165,1.972,5,slow_drift,Suspected Leak
Hostel Blocks,0,218,18,1090,146.407,163.978,-17.571,-10.716,0.231,-15.857,1.965,5,slow_drift,Suspected Leak
Hostel Blocks,0,219,18,1095,146.168,163.907,-17.739,-10.822,-0.239,-16.615,1.567,5,slow_drift,Suspected Leak
Hostel Blocks,0,220,18,1100,145.809,163.836,-18.027,-11.003,-0.359,-17.332,0.756,5,slow_drift,Suspected Leak
Hostel Blocks,0,221,18,1105,144.123,163.765,-19.642,-11.994,-1.686,-17.908,0.988,5,slow_drift,Suspected Leak
Hostel Blocks,0,222,18,1110,144.227,163.695,-19.467,-11.892,0.104,-18.386,0.919,5,slow_drift,Suspected Leak
Hostel Blocks,0,223,18,1115,141.594,163.624,-22.03,-13.464,-2.633,-19.079,1.694,5,slow_drift,Suspected Leak
Hostel Blocks,0,224,18,1120,140.573,163.553,-22.98,-14.05,-1.021,-19.981,2.117,5,slow_drift,Suspected Leak
Hostel Blocks,0,225,18,1125,140.735,163.482,-22.747,-13.914,0.162,-20.816,2.043,5,slow_drift,Suspected Leak
Hostel Blocks,0,226,18,1130,140.173,163.411,-23.238,-14.221,-0.562,-21.684,1.699,5,slow_drift,Suspected Leak
Hostel Blocks,0,227,18,1135,139.098,163.341,-24.243,-14.842,-1.075,-22.451,1.63,5,slow_drift,Suspected Leak
Hostel Blocks,0,228,19,1140,137.053,163.27,-26.217,-16.058,-2.045,-23.576,1.481,5,slow_drift,Suspected Leak
Hostel Blocks,0,229,19,1145,137.416,163.199,-25.783,-15.799,0.363,-24.201,1.49,5,slow_drift,Suspected Leak
Hostel Blocks,0,230,19,1150,135.863,163.128,-27.265,-16.714,-1.553,-24.915,1.785,5,slow_drift,Suspected Leak
Hostel Blocks,0,231,19,1155,136.225,163.058,-26.832,-16.456,0.362,-25.596,1.557,5,slow_drift,Suspected Leak
Hostel Blocks,0,232,19,1160,135.222,162.987,-27.765,-17.035,-1.003,-26.351,1.253,5,slow_drift,Suspected Leak
Hostel Blocks,0,233,19,1165,133.617,162.916,-29.3,-17.984,-1.605,-27.194,1.252,5,slow_drift,Suspected Leak
Hostel Blocks,0,234,19,1170,133.052,162.846,-29.794,-18.296,-0.565,-27.79,1.518,5,slow_drift,Suspected Leak
Hostel Blocks,0,235,19,1175,131.905,162.775,-30.87,-18.965,-1.147,-28.638,1.592,5,slow_drift,Suspected Leak
Hostel Blocks,0,236,19,1180,131.684,162.704,-31.021,-19.066,-0.221,-29.264,1.68,5,slow_drift,Suspected Leak
Hostel Blocks,0,237,19,1185,131.476,162.634,-31.158,-19.158,-0.208,-29.985,1.317,5,slow_drift,Suspected Leak
Hostel Blocks,0,238,19,1190,129.494,162.563,-33.069,-20.343,-1.982,-30.869,1.309,5,slow_drift,Critical
Hostel Blocks,0,239,19,1195,129.57,162.492,-32.922,-20.261,0.076,-31.472,1.275,5,slow_drift,Critical
Hostel Blocks,0,240,20,1200,128.133,162.422,-34.289,-21.111,-1.437,-32.222,1.406,5,slow_drift,Critical
Hostel Blocks,0,241,20,1205,127.16,162.351,-35.191,-21.676,-0.973,-32.942,1.659,5,slow_drift,Critical
Hostel Blocks,0,242,20,1210,126.756,162.281,-35.524,-21.891,-0.404,-33.692,1.635,5,slow_drift,Critical
Hostel Blocks,0,243,20,1215,125.385,162.21,-36.825,-22.702,-1.371,-34.637,1.51,5,slow_drift,Critical
Hostel Blocks,0,244,20,1220,124.86,162.14,-37.279,-22.992,-0.525,-35.338,1.611,5,slow_drift,Critical
Hostel Blocks,0,245,20,1225,123.661,162.069,-38.408,-23.699,-1.199,-36.253,1.519,5,slow_drift,Critical
Hostel Blocks,0,246,20,1230,124.746,161.999,-37.253,-22.996,1.085,-36.747,1.202,5,slow_drift,Critical
Hostel Blocks,0,247,20,1235,122.777,161.928,-39.152,-24.178,-1.969,-37.407,1.263,5,slow_drift,Critical
Hostel Blocks,0,248,20,1240,121.525,161.858,-40.333,-24.919,-1.252,-38.208,1.352,5,slow_drift,Critical
Hostel Blocks,0,249,20,1245,121.262,161.787,-40.525,-25.048,-0.263,-38.825,1.436,5,slow_drift,Critical
Hostel Blocks,0,250,20,1250,120.257,161.717,-41.46,-25.637,-1.005,-39.522,1.546,5,slow_drift,Critical
Hostel Blocks,0,251,20,1255,119.383,161.647,-42.264,-26.146,-0.874,-40.164,1.775,5,slow_drift,Critical
Hostel Blocks,0,252,21,1260,119.075,161.576,-42.501,-26.304,-0.308,-41.039,1.276,5,slow_drift,Critical
Hostel Blocks,0,253,21,1265,161.574,161.506,0.068,0.042,42.499,-34.502,16.959,5,none,Normal
Hostel Blocks,0,254,21,1270,160.89,161.435,-0.546,-0.338,-0.684,-27.871,21.416,5,none,Normal
Hostel Blocks,0,255,21,1275,158.881,161.365,-2.484,-1.539,-2.009,-21.531,22.523,5,none,Normal
Hostel Blocks,0,256,21,1280,163.312,161.295,2.018,1.251,4.431,-14.285,21.812,5,none,Normal
Hostel Blocks,0,257,21,1285,161.495,161.224,0.27,0.168,-1.817,-7.196,17.357,5,none,Normal
Hostel Blocks,0,258,21,1290,163.582,161.154,2.428,1.507,2.087,0.292,1.789,5,none,Normal
Hostel Blocks,0,259,21,1295,161.662,161.084,0.579,0.359,-1.92,0.377,1.788,5,none,Normal
Hostel Blocks,0,260,21,1300,159.271,161.014,-1.743,-1.082,-2.391,0.178,1.969,5,none,Normal
Hostel Blocks,0,261,21,1305,160.515,160.943,-0.429,-0.266,1.244,0.521,1.547,5,none,Normal
Hostel Blocks,0,262,21,1310,159.549,160.873,-1.324,-0.823,-0.966,-0.036,1.501,5,none,Normal
Hostel Blocks,0,263,21,1315,161.382,160.803,0.579,0.36,1.833,0.015,1.519,5,none,Normal
Hostel Blocks,0,264,22,1320,161.256,160.733,0.523,0.325,-0.126,-0.302,1.036,5,none,Normal
Hostel Blocks,0,265,22,1325,161.607,160.662,0.944,0.588,0.351,-0.242,1.107,5,none,Normal
Hostel Blocks,0,266,22,1330,161.184,160.592,0.592,0.369,-0.423,0.148,0.855,5,none,Normal
Hostel Blocks,0,267,22,1335,160.09,160.522,-0.432,-0.269,-1.094,0.147,0.856,5,none,Normal
Hostel Blocks,0,268,22,1340,159.7,160.452,-0.752,-0.468,-0.39,0.242,0.671,5,none,Normal
Hostel Blocks,0,269,22,1345,160.226,160.382,-0.155,-0.097,0.526,0.12,0.664,5,none,Normal
Hostel Blocks,0,270,22,1350,160.439,160.312,0.127,0.08,0.213,0.054,0.635,5,none,Normal
Hostel Blocks,0,271,22,1355,160.106,160.242,-0.136,-0.085,-0.333,-0.126,0.462,5,none,Normal
Hostel Blocks,0,272,22,1360,159.448,160.171,-0.724,-0.452,-0.658,-0.345,0.352,5,none,Normal
Hostel Blocks,0,273,22,1365,159.618,160.101,-0.483,-0.302,0.17,-0.354,0.355,5,none,Normal
Hostel Blocks,0,274,22,1370,159.73,160.031,-0.302,-0.189,0.112,-0.279,0.297,5,none,Normal
Hostel Blocks,0,275,22,1375,159.757,159.961,-0.204,-0.128,0.027,-0.287,0.293,5,none,Normal
Hostel Blocks,0,276,23,1380,159.185,159.891,-0.706,-0.442,-0.572,-0.426,0.253,5,none,Normal
Hostel Blocks,0,277,23,1385,160.415,159.821,0.593,0.371,1.23,-0.304,0.487,5,none,Normal
Hostel Blocks,0,278,23,1390,159.193,159.751,-0.559,-0.35,-1.222,-0.277,0.462,5,none,Normal
Hostel Blocks,0,279,23,1395,159.665,159.681,-0.017,-0.01,0.472,-0.199,0.46,5,none,Normal
Hostel Blocks,0,280,23,1400,159.752,159.611,0.14,0.088,0.087,-0.125,0.475,5,none,Normal
Hostel Blocks,0,281,23,1405,159.67,159.541,0.129,0.081,-0.082,-0.07,0.484,5,none,Normal
Hostel Blocks,0,282,23,1410,157.933,159.471,-1.539,-0.965,-1.737,-0.209,0.749,5,none,Normal
Hostel Blocks,0,283,23,1415,159.503,159.401,0.102,0.064,1.57,-0.291,0.666,5,none,Normal
Hostel Blocks,0,284,23,1420,158.968,159.332,-0.364,-0.228,-0.535,-0.258,0.655,5,none,Normal
Hostel Blocks,0,285,23,1425,158.246,159.262,-1.015,-0.638,-0.722,-0.424,0.707,5,none,Normal
Hostel Blocks,0,286,23,1430,158.283,159.192,-0.909,-0.571,0.037,-0.599,0.668,5,none,Normal
Hostel Blocks,0,287,23,1435,158.909,159.122,-0.212,-0.134,0.626,-0.656,0.605,5,none,Normal
Hostel Blocks,0,288,0,0,177.893,177.842,0.051,0.029,18.984,-0.391,0.475,5,none,Normal
Hostel Blocks,0,289,0,5,177.656,177.769,-0.112,-0.063,-0.237,-0.427,0.437,5,none,Normal
Hostel Blocks,0,290,0,10,177.165,177.695,-0.529,-0.298,-0.491,-0.454,0.438,5,none,Normal
Hostel Blocks,0,291,0,15,177.794,177.621,0.173,0.097,0.629,-0.256,0.4,5,none,Normal
Hostel Blocks,0,292,0,20,177.231,177.547,-0.317,-0.178,-0.563,-0.158,0.253,5,none,Normal
Hostel Blocks,0,293,0,25,177.455,177.473,-0.018,-0.01,0.224,-0.125,0.257,5,none,Normal
Hostel Blocks,0,294,0,30,177.061,177.4,-0.338,-0.191,-0.394,-0.19,0.253,5,none,Normal
Hostel Blocks,0,295,0,35,177.559,177.326,0.234,0.132,0.498,-0.132,0.308,5,none,Normal
Hostel Blocks,0,296,0,40,177.499,177.252,0.247,0.139,-0.06,-0.003,0.269,5,none,Normal
Hostel Blocks,0,297,0,45,176.795,177.178,-0.384,-0.217,-0.704,-0.096,0.291,5,none,Normal
Hostel Blocks,0,298,0,50,176.956,177.105,-0.149,-0.084,0.161,-0.068,0.273,5,none,Normal
Hostel Blocks,0,299,0,55,176.86,177.031,-0.171,-0.097,-0.096,-0.093,0.274,5,none,Normal
Hostel Blocks,0,300,1,60,178.446,176.957,1.489,0.842,1.586,0.211,0.673,5,none,Normal
Hostel Blocks,0,301,1,65,177.024,176.884,0.141,0.08,-1.422,0.196,0.673,5,none,Normal
Hostel Blocks,0,302,1,70,175.995,176.81,-0.816,-0.461,-1.029,0.018,0.787,5,none,Normal
Hostel Blocks,0,303,1,75,175.608,176.736,-1.129,-0.639,-0.387,-0.106,0.912,5,none,Normal
Hostel Blocks,0,304,1,80,176.457,176.663,-0.206,-0.116,0.849,-0.115,0.913,5,none,Normal
Hostel Blocks,0,305,1,85,177.687,176.589,1.097,0.621,1.23,0.096,1.036,5,none,Normal
Hostel Blocks,0,306,1,90,176.616,176.516,0.101,0.057,-1.071,-0.135,0.788,5,none,Normal
Hostel Blocks,0,307,1,95,175.181,176.442,-1.261,-0.715,-1.435,-0.369,0.891,5,none,Normal
Hostel Blocks,0,308,1,100,176.417,176.369,0.049,0.028,1.236,-0.225,0.874,5,none,Normal
Hostel Blocks,0,309,1,105,177.076,176.295,0.781,0.443,0.659,0.094,0.825,5,none,Normal
Hostel Blocks,0,310,1,110,176.149,176.221,-0.072,-0.041,-0.927,0.116,0.817,5,none,Normal
Hostel Blocks,0,311,1,115,177.561,176.148,1.413,0.802,1.412,0.169,0.899,5,none,Normal
Hostel Blocks,0,312,2,120,176.095,176.074,0.02,0.012,-1.466,0.155,0.901,5,none,Normal
Hostel Blocks,0,313,2,125,175.724,176.001,-0.277,-0.158,-0.371,0.319,0.645,5,none,Normal
Hostel Blocks,0,314,2,130,175.434,175.928,-0.494,-0.281,-0.29,0.229,0.724,5,none,Normal
Hostel Blocks,0,315,2,135,175.702,175.854,-0.152,-0.087,0.268,0.073,0.68,5,none,Normal
Hostel Blocks,0,316,2,140,176.271,175.781,0.491,0.279,0.569,0.167,0.695,5,none,Normal
Hostel Blocks,0,317,2,145,175.326,175.707,-0.382,-0.217,-0.945,-0.132,0.354,5,none,Normal
Hostel Blocks,0,318,2,150,174.922,175.634,-0.712,-0.405,-0.404,-0.254,0.412,5,none,Normal
Hostel Blocks,0,319,2,155,175.999,175.561,0.438,0.25,1.077,-0.135,0.499,5,none,Normal
Hostel Blocks,0,320,2,160,175.177,175.487,-0.31,-0.177,-0.822,-0.104,0.477,5,none,Normal
Hostel Blocks,0,321,2,165,176.343,175.414,0.929,0.53,1.166,0.076,0.634,5,none,Normal
Hostel Blocks,0,322,2,170,176.25,175.34,0.909,0.519,-0.093,0.145,0.708,5,none,Normal
Hostel Blocks,0,323,2,175,175.178,175.267,-0.089,-0.051,-1.072,0.194,0.673,5,stuck_sensor,Normal
Hostel Blocks,0,324,3,180,175.3,175.194,0.106,0.061,0.122,0.33,0.518,5,stuck_sensor,Normal
Hostel Blocks,0,325,3,185,175.281,175.121,0.161,0.092,-0.019,0.284,0.519,5,stuck_sensor,Normal
Hostel Blocks,0,326,3,190,175.389,175.047,0.342,0.195,0.108,0.393,0.43,5,stuck_sensor,Normal
Hostel Blocks,0,327,3,195,175.273,174.974,0.299,0.171,-0.116,0.288,0.341,5,stuck_sensor,Normal
Hostel Blocks,0,328,3,200,175.291,174.901,0.39,0.223,0.018,0.202,0.179,5,stuck_sensor,Normal
Hostel Blocks,0,329,3,205,175.228,174.828,0.4,0.229,-0.063,0.283,0.123,5,stuck_sensor,Normal
Hostel Blocks,0,330,3,210,175.361,174.754,0.607,0.347,0.133,0.367,0.146,5,stuck_sensor,Normal
Hostel Blocks,0,331,3,215,175.347,174.681,0.666,0.381,-0.014,0.451,0.15,5,stuck_sensor,Normal
Hostel Blocks,0,332,3,220,175.218,174.608,0.61,0.349,-0.129,0.495,0.151,5,stuck_sensor,Normal
Hostel Blocks,0,333,3,225,175.27,174.535,0.735,0.421,0.052,0.568,0.142,5,stuck_sensor,Normal
Hostel Blocks,0,334,3,230,175.183,174.462,0.721,0.413,-0.087,0.623,0.122,5,stuck_sensor,Normal
Hostel Blocks,0,335,3,235,175.259,174.389,0.871,0.499,0.076,0.702,0.099,5,stuck_sensor,Normal
Hostel Blocks,0,336,4,240,175.217,174.315,0.901,0.517,-0.042,0.751,0.114,5,stuck_sensor,Normal
Hostel Blocks,0,337,4,245,175.308,174.242,1.066,0.612,0.091,0.817,0.162,5,stuck_sensor,Normal
Hostel Blocks,0,338,4,250,175.203,174.169,1.033,0.593,-0.105,0.888,0.145,5,stuck_sensor,Normal
Hostel Blocks,0,339,4,255,175.25,174.096,1.154,0.663,0.047,0.958,0.157,5,stuck_sensor,Normal
Hostel Blocks,0,340,4,260,175.254,174.023,1.231,0.707,0.004,1.043,0.14,5,stuck_sensor,Normal
Hostel Blocks,0,341,4,265,175.255,173.95,1.305,0.75,0.001,1.115,0.146,5,stuck_sensor,Normal
Hostel Blocks,0,342,4,270,175.132,173.877,1.255,0.722,-0.123,1.174,0.109,5,stuck_sensor,Normal
Hostel Blocks,0,343,4,275,175.256,173.804,1.452,0.835,0.124,1.238,0.141,5,stuck_sensor,Normal
Hostel Blocks,0,344,4,280,175.36,173.731,1.629,0.937,0.104,1.338,0.174,5,stuck_sensor,Normal
Hostel Blocks,0,345,4,285,175.254,173.658,1.596,0.919,-0.106,1.411,0.174,5,stuck_sensor,Normal
Hostel Blocks,0,346,4,290,175.396,173.585,1.811,1.043,0.142,1.508,0.211,5,stuck_sensor,Normal
Hostel Blocks,0,347,4,295,175.268,173.512,1.756,1.012,-0.128,1.583,0.204,5,stuck_sensor,Normal
Hostel Blocks,0,348,5,300,175.277,173.439,1.838,1.06,0.009,1.68,0.148,5,stuck_sensor,Normal
Hostel Blocks,0,349,5,305,175.238,173.366,1.872,1.08,-0.039,1.75,0.114,5,stuck_sensor,Normal
Hostel Blocks,0,350,5,310,175.266,173.293,1.972,1.138,0.028,1.808,0.126,5,stuck_sensor,Normal
Hostel Blocks,0,351,5,315,175.232,173.221,2.011,1.161,-0.034,1.877,0.097,5,stuck_sensor,Normal
Hostel Blocks,0,352,5,320,175.254,173.148,2.107,1.217,0.022,1.926,0.128,5,stuck_sensor,Normal
Hostel Blocks,0,353,5,325,175.135,173.075,2.06,1.19,-0.119,1.977,0.105,5,stuck_sensor,Normal
Hostel Blocks,0,354,5,330,175.329,173.002,2.328,1.345,0.194,2.058,0.155,5,stuck_sensor,Normal
Hostel Blocks,0,355,5,335,175.25,172.929,2.321,1.342,-0.079,2.133,0.155,5,stuck_sensor,Normal
Hostel Blocks,0,356,5,340,175.197,172.856,2.34,1.354,-0.053,2.194,0.151,5,stuck_sensor,Normal
Hostel Blocks,0,357,5,345,175.212,172.784,2.428,1.405,0.015,2.264,0.146,5,stuck_sensor,Normal
Hostel Blocks,0,358,5,350,175.314,172.711,2.603,1.507,0.102,2.347,0.176,5,stuck_sensor,Normal
Hostel Blocks,0,359,5,355,175.303,172.638,2.665,1.544,-0.011,2.448,0.151,5,stuck_sensor,Normal
Hostel Blocks,0,360,6,360,175.241,172.565,2.676,1.551,-0.062,2.506,0.162,5,stuck_sensor,Normal
Hostel Blocks,0,361,6,365,175.206,172.492,2.714,1.573,-0.035,2.571,0.152,5,stuck_sensor,Normal
Hostel Blocks,0,362,6,370,175.255,172.42,2.835,1.644,0.049,2.653,0.135,5,stuck_sensor,Normal
Hostel Blocks,0,363,6,375,175.303,172.347,2.956,1.715,0.048,2.742,0.13,5,stuck_sensor,Normal
Hostel Blocks,0,364,6,380,175.249,172.274,2.975,1.727,-0.054,2.803,0.139,5,stuck_sensor,Normal
Hostel Blocks,0,365,6,385,175.213,172.202,3.011,1.749,-0.036,2.861,0.142,5,stuck_sensor,Normal
Hostel Blocks,0,366,6,390,175.297,172.129,3.168,1.84,0.084,2.943,0.155,5,stuck_sensor,Normal
Hostel Blocks,0,367,6,395,175.283,172.056,3.227,1.876,-0.014,3.029,0.145,5,stuck_sensor,Normal
Hostel Blocks,0,368,6,400,175.313,171.984,3.33,1.936,0.03,3.111,0.153,5,stuck_sensor,Normal
Hostel Blocks,0,369,6,405,171.42,171.911,-0.491,-0.286,-3.893,2.537,1.489,5,none,Normal
Hostel Blocks,0,370,6,410,171.955,171.839,0.117,0.068,0.535,2.06,1.754,5,none,Normal
Hostel Blocks,0,371,6,415,169.788,171.766,-1.978,-1.152,-2.167,1.229,2.308,5,none,Normal
Hostel Blocks,0,372,7,420,171.125,171.693,-0.569,-0.331,1.337,0.606,2.181,5,none,Normal
Hostel Blocks,0,373,7,425,171.158,171.621,-0.463,-0.27,0.033,-0.009,1.777,5,none,Normal
Hostel Blocks,0,374,7,430,172.72,171.548,1.171,0.683,1.562,-0.369,1.026,5,none,Normal
Hostel Blocks,0,375,7,435,171.021,171.476,-0.455,-0.265,-1.699,-0.363,1.025,5,none,Normal
Hostel Blocks,0,376,7,440,171.615,171.403,0.212,0.124,0.594,-0.347,1.035,5,none,Normal
Hostel Blocks,0,377,7,445,172.076,171.331,0.745,0.435,0.461,0.107,0.728,5,none,Normal
Hostel Blocks,0,378,7,450,171.084,171.258,-0.175,-0.102,-0.992,0.172,0.67,5,none,Normal
Hostel Blocks,0,379,7,455,171.376,171.186,0.19,0.111,0.292,0.281,0.595,5,none,Normal
Hostel Blocks,0,380,7,460,169.106,171.113,-2.008,-1.173,-2.27,-0.248,0.952,5,none,Normal
Hostel Blocks,0,381,7,465,171.611,171.041,0.57,0.333,2.505,-0.078,0.999,5,none,Normal
Hostel Blocks,0,382,7,470,170.872,170.969,-0.097,-0.057,-0.739,-0.129,0.989,5,none,Normal
Hostel Blocks,0,383,7,475,170.712,170.896,-0.184,-0.108,-0.16,-0.284,0.893,5,none,Normal
Hostel Blocks,0,384,8,480,170.499,170.824,-0.324,-0.19,-0.213,-0.309,0.891,5,none,Normal
Hostel Blocks,0,385,8,485,170.462,170.751,-0.29,-0.17,-0.037,-0.389,0.858,5,none,Normal
Hostel Blocks,0,386,8,490,170.407,170.679,-0.272,-0.16,-0.055,-0.1,0.338,5,none,Normal
Hostel Blocks,0,387,8,495,171.077,170.607,0.47,0.275,0.67,-0.116,0.299,5,none,Normal
Hostel Blocks,0,388,8,500,172.337,170.534,1.802,1.057,1.26,0.2,0.84,5,none,Normal
Hostel Blocks,0,389,8,505,169.731,170.462,-0.732,-0.429,-2.606,0.109,0.916,5,none,Normal
Hostel Blocks,0,390,8,510,169.167,170.39,-1.223,-0.718,-0.564,-0.041,1.063,5,none,Normal
Hostel Blocks,0,391,8,515,170.71,170.318,0.393,0.23,1.543,0.073,1.067,5,none,Normal
Hostel Blocks,0,392,8,520,169.946,170.245,-0.299,-0.176,-0.764,0.068,1.069,5,none,Normal
Hostel Blocks,0,393,8,525,169.275,170.173,-0.898,-0.528,-0.671,-0.16,1.111,5,none,Normal
Hostel Blocks,0,394,8,530,168.585,170.101,-1.516,-0.891,-0.69,-0.712,0.683,5,none,Normal
Hostel Blocks,0,395,8,535,168.507,170.029,-1.521,-0.895,-0.078,-0.844,0.759,5,none,Normal
Hostel Blocks,0,396,9,540,169.897,169.956,-0.059,-0.035,1.39,-0.65,0.791,5,none,Normal
Hostel Blocks,0,397,9,545,171.823,169.884,1.939,1.141,1.926,-0.392,1.292,5,none,Normal
Hostel Blocks,0,398,9,550,169.298,169.812,-0.514,-0.303,-2.525,-0.428,1.292,5,none,Normal
Hostel Blocks,0,399,9,555,169.741,169.74,0.001,0.001,0.443,-0.278,1.279,5,none,Normal
Hostel Blocks,0,400,9,560,171.605,169.668,1.937,1.142,1.864,0.297,1.383,5,none,Normal
Hostel Blocks,0,401,9,565,170.375,169.596,0.779,0.459,-1.23,0.68,1.059,5,none,Normal
Hostel Blocks,0,402,9,570,169.076,169.524,-0.447,-0.264,-1.299,0.616,1.123,5,none,Normal
Hostel Blocks,0,403,9,575,170.058,169.452,0.606,0.358,0.982,0.394,0.923,5,none,Normal
Hostel Blocks,0,404,9,580,170.982,169.379,1.603,0.946,0.924,0.746,0.911,5,none,Normal
Hostel Blocks,0,405,9,585,169.43,169.307,0.123,0.073,-1.552,0.767,0.892,5,none,Normal
Hostel Blocks,0,406,9,590,170.272,169.235,1.036,0.612,0.842,0.617,0.714,5,none,Normal
Hostel Blocks,0,407,9,595,167.692,169.163,-1.471,-0.87,-2.58,0.242,1.099,5,none,Normal
Hostel Blocks,0,408,10,600,168.889,169.091,-0.203,-0.12,1.197,0.282,1.073,5,none,Normal
Hostel Blocks,0,409,10,605,169.521,169.019,0.502,0.297,0.632,0.265,1.067,5,none,Normal
Hostel Blocks,0,410,10,610,168.423,168.947,-0.524,-0.31,-1.098,-0.09,0.869,5,none,Normal
Hostel Blocks,0,411,10,615,169.649,168.875,0.774,0.458,1.226,0.019,0.938,5,none,Normal
Hostel Blocks,0,412,10,620,170.059,168.803,1.256,0.744,0.41,0.056,0.989,5,none,Normal
Hostel Blocks,0,413,10,625,168.956,168.731,0.224,0.133,-1.103,0.338,0.649,5,none,Normal
Hostel Blocks,0,414,10,630,167.976,168.66,-0.684,-0.405,-0.98,0.258,0.751,5,none,Normal
Hostel Blocks,0,415,10,635,168.91,168.588,0.322,0.191,0.934,0.228,0.743,5,none,Normal
Hostel Blocks,0,416,10,640,166.963,168.516,-1.553,-0.922,-1.947,0.056,1.019,5,none,Normal
Hostel Blocks,0,417,10,645,169.047,168.444,0.603,0.358,2.084,0.028,0.997,5,none,Normal
Hostel Blocks,0,418,10,650,168.802,168.372,0.43,0.255,-0.245,-0.11,0.838,5,none,Normal
Hostel Blocks,0,419,10,655,169.001,168.3,0.701,0.416,0.199,-0.03,0.896,5,none,Normal
Hostel Blocks,0,420,11,660,167.989,168.228,-0.24,-0.142,-1.012,0.044,0.849,5,none,Normal
Hostel Blocks,0,421,11,665,167.563,168.157,-0.594,-0.353,-0.426,-0.109,0.871,5,none,Normal
Hostel Blocks,0,422,11,670,168.061,168.085,-0.024,-0.014,0.498,0.146,0.514,5,none,Normal
Hostel Blocks,0,423,11,675,168.64,168.013,0.627,0.373,0.579,0.15,0.519,5,none,Normal
Hostel Blocks,0,424,11,680,167.268,167.941,-0.673,-0.401,-1.372,-0.034,0.59,5,none,Normal
Hostel Blocks,0,425,11,685,168.659,167.869,0.79,0.47,1.391,-0.019,0.613,5,none,Normal
Hostel Blocks,0,426,11,690,168.667,167.798,0.869,0.518,0.008,0.166,0.695,5,none,Normal
Hostel Blocks,0,427,11,695,167.029,167.726,-0.697,-0.416,-1.638,0.149,0.718,5,none,Normal
Hostel Blocks,0,428,11,700,168.248,167.654,0.594,0.354,1.219,0.252,0.733,5,none,Normal
Hostel Blocks,0,429,11,705,167.845,167.583,0.263,0.157,-0.403,0.191,0.71,5,none,Normal
Hostel Blocks,0,430,11,710,170.03,167.511,2.519,1.504,2.185,0.723,1.048,5,none,Normal
Hostel Blocks,0,431,11,715,166.897,167.439,-0.542,-0.324,-3.133,0.501,1.166,5,none,Normal
Hostel Blocks,0,432,12,720,169.39,167.368,2.022,1.208,2.493,0.693,1.323,5,none,Normal
Hostel Blocks,0,433,12,725,166.676,167.296,-0.62,-0.37,-2.714,0.706,1.307,5,none,Normal
Hostel Blocks,0,434,12,730,166.077,167.224,-1.148,-0.686,-0.599,0.416,1.514,5,none,Normal
Hostel Blocks,0,435,12,735,165.871,167.153,-1.282,-0.767,-0.206,0.158,1.669,5,none,Normal
Hostel Blocks,0,436,12,740,166.595,167.081,-0.486,-0.291,0.724,-0.343,1.205,5,none,Normal
Hostel Blocks,0,437,12,745,218.323,167.01,51.313,30.725,51.728,8.3,21.106,5,spike,Critical
Hostel Blocks,0,438,12,750,217.665,166.938,50.727,30.387,-0.658,16.417,26.805,5,spike,Critical
Hostel Blocks,0,439,12,755,216.54,166.866,49.673,29.768,-1.125,24.8,28.237,5,spike,Critical
Hostel Blocks,0,440,12,760,215.375,166.795,48.58,29.126,-1.165,33.088,26.332,5,spike,Critical
Hostel Blocks,0,441,12,765,216.572,166.723,49.849,29.899,1.197,41.609,20.644,5,spike,Critical
Hostel Blocks,0,442,12,770,216.604,166.652,49.952,29.974,0.032,50.016,0.938,5,spike,Critical
Hostel Blocks,0,443,12,775,215.585,166.58,49.005,29.418,-1.019,49.631,0.755,5,spike,Critical
Hostel Blocks,0,444,13,780,215.508,166.509,48.999,29.427,-0.077,49.343,0.557,5,spike,Critical
Hostel Blocks,0,445,13,785,215.403,166.438,48.965,29.42,-0.105,49.225,0.548,5,spike,Critical
Hostel Blocks,0,446,13,790,217.369,166.366,51.003,30.657,1.966,49.629,0.808,5,spike,Critical
Hostel Blocks,0,447,13,795,215.025,166.295,48.73,29.303,-2.344,49.442,0.874,5,spike,Critical
Hostel Blocks,0,448,13,800,215.214,166.223,48.99,29.473,0.189,49.282,0.85,5,spike,Critical
Hostel Blocks,0,449,13,805,215.877,166.152,49.725,29.928,0.663,49.402,0.853,5,spike,Critical
Hostel Blocks,0,450,13,810,217.131,166.081,51.05,30.738,1.254,49.744,1.048,5,spike,Critical
Hostel Blocks,0,451,13,815,214.879,166.009,48.87,29.438,-2.252,49.728,1.063,5,spike,Critical
Hostel Blocks,0,452,13,820,215.686,165.938,49.748,29.98,0.807,49.519,0.867,5,spike,Critical
Hostel Blocks,0,453,13,825,215.968,165.867,50.101,30.206,0.282,49.747,0.796,5,spike,Critical
Hostel Blocks,0,454,13,830,215.041,165.795,49.246,29.703,-0.927,49.79,0.753,5,spike,Critical
Hostel Blocks,0,455,13,835,213.747,165.724,48.023,28.978,-1.294,49.506,1.046,5,spike,Critical
Hostel Blocks,0,456,14,840,215.002,165.653,49.35,29.791,1.255,49.223,0.725,5,spike,Critical
Hostel Blocks,0,457,14,845,214.427,165.581,48.845,29.499,-0.575,49.219,0.727,5,spike,Critical
Hostel Blocks,0,458,14,850,214.837,165.51,49.326,29.803,0.41,49.149,0.685,5,spike,Critical
Hostel Blocks,0,459,14,855,217.289,165.439,51.85,31.341,2.452,49.44,1.283,5,spike,Critical
Hostel Blocks,0,460,14,860,214.181,165.368,48.814,29.518,-3.108,49.368,1.308,5,spike,Critical
Hostel Blocks,0,461,14,865,215.261,165.297,49.965,30.227,1.08,49.692,1.138,5,spike,Critical
Hostel Blocks,0,462,14,870,215.072,165.225,49.847,30.169,-0.189,49.774,1.126,5,spike,Critical
Hostel Blocks,0,463,14,875,214.988,165.154,49.834,30.174,-0.084,49.939,1.031,5,spike,Critical
Hostel Blocks,0,464,14,880,215.127,165.083,50.044,30.314,0.139,50.059,0.986,5,spike,Critical
Hostel Blocks,0,465,14,885,215.282,165.012,50.27,30.464,0.155,49.796,0.507,5,spike,Critical
Hostel Blocks,0,466,14,890,215.506,164.941,50.566,30.657,0.224,50.088,0.283,5,spike,Critical
Hostel Blocks,0,467,14,895,213.866,164.87,48.996,29.718,-1.64,49.926,0.533,5,spike,Critical
Hostel Blocks,0,468,15,900,215.149,164.799,50.35,30.553,1.283,50.01,0.557,5,spike,Critical
Hostel Blocks,0,469,15,905,214.22,164.727,49.492,30.045,-0.929,49.953,0.595,5,spike,Critical
Hostel Blocks,0,470,15,910,213.789,164.656,49.133,29.839,-0.431,49.801,0.678,5,spike,Critical
Hostel Blocks,0,471,15,915,213.86,164.585,49.275,29.939,0.071,49.635,0.662,5,spike,Critical
Hostel Blocks,0,472,15,920,212.218,164.514,47.704,28.997,-1.642,49.158,0.859,5,spike,Critical
Hostel Blocks,0,473,15,925,214.133,164.443,49.69,30.217,1.915,49.274,0.879,5,spike,Critical
Hostel Blocks,0,474,15,930,213.089,164.372,48.716,29.638,-1.044,49.002,0.717,5,spike,Critical
Hostel Blocks,0,475,15,935,213.555,164.301,49.254,29.978,0.466,48.962,0.691,5,spike,Critical
Hostel Blocks,0,476,15,940,213.12,164.23,48.889,29.769,-0.435,48.921,0.686,5,spike,Critical
Hostel Blocks,0,477,15,945,213.732,164.159,49.573,30.198,0.612,48.971,0.726,5,spike,Critical
Hostel Blocks,0,478,15,950,212.587,164.088,48.498,29.556,-1.145,49.103,0.48,5,spike,Critical
Hostel Blocks,0,479,15,955,214.016,164.018,49.999,30.484,1.429,49.155,0.564,5,spike,Critical
Hostel Blocks,0,480,16,960,212.985,163.947,49.038,29.911,-1.031,49.208,0.528,5,spike,Critical
Hostel Blocks,0,481,16,965,213.956,163.876,50.08,30.56,0.971,49.346,0.639,5,spike,Critical
Hostel Blocks,0,482,16,970,212.111,163.805,48.306,29.49,-1.845,49.249,0.756,5,spike,Critical
Hostel Blocks,0,483,16,975,214.145,163.734,50.411,30.788,2.034,49.389,0.893,5,spike,Critical
Hostel Blocks,0,484,16,980,211.934,163.663,48.27,29.494,-2.211,49.351,0.942,5,spike,Critical
Hostel Blocks,0,485,16,985,210.95,163.592,47.358,28.949,-0.984,48.911,1.168,5,spike,Critical
Hostel Blocks,0,486,16,990,212.748,163.521,49.226,30.104,1.798,48.942,1.175,5,spike,Critical
Hostel Blocks,0,487,16,995,211.196,163.451,47.745,29.211,-1.552,48.553,1.107,5,spike,Critical
Hostel Blocks,0,488,16,1000,212.37,163.38,48.99,29.985,1.174,48.667,1.112,5,spike,Critical
Hostel Blocks,0,489,16,1005,210.755,163.309,47.446,29.053,-1.615,48.172,0.795,5,spike,Critical
Hostel Blocks,0,490,16,1010,212.595,163.238,49.357,30.236,1.84,48.354,0.934,5,spike,Critical
Hostel Blocks,0,491,16,1015,213.701,163.168,50.534,30.97,1.106,48.883,1.135,5,spike,Critical
Hostel Blocks,0,492,17,1020,210.239,163.097,47.142,28.904,-3.462,48.536,1.314,5,spike,Critical
Hostel Blocks,0,493,17,1025,211.628,163.026,48.602,29.812,1.389,48.679,1.256,5,spike,Critical
Hostel Blocks,0,494,17,1030,211.342,162.956,48.386,29.693,-0.286,48.578,1.25,5,spike,Critical
Hostel Blocks,0,495,17,1035,210.241,162.885,47.356,29.073,-1.101,48.563,1.267,5,spike,Critical
Hostel Blocks,0,496,17,1040,211.32,162.814,48.506,29.792,1.079,48.421,1.206,5,spike,Critical
Hostel Blocks,0,497,17,1045,211.654,162.744,48.911,30.054,0.334,48.15,0.723,5,spike,Critical
Hostel Blocks,0,498,17,1050,211.791,162.673,49.118,30.194,0.137,48.48,0.613,5,spike,Critical
Hostel Blocks,0,499,17,1055,163.339,162.602,0.737,0.453,-48.452,40.502,19.491,5,none,Normal
Hostel Blocks,0,500,17,1060,163.472,162.532,0.941,0.579,0.133,32.595,24.606,5,none,Normal
Hostel Blocks,0,501,17,1065,162.821,162.461,0.36,0.222,-0.651,24.762,26.383,5,none,Normal
Hostel Blocks,0,502,17,1070,162.762,162.391,0.372,0.229,-0.059,16.74,25.001,5,none,Normal
Hostel Blocks,0,503,17,1075,163.371,162.32,1.051,0.648,0.609,8.763,19.772,5,none,Normal
Hostel Blocks,0,504,18,1080,161.484,162.249,-0.765,-0.472,-1.887,0.449,0.66,5,none,Normal
Hostel Blocks,0,505,18,1085,162.382,162.179,0.203,0.125,0.898,0.36,0.649,5,none,Normal
Hostel Blocks,0,506,18,1090,161.392,162.108,-0.716,-0.442,-0.99,0.084,0.703,5,none,Normal
Hostel Blocks,0,507,18,1095,160.575,162.038,-1.463,-0.903,-0.817,-0.22,0.92,5,none,Normal
Hostel Blocks,0,508,18,1100,159.36,161.967,-2.607,-1.61,-1.215,-0.716,1.273,5,none,Normal
Hostel Blocks,0,509,18,1105,162.925,161.897,1.028,0.635,3.565,-0.72,1.267,5,none,Normal
Hostel Blocks,0,510,18,1110,161.378,161.826,-0.449,-0.277,-1.547,-0.667,1.271,5,none,Normal
Hostel Blocks,0,511,18,1115,161.725,161.756,-0.031,-0.019,0.347,-0.706,1.242,5,none,Normal
Hostel Blocks,0,512,18,1120,162.085,161.686,0.399,0.247,0.36,-0.521,1.321,5,none,Normal
Hostel Blocks,0,513,18,1125,161.981,161.615,0.366,0.226,-0.104,-0.216,1.27,5,none,Normal
Hostel Blocks,0,514,18,1130,161.713,161.545,0.168,0.104,-0.268,0.247,0.493,5,none,Normal
Hostel Blocks,0,515,18,1135,160.069,161.474,-1.405,-0.87,-1.644,-0.159,0.685,5,none,Normal
Hostel Blocks,0,516,19,1140,160.266,161.404,-1.138,-0.705,0.197,-0.273,0.793,5,none,Normal
Hostel Blocks,0,517,19,1145,162.474,161.334,1.14,0.707,2.208,-0.078,0.985,5,none,Normal
Hostel Blocks,0,518,19,1150,161.232,161.263,-0.031,-0.019,-1.242,-0.15,0.959,5,none,Normal
Hostel Blocks,0,519,19,1155,162.555,161.193,1.362,0.845,1.323,0.016,1.136,5,none,Normal
Hostel Blocks,0,520,19,1160,161.721,161.123,0.598,0.371,-0.834,0.088,1.161,5,none,Normal
Hostel Blocks,0,521,19,1165,161.173,161.053,0.12,0.075,-0.548,0.342,0.908,5,none,Normal
Hostel Blocks,0,522,19,1170,161.87,160.982,0.888,0.551,0.697,0.68,0.556,5,none,Normal
Hostel Blocks,0,523,19,1175,162.057,160.912,1.145,0.712,0.187,0.68,0.557,5,none,Normal
Hostel Blocks,0,524,19,1180,161.48,160.842,0.638,0.397,-0.577,0.792,0.441,5,none,Normal
Hostel Blocks,0,525,19,1185,162.401,160.772,1.629,1.013,0.921,0.836,0.517,5,none,Normal
Hostel Blocks,0,526,19,1190,161.552,160.701,0.85,0.529,-0.849,0.878,0.504,5,none,Normal
Hostel Blocks,0,527,19,1195,160.276,160.631,-0.355,-0.221,-1.276,0.799,0.66,5,none,Normal
Hostel Blocks,0,528,20,1200,160.037,160.561,-0.524,-0.326,-0.239,0.564,0.847,5,none,Normal
Hostel Blocks,0,529,20,1205,161.126,160.491,0.635,0.396,1.089,0.479,0.801,5,none,Normal
Hostel Blocks,0,530,20,1210,160.059,160.421,-0.362,-0.226,-1.067,0.312,0.863,5,none,Normal
Hostel Blocks,0,531,20,1215,162.894,160.351,2.543,1.586,2.835,0.464,1.169,5,none,Normal
Hostel Blocks,0,532,20,1220,160.57,160.28,0.289,0.181,-2.324,0.371,1.154,5,none,Normal
Hostel Blocks,0,533,20,1225,160.729,160.21,0.519,0.324,0.159,0.517,1.098,5,none,Normal
Hostel Blocks,0,534,20,1230,159.339,160.14,-0.801,-0.5,-1.39,0.47,1.155,5,none,Normal
Hostel Blocks,0,535,20,1235,159.36,160.07,-0.711,-0.444,0.021,0.246,1.244,5,none,Normal
Hostel Blocks,0,536,20,1240,160.037,160.0,0.037,0.023,0.677,0.313,1.215,5,none,Normal
Hostel Blocks,0,537,20,1245,159.982,159.93,0.052,0.033,-0.055,-0.103,0.537,5,none,Normal
Hostel Blocks,0,538,20,1250,159.145,159.86,-0.715,-0.447,-0.837,-0.27,0.547,5,none,Normal
Hostel Blocks,0,539,20,1255,161.644,159.79,1.854,1.16,2.499,-0.047,1.009,5,none,Normal
Hostel Blocks,0,540,21,1260,160.23,159.72,0.51,0.319,-1.414,0.171,0.953,5,none,Normal
Hostel Blocks,0,541,21,1265,159.501,159.65,-0.149,-0.093,-0.729,0.265,0.873,5,none,Normal
Hostel Blocks,0,542,21,1270,160.585,159.58,1.005,0.63,1.084,0.426,0.911,5,none,Normal
Hostel Blocks,0,543,21,1275,159.639,159.51,0.129,0.081,-0.946,0.439,0.906,5,none,Normal
Hostel Blocks,0,544,21,1280,159.813,159.44,0.373,0.234,0.174,0.62,0.718,5,none,Normal
Hostel Blocks,0,545,21,1285,159.968,159.37,0.597,0.375,0.155,0.411,0.398,5,none,Normal
Hostel Blocks,0,546,21,1290,159.056,159.3,-0.244,-0.153,-0.912,0.285,0.472,5,none,Normal
Hostel Blocks,0,547,21,1295,158.809,159.231,-0.422,-0.265,-0.247,0.24,0.532,5,none,Normal
Hostel Blocks,0,548,21,1300,160.26,159.161,1.099,0.691,1.451,0.255,0.56,5,none,Normal
Hostel Blocks,0,549,21,1305,159.43,159.091,0.339,0.213,-0.83,0.29,0.557,5,none,Normal
Hostel Blocks,0,550,21,1310,158.148,159.021,-0.873,-0.549,-1.282,0.083,0.726,5,none,Normal
Hostel Blocks,0,551,21,1315,157.644,158.951,-1.308,-0.823,-0.504,-0.235,0.861,5,none,Normal
Hostel Blocks,0,552,22,1320,157.267,158.881,-1.614,-1.016,-0.377,-0.463,1.029,5,none,Normal
Hostel Blocks,0,553,22,1325,159.168,158.812,0.356,0.224,1.901,-0.334,1.083,5,none,Normal
Hostel Blocks,0,554,22,1330,158.916,158.742,0.174,0.109,-0.252,-0.488,0.886,5,none,Normal
Hostel Blocks,0,555,22,1335,159.014,158.672,0.342,0.216,0.098,-0.487,0.886,5,none,Normal
Hostel Blocks,0,556,22,1340,158.558,158.602,-0.045,-0.028,-0.456,-0.349,0.879,5,none,Normal
Hostel Blocks,0,557,22,1345,157.103,158.533,-1.429,-0.902,-1.455,-0.369,0.906,5,none,Normal
Hostel Blocks,0,558,22,1350,159.299,158.463,0.836,0.527,2.196,0.039,0.776,5,none,Normal
Hostel Blocks,0,559,22,1355,121.895,158.393,-36.498,-23.043,-37.404,-6.103,14.91,5,sudden_drop,Critical
Hostel Blocks,0,560,22,1360,121.814,158.324,-36.51,-23.06,-0.081,-12.217,18.827,5,sudden_drop,Critical
Hostel Blocks,0,561,22,1365,121.056,158.254,-37.198,-23.505,-0.758,-18.474,20.019,5,sudden_drop,Critical
Hostel Blocks,0,562,22,1370,120.353,158.184,-37.831,-23.916,-0.703,-24.772,18.978,5,sudden_drop,Critical
Hostel Blocks,0,563,22,1375,121.588,158.115,-36.526,-23.101,1.235,-30.621,15.42,5,sudden_drop,Critical
Hostel Blocks,0,564,23,1380,121.347,158.045,-36.698,-23.22,-0.241,-36.877,0.538,5,sudden_drop,Critical
Hostel Blocks,0,565,23,1385,120.493,157.975,-37.482,-23.727,-0.854,-37.041,0.549,5,sudden_drop,Critical
Hostel Blocks,0,566,23,1390,120.434,157.906,-37.472,-23.731,-0.059,-37.201,0.502,5,sudden_drop,Critical
Hostel Blocks,0,567,23,1395,124.19,157.836,-33.646,-21.317,3.756,-36.609,1.536,5,sudden_drop,Critical
Hostel Blocks,0,568,23,1400,123.297,157.767,-34.47,-21.849,-0.893,-36.049,1.612,5,sudden_drop,Critical
Hostel Blocks,0,569,23,1405,123.16,157.697,-34.537,-21.901,-0.137,-35.718,1.697,5,sudden_drop,Critical
Hostel Blocks,0,570,23,1410,122.014,157.628,-35.614,-22.594,-1.146,-35.537,1.628,5,sudden_drop,Critical
Hostel Blocks,0,571,23,1415,122.938,157.558,-34.62,-21.973,0.924,-35.06,1.337,5,sudden_drop,Critical
Hostel Blocks,0,572,23,1420,123.378,157.489,-34.11,-21.659,0.44,-34.5,0.654,5,sudden_drop,Critical
Hostel Blocks,0,573,23,1425,124.559,157.419,-32.86,-20.874,1.181,-34.368,0.894,5,sudden_drop,Critical
Hostel Blocks,0,574,23,1430,124.07,157.35,-33.279,-21.15,-0.489,-34.17,0.994,5,sudden_drop,Critical
Hostel Blocks,0,575,23,1435,122.954,157.28,-34.326,-21.825,-1.116,-34.135,0.982,5,sudden_drop,Critical
Hostel Blocks,0,576,0,0,139.976,177.659,-37.682,-21.21,17.022,-34.48,1.703,5,sudden_drop,Critical
Hostel Blocks,0,577,0,5,137.664,177.585,-39.92,-22.48,-2.312,-35.363,2.807,5,sudden_drop,Critical
Hostel Blocks,0,578,0,10,139.808,177.511,-37.703,-21.24,2.144,-35.962,2.869,5,sudden_drop,Critical
Hostel Blocks,0,579,0,15,138.844,177.437,-38.593,-21.75,-0.964,-36.917,2.568,5,sudden_drop,Critical
Hostel Blocks,0,580,0,20,139.252,177.363,-38.111,-21.488,0.408,-37.723,1.859,5,sudden_drop,Critical
Hostel Blocks,0,581,0,25,138.198,177.29,-39.091,-22.049,-1.054,-38.517,0.875,5,sudden_drop,Critical
Hostel Blocks,0,582,0,30,139.47,177.216,-37.746,-21.299,1.272,-38.527,0.863,5,sudden_drop,Critical
Hostel Blocks,0,583,0,35,139.778,177.142,-37.364,-21.093,0.308,-38.101,0.64,5,sudden_drop,Critical
Hostel Blocks,0,584,0,40,139.334,177.069,-37.735,-21.311,-0.444,-38.107,0.636,5,sudden_drop,Critical
Hostel Blocks,0,585,0,45,137.982,176.995,-39.013,-22.042,-1.352,-38.177,0.718,5,sudden_drop,Critical
Hostel Blocks,0,586,0,50,139.781,176.921,-37.14,-20.992,1.799,-38.015,0.836,5,sudden_drop,Critical
Hostel Blocks,0,587,0,55,138.289,176.848,-38.559,-21.804,-1.492,-37.926,0.719,5,sudden_drop,Critical
Hostel Blocks,0,588,1,60,138.822,176.774,-37.952,-21.469,0.533,-37.96,0.714,5,sudden_drop,Critical
Hostel Blocks,0,589,1,65,139.658,176.7,-37.043,-20.963,0.836,-37.907,0.776,5,sudden_drop,Critical
Hostel Blocks,0,590,1,70,139.451,176.627,-37.175,-21.047,-0.207,-37.814,0.833,5,sudden_drop,Critical
Hostel Blocks,0,591,1,75,139.416,176.553,-37.138,-21.035,-0.035,-37.501,0.617,5,sudden_drop,Critical
Hostel Blocks,0,592,1,80,140.28,176.48,-36.2,-20.512,0.864,-37.344,0.814,5,sudden_drop,Critical
Hostel Blocks,0,593,1,85,137.53,176.406,-38.876,-22.038,-2.75,-37.397,0.913,5,sudden_drop,Critical
Hostel Blocks,0,594,1,90,140.057,176.333,-36.275,-20.572,2.527,-37.118,0.965,5,sudden_drop,Critical
Hostel Blocks,0,595,1,95,139.646,176.259,-36.613,-20.772,-0.411,-37.046,0.987,5,sudden_drop,Critical
Hostel Blocks,0,596,1,100,137.306,176.186,-38.879,-22.067,-2.34,-37.33,1.243,5,sudden_drop,Critical
Hostel Blocks,0,597,1,105,139.578,176.112,-36.534,-20.745,2.272,-37.23,1.286,5,sudden_drop,Critical
Hostel Blocks,0,598,1,110,137.849,176.039,-38.189,-21.694,-1.729,-37.561,1.222,5,sudden_drop,Critical
Hostel Blocks,0,599,1,115,140.273,175.965,-35.692,-20.284,2.424,-37.03,1.228,5,sudden_drop,Critical
Hostel Blocks,0,600,2,120,140.103,175.892,-35.789,-20.347,-0.17,-36.949,1.302,5,sudden_drop,Critical
Hostel Blocks,0,601,2,125,137.632,175.818,-38.186,-21.719,-2.471,-37.212,1.377,5,sudden_drop,Critical
Hostel Blocks,0,602,2,130,137.212,175.745,-38.533,-21.926,-0.42,-37.154,1.298,5,sudden_drop,Critical
Hostel Blocks,0,603,2,135,137.942,175.671,-37.729,-21.477,0.73,-37.353,1.275,5,sudden_drop,Critical
Hostel Blocks,0,604,2,140,137.719,175.598,-37.879,-21.571,-0.223,-37.301,1.24,5,sudden_drop,Critical
Hostel Blocks,0,605,2,145,138.315,175.525,-37.209,-21.199,0.596,-37.554,0.972,5,sudden_drop,Critical
Hostel Blocks,0,606,2,150,139.115,175.451,-36.336,-20.71,0.8,-37.645,0.781,5,sudden_drop,Critical
Hostel Blocks,0,607,2,155,139.995,175.378,-35.383,-20.175,0.88,-37.178,1.146,5,sudden_drop,Critical
Hostel Blocks,0,608,2,160,139.232,175.305,-36.072,-20.577,-0.763,-36.768,0.994,5,sudden_drop,Critical
Hostel Blocks,0,609,2,165,174.62,175.231,-0.612,-0.349,35.388,-30.582,14.708,5,none,Normal
Hostel Blocks,0,610,2,170,176.25,175.158,1.092,0.624,1.63,-24.087,18.86,5,none,Normal
Hostel Blocks,0,611,2,175,173.865,175.085,-1.219,-0.696,-2.385,-18.088,19.562,5,none,Normal
Hostel Blocks,0,612,3,180,175.301,175.011,0.289,0.165,1.436,-11.984,18.41,5,none,Normal
Hostel Blocks,0,613,3,185,174.957,174.938,0.019,0.011,-0.344,-6.084,14.712,5,none,Normal
Hostel Blocks,0,614,3,190,174.313,174.865,-0.552,-0.315,-0.644,-0.164,0.81,5,none,Normal
Hostel Blocks,0,615,3,195,173.823,174.792,-0.969,-0.554,-0.49,-0.223,0.861,5,none,Normal
Hostel Blocks,0,616,3,200,174.464,174.719,-0.254,-0.145,0.641,-0.448,0.579,5,none,Normal
Hostel Blocks,0,617,3,205,174.904,174.645,0.259,0.148,0.44,-0.201,0.493,5,none,Normal
Hostel Blocks,0,618,3,210,174.966,174.572,0.394,0.226,0.062,-0.184,0.515,5,none,Normal
Hostel Blocks,0,619,3,215,175.353,174.499,0.854,0.489,0.387,-0.045,0.67,5,none,Normal
Hostel Blocks,0,620,3,220,174.203,174.426,-0.223,-0.128,-1.15,0.01,0.633,5,none,Normal
Hostel Blocks,0,621,3,225,174.692,174.353,0.34,0.195,0.489,0.228,0.417,5,none,Normal
Hostel Blocks,0,622,3,230,174.107,174.28,-0.172,-0.099,-0.585,0.242,0.399,5,none,Normal
Hostel Blocks,0,623,3,235,173.416,174.207,-0.79,-0.454,-0.691,0.067,0.579,5,none,Normal
Hostel Blocks,0,624,4,240,174.835,174.133,0.701,0.403,1.419,0.118,0.625,5,none,Normal
Hostel Blocks,0,625,4,245,173.444,174.06,-0.617,-0.354,-1.391,-0.127,0.565,5,none,Normal
Hostel Blocks,0,626,4,250,174.442,173.987,0.454,0.261,0.998,-0.014,0.608,5,none,Normal
Hostel Blocks,0,627,4,255,174.474,173.914,0.56,0.322,0.032,0.023,0.639,5,none,Normal
Hostel Blocks,0,628,4,260,173.775,173.841,-0.067,-0.038,-0.699,0.04,0.634,5,none,Normal
Hostel Blocks,0,629,4,265,174.723,173.768,0.955,0.549,0.948,0.331,0.575,5,none,Normal
Hostel Blocks,0,630,4,270,174.059,173.695,0.363,0.209,-0.664,0.275,0.547,5,none,Normal
Hostel Blocks,0,631,4,275,173.819,173.622,0.196,0.113,-0.24,0.41,0.346,5,none,Normal
Hostel Blocks,0,632,4,280,173.484,173.549,-0.066,-0.038,-0.335,0.324,0.394,5,none,Normal
Hostel Blocks,0,633,4,285,173.658,173.476,0.182,0.105,0.174,0.26,0.379,5,none,Normal
Hostel Blocks,0,634,4,290,174.574,173.404,1.17,0.675,0.916,0.467,0.486,5,none,Normal
Hostel Blocks,0,635,4,295,172.484,173.331,-0.847,-0.488,-2.09,0.166,0.652,5,none,Normal
Hostel Blocks,0,636,5,300,174.581,173.258,1.323,0.763,2.097,0.326,0.809,5,none,Normal
Hostel Blocks,0,637,5,305,174.638,173.185,1.453,0.839,0.057,0.536,0.923,5,none,Normal
Hostel Blocks,0,638,5,310,172.939,173.112,-0.173,-0.1,-1.699,0.518,0.938,5,none,Normal
Hostel Blocks,0,639,5,315,173.91,173.039,0.871,0.503,0.971,0.633,0.931,5,none,Normal
Hostel Blocks,0,640,5,320,172.681,172.966,-0.285,-0.165,-1.229,0.39,0.952,5,none,Normal
Hostel Blocks,0,641,5,325,172.103,172.894,-0.791,-0.457,-0.578,0.4,0.938,5,none,Normal
Hostel Blocks,0,642,5,330,172.096,172.821,-0.725,-0.419,-0.007,0.058,0.907,5,none,Normal
Hostel Blocks,0,643,5,335,172.351,172.748,-0.397,-0.23,0.255,-0.25,0.601,5,none,Normal
Hostel Blocks,0,644,5,340,171.834,172.675,-0.841,-0.487,-0.517,-0.361,0.644,5,none,Normal
Hostel Blocks,0,645,5,345,172.544,172.602,-0.058,-0.034,0.71,-0.516,0.317,5,none,Normal
Hostel Blocks,0,646,5,350,173.098,172.53,0.568,0.329,0.554,-0.374,0.548,5,none,Normal
Hostel Blocks,0,647,5,355,172.199,172.457,-0.257,-0.149,-0.899,-0.285,0.509,5,none,Normal
Hostel Blocks,0,648,6,360,172.122,172.384,-0.262,-0.152,-0.077,-0.208,0.462,5,none,Normal
Hostel Blocks,0,649,6,365,172.685,172.312,0.373,0.216,0.563,-0.08,0.504,5,none,Normal
Hostel Blocks,0,650,6,370,172.677,172.239,0.438,0.254,-0.008,0.134,0.37,5,none,Normal
Hostel Blocks,0,651,6,375,171.737,172.166,-0.429,-0.249,-0.94,0.072,0.434,5,none,Normal
Hostel Blocks,0,652,6,380,171.164,172.094,-0.929,-0.54,-0.573,-0.178,0.514,5,none,Normal
Hostel Blocks,0,653,6,385,170.943,172.021,-1.078,-0.627,-0.221,-0.315,0.635,5,none,Normal
Hostel Blocks,0,654,6,390,173.484,171.948,1.536,0.893,2.541,-0.015,0.99,5,none,Normal
Hostel Blocks,0,655,6,395,171.446,171.876,-0.43,-0.25,-2.038,-0.149,0.981,5,none,Normal
Hostel Blocks,0,656,6,400,172.496,171.803,0.693,0.404,1.05,-0.106,1.016,5,none,Normal
Hostel Blocks,0,657,6,405,173.504,171.73,1.774,1.033,1.008,0.261,1.248,5,none,Normal
Hostel Blocks,0,658,6,410,172.034,171.658,0.376,0.219,-1.47,0.478,1.105,5,none,Normal
Hostel Blocks,0,659,6,415,171.497,171.585,-0.088,-0.051,-0.537,0.643,0.876,5,none,Normal
Hostel Blocks,0,660,7,420,171.937,171.513,0.424,0.247,0.44,0.458,0.759,5,none,Normal
Hostel Blocks,0,661,7,425,171.442,171.44,0.002,0.001,-0.495,0.53,0.674,5,none,Normal
Hostel Blocks,0,662,7,430,169.232,171.368,-2.135,-1.246,-2.21,0.059,1.266,5,none,Normal
Hostel Blocks,0,663,7,435,170.797,171.295,-0.498,-0.291,1.565,-0.32,0.951,5,none,Normal
Hostel Blocks,0,664,7,440,170.214,171.223,-1.009,-0.589,-0.583,-0.551,0.916,5,none,Normal
Hostel Blocks,0,665,7,445,172.642,171.15,1.491,0.871,2.428,-0.288,1.243,5,none,Normal
Hostel Blocks,0,666,7,450,171.641,171.078,0.563,0.329,-1.001,-0.264,1.261,5,none,Normal
Hostel Blocks,0,667,7,455,171.615,171.006,0.61,0.357,-0.026,-0.163,1.31,5,none,Normal
Hostel Blocks,0,668,7,460,170.954,170.933,0.02,0.012,-0.661,0.196,0.889,5,none,Normal
Hostel Blocks,0,669,7,465,170.567,170.861,-0.293,-0.172,-0.387,0.23,0.86,5,none,Normal
Hostel Blocks,0,670,7,470,171.256,170.788,0.468,0.274,0.689,0.476,0.609,5,none,Normal
Hostel Blocks,0,671,7,475,170.653,170.716,-0.063,-0.037,-0.603,0.217,0.378,5,none,Normal
Hostel Blocks,0,672,8,480,170.125,170.644,-0.519,-0.304,-0.528,0.037,0.434,5,none,Normal
Hostel Blocks,0,673,8,485,171.356,170.571,0.785,0.46,1.231,0.066,0.483,5,none,Normal
Hostel Blocks,0,674,8,490,170.766,170.499,0.267,0.156,-0.59,0.107,0.489,5,none,Normal
Hostel Blocks,0,675,8,495,171.93,170.427,1.503,0.882,1.164,0.407,0.699,5,none,Normal
Hostel Blocks,0,676,8,500,170.697,170.355,0.342,0.201,-1.233,0.386,0.699,5,none,Normal
Hostel Blocks,0,677,8,505,168.72,170.282,-1.563,-0.918,-1.977,0.136,1.064,5,none,Normal
Hostel Blocks,0,678,8,510,169.583,170.21,-0.627,-0.368,0.863,0.118,1.079,5,none,Normal
Hostel Blocks,0,679,8,515,170.067,170.138,-0.071,-0.042,0.484,-0.025,1.028,5,none,Normal
Hostel Blocks,0,680,8,520,170.332,170.066,0.266,0.157,0.265,-0.025,1.028,5,none,Normal
Hostel Blocks,0,681,8,525,170.332,169.993,0.339,0.199,0.0,-0.219,0.756,5,none,Normal
Hostel Blocks,0,682,8,530,160.24,169.921,-9.681,-5.698,-10.092,-1.89,3.881,5,slow_drift,Warning
Hostel Blocks,0,683,8,535,160.17,169.849,-9.679,-5.698,-0.07,-3.242,4.998,5,slow_drift,Warning
Hostel Blocks,0,684,9,540,159.956,169.777,-9.82,-5.784,-0.214,-4.774,5.427,5,slow_drift,Warning
Hostel Blocks,0,685,9,545,158.627,169.705,-11.078,-6.528,-1.329,-6.609,5.379,5,slow_drift,Warning
Hostel Blocks,0,686,9,550,159.023,169.633,-10.61,-6.254,0.396,-8.422,4.329,5,slow_drift,Warning
Hostel Blocks,0,687,9,555,158.892,169.56,-10.668,-6.292,-0.131,-10.256,0.604,5,slow_drift,Warning
Hostel Blocks,0,688,9,560,158.016,169.488,-11.472,-6.769,-0.876,-10.554,0.698,5,slow_drift,Warning
Hostel Blocks,0,689,9,565,156.469,169.416,-12.947,-7.642,-1.547,-11.099,1.06,5,slow_drift,Warning
Hostel Blocks,0,690,9,570,156.804,169.344,-12.54,-7.405,0.335,-11.552,0.982,5,slow_drift,Warning
Hostel Blocks,0,691,9,575,155.312,169.272,-13.96,-8.247,-1.492,-12.033,1.342,5,slow_drift,Warning
Hostel Blocks,0,692,9,580,154.334,169.2,-14.866,-8.786,-0.978,-12.742,1.549,5,slow_drift,Warning
Hostel Blocks,0,693,9,585,153.482,169.128,-15.646,-9.251,-0.852,-13.572,1.549,5,slow_drift,Warning
Hostel Blocks,0,694,9,590,152.983,169.056,-16.073,-9.507,-0.499,-14.339,1.436,5,slow_drift,Warning
Hostel Blocks,0,695,9,595,152.247,168.984,-16.737,-9.904,-0.736,-14.97,1.532,5,slow_drift,Warning
Hostel Blocks,0,696,10,600,151.898,168.912,-17.014,-10.073,-0.349,-15.716,1.155,5,slow_drift,Suspected Leak
Hostel Blocks,0,697,10,605,151.208,168.84,-17.632,-10.443,-0.69,-16.328,1.001,5,slow_drift,Suspected Leak
Hostel Blocks,0,698,10,610,150.431,168.768,-18.338,-10.866,-0.777,-16.907,0.99,5,slow_drift,Suspected Leak
Hostel Blocks,0,699,10,615,150.008,168.696,-18.688,-11.078,-0.423,-17.414,0.994,5,slow_drift,Suspected Leak
Hostel Blocks,0,700,10,620,149.778,168.624,-18.846,-11.176,-0.23,-17.876,0.885,5,slow_drift,Suspected Leak
Hostel Blocks,0,701,10,625,148.952,168.552,-19.6,-11.629,-0.826,-18.353,0.919,5,slow_drift,Suspected Leak
Hostel Blocks,0,702,10,630,146.81,168.481,-21.67,-12.862,-2.142,-19.129,1.401,5,slow_drift,Suspected Leak
Hostel Blocks,0,703,10,635,145.488,168.409,-22.92,-13.61,-1.322,-20.01,1.86,5,slow_drift,Suspected Leak
Hostel Blocks,0,704,10,640,146.901,168.337,-21.435,-12.734,1.413,-20.526,1.728,5,slow_drift,Suspected Leak
Hostel Blocks,0,705,10,645,144.841,168.265,-23.424,-13.921,-2.06,-21.316,1.8,5,slow_drift,Suspected Leak
Hostel Blocks,0,706,10,650,144.848,168.193,-23.346,-13.88,0.007,-22.066,1.473,5,slow_drift,Suspected Leak
Hostel Blocks,0,707,10,655,143.602,168.121,-24.519,-14.584,-1.246,-22.886,1.162,5,slow_drift,Suspected Leak
Hostel Blocks,0,708,11,660,142.545,168.05,-25.504,-15.177,-1.057,-23.525,1.391,5,slow_drift,Suspected Leak
Hostel Blocks,0,709,11,665,143.274,167.978,-24.704,-14.707,0.729,-23.822,1.427,5,slow_drift,Suspected Leak
Hostel Blocks,0,710,11,670,142.728,167.906,-25.178,-14.995,-0.546,-24.446,0.892,5,slow_drift,Suspected Leak
Hostel Blocks,0,711,11,675,141.25,167.834,-26.584,-15.839,-1.478,-24.972,1.081,5,slow_drift,Suspected Leak
Hostel Blocks,0,712,11,680,139.366,167.763,-28.397,-16.927,-1.884,-25.814,1.461,5,slow_drift,Suspected Leak
Hostel Blocks,0,713,11,685,139.918,167.691,-27.773,-16.562,0.552,-26.357,1.488,5,slow_drift,Suspected Leak
Hostel Blocks,0,714,11,690,139.806,167.619,-27.813,-16.593,-0.112,-26.742,1.521,5,slow_drift,Suspected Leak
Hostel Blocks,0,715,11,695,138.01,167.547,-29.538,-17.63,-1.796,-27.547,1.507,5,slow_drift,Suspected Leak
Hostel Blocks,0,716,11,700,138.333,167.476,-29.142,-17.401,0.323,-28.208,1.064,5,slow_drift,Suspected Leak
Hostel Blocks,0,717,11,705,137.541,167.404,-29.863,-17.839,-0.792,-28.754,0.891,5,slow_drift,Suspected Leak
Hostel Blocks,0,718,11,710,137.226,167.333,-30.107,-17.992,-0.315,-29.039,1.018,5,slow_drift,Suspected Leak
Hostel Blocks,0,719,11,715,136.278,167.261,-30.983,-18.524,-0.948,-29.574,1.062,5,slow_drift,Suspected Leak
Hostel Blocks,0,720,12,720,134.951,167.189,-32.238,-19.283,-1.327,-30.312,1.129,5,slow_drift,Suspected Leak
Hostel Blocks,0,721,12,725,135.582,167.118,-31.536,-18.87,0.631,-30.645,1.149,5,slow_drift,Suspected Leak
Hostel Blocks,0,722,12,730,134.099,167.046,-32.948,-19.724,-1.483,-31.279,1.203,5,slow_drift,Suspected Leak
Hostel Blocks,0,723,12,735,133.508,166.975,-33.467,-20.043,-0.591,-31.88,1.253,5,slow_drift,Critical
Hostel Blocks,0,724,12,740,132.295,166.903,-34.608,-20.736,-1.213,-32.63,1.325,5,slow_drift,Critical
Hostel Blocks,0,725,12,745,131.92,166.831,-34.911,-20.926,-0.375,-33.285,1.319,5,slow_drift,Critical
Hostel Blocks,0,726,12,750,130.987,166.76,-35.773,-21.452,-0.933,-33.874,1.53,5,slow_drift,Critical
Hostel Blocks,0,727,12,755,130.747,166.688,-35.942,-21.562,-0.24,-34.608,1.207,5,slow_drift,Critical
Hostel Blocks,0,728,12,760,131.21,166.617,-35.407,-21.25,0.463,-35.018,0.912,5,slow_drift,Critical
Hostel Blocks,0,729,12,765,128.694,166.546,-37.852,-22.728,-2.516,-35.749,1.147,5,slow_drift,Critical
Hostel Blocks,0,730,12,770,127.883,166.474,-38.591,-23.182,-0.811,-36.413,1.464,5,slow_drift,Critical
Hostel Blocks,0,731,12,775,129.068,166.403,-37.334,-22.436,1.185,-36.816,1.291,5,slow_drift,Critical
Hostel Blocks,0,732,13,780,127.395,166.331,-38.936,-23.409,-1.673,-37.344,1.419,5,slow_drift,Critical
Hostel Blocks,0,733,13,785,126.455,166.26,-39.805,-23.941,-0.94,-37.988,1.528,5,slow_drift,Critical
Hostel Blocks,0,734,13,790,126.816,166.188,-39.372,-23.691,0.361,-38.648,0.928,5,slow_drift,Critical
Hostel Blocks,0,735,13,795,125.166,166.117,-40.951,-24.652,-1.65,-39.165,1.215,5,slow_drift,Critical
Hostel Blocks,0,736,13,800,125.962,166.046,-40.084,-24.14,0.796,-39.414,1.226,5,slow_drift,Critical
Hostel Blocks,0,737,13,805,124.611,165.974,-41.363,-24.922,-1.351,-40.085,0.926,5,slow_drift,Critical
Hostel Blocks,0,738,13,810,123.25,165.903,-42.653,-25.71,-1.361,-40.705,1.205,5,slow_drift,Critical
Hostel Blocks,0,739,13,815,124.176,165.832,-41.656,-25.119,0.926,-41.013,1.165,5,slow_drift,Critical
Hostel Blocks,0,740,13,820,121.857,165.76,-43.903,-26.486,-2.319,-41.768,1.343,5,slow_drift,Critical
Hostel Blocks,0,741,13,825,122.006,165.689,-43.683,-26.365,0.149,-42.224,1.468,5,slow_drift,Critical
Hostel Blocks,0,742,13,830,166.745,165.618,1.127,0.681,44.739,-35.355,17.902,5,none,Normal
Hostel Blocks,0,743,13,835,166.507,165.547,0.96,0.58,-0.238,-28.301,22.745,5,none,Normal
Hostel Blocks,0,744,14,840,165.358,165.475,-0.117,-0.071,-1.149,-21.212,23.973,5,none,Normal
Hostel Blocks,0,745,14,845,166.463,165.404,1.059,0.64,1.105,-14.093,23.01,5,none,Normal
Hostel Blocks,0,746,14,850,165.149,165.333,-0.184,-0.111,-1.314,-6.806,18.075,5,none,Normal
Hostel Blocks,0,747,14,855,164.392,165.262,-0.87,-0.526,-0.757,0.329,0.833,5,none,Normal
Hostel Blocks,0,748,14,860,165.481,165.191,0.291,0.176,1.089,0.19,0.737,5,none,Normal
Hostel Blocks,0,749,14,865,163.963,165.119,-1.156,-0.7,-1.518,-0.163,0.798,5,none,Normal
Hostel Blocks,0,750,14,870,166.233,165.048,1.185,0.718,2.27,0.054,0.972,5,none,Normal
Hostel Blocks,0,751,14,875,166.134,164.977,1.156,0.701,-0.099,0.07,0.992,5,none,Normal
Hostel Blocks,0,752,14,880,163.417,164.906,-1.489,-0.903,-2.717,-0.147,1.184,5,none,Normal
Hostel Blocks,0,753,14,885,165.501,164.835,0.666,0.404,2.084,0.109,1.162,5,none,Normal
Hostel Blocks,0,754,14,890,165.58,164.764,0.816,0.496,0.079,0.196,1.198,5,none,Normal
Hostel Blocks,0,755,14,895,165.358,164.693,0.666,0.404,-0.222,0.5,1.001,5,none,Normal
Hostel Blocks,0,756,15,900,165.452,164.622,0.831,0.505,0.094,0.441,0.962,5,none,Normal
Hostel Blocks,0,757,15,905,165.149,164.551,0.598,0.364,-0.303,0.348,0.905,5,none,Normal
Hostel Blocks,0,758,15,910,165.753,164.48,1.274,0.774,0.604,0.808,0.246,5,none,Normal
Hostel Blocks,0,759,15,915,165.105,164.409,0.697,0.424,-0.648,0.814,0.243,5,none,Normal
Hostel Blocks,0,760,15,920,164.715,164.338,0.378,0.23,-0.39,0.741,0.301,5,none,Normal
Hostel Blocks,0,761,15,925,163.002,164.267,-1.264,-0.77,-1.713,0.419,0.877,5,none,Normal
Hostel Blocks,0,762,15,930,164.513,164.196,0.317,0.193,1.511,0.333,0.853,5,none,Normal
Hostel Blocks,0,763,15,935,163.302,164.125,-0.823,-0.501,-1.211,0.096,0.956,5,none,Normal
Hostel Blocks,0,764,15,940,164.111,164.054,0.058,0.035,0.809,-0.106,0.767,5,none,Normal
Hostel Blocks,0,765,15,945,165.099,163.983,1.116,0.68,0.988,-0.036,0.867,5,none,Normal
Hostel Blocks,0,766,15,950,163.44,163.912,-0.472,-0.288,-1.659,-0.178,0.855,5,none,Normal
Hostel Blocks,0,767,15,955,163.83,163.841,-0.011,-0.007,0.39,0.031,0.67,5,none,Normal
Hostel Blocks,0,768,16,960,165.092,163.77,1.322,0.807,1.262,0.198,0.856,5,none,Normal
Hostel Blocks,0,769,16,965,164.623,163.699,0.924,0.564,-0.469,0.49,0.726,5,none,Normal
Hostel Blocks,0,770,16,970,164.464,163.628,0.836,0.511,-0.159,0.619,0.703,5,none,Normal
Hostel Blocks,0,771,16,975,163.071,163.558,-0.487,-0.298,-1.393,0.352,0.777,5,none,Normal
Hostel Blocks,0,772,16,980,162.711,163.487,-0.776,-0.474,-0.36,0.301,0.848,5,none,Normal
Hostel Blocks,0,773,16,985,164.669,163.416,1.253,0.767,1.958,0.512,0.91,5,none,Normal
Hostel Blocks,0,774,16,990,163.583,163.345,0.238,0.145,-1.086,0.331,0.82,5,none,Normal
Hostel Blocks,0,775,16,995,164.471,163.275,1.197,0.733,0.888,0.377,0.866,5,none,Normal
Hostel Blocks,0,776,16,1000,165.176,163.204,1.973,1.209,0.705,0.566,1.083,5,none,Normal
Hostel Blocks,0,777,16,1005,162.625,163.133,-0.508,-0.311,-2.551,0.563,1.087,5,none,Normal
Hostel Blocks,0,778,16,1010,164.23,163.062,1.168,0.716,1.605,0.887,0.878,5,none,Normal
Hostel Blocks,0,779,16,1015,163.295,162.992,0.303,0.186,-0.935,0.728,0.885,5,none,Normal
Hostel Blocks,0,780,17,1020,162.034,162.921,-0.887,-0.544,-1.261,0.541,1.102,5,none,Normal
Hostel Blocks,0,781,17,1025,161.917,162.85,-0.933,-0.573,-0.117,0.186,1.188,5,none,Normal
Hostel Blocks,0,782,17,1030,164.348,162.78,1.569,0.964,2.431,0.119,1.072,5,none,Normal
Hostel Blocks,0,783,17,1035,162.075,162.709,-0.634,-0.39,-2.273,0.098,1.088,5,none,Normal
Hostel Blocks,0,784,17,1040,163.776,162.638,1.138,0.7,1.701,0.093,1.082,5,none,Normal
Hostel Blocks,0,785,17,1045,162.104,162.568,-0.463,-0.285,-1.672,-0.035,1.098,5,none,Normal
Hostel Blocks,0,786,17,1050,161.935,162.497,-0.563,-0.346,-0.169,0.019,1.054,5,none,Normal
Hostel Blocks,0,787,17,1055,162.727,162.427,0.301,0.185,0.792,0.225,0.946,5,none,Normal
Hostel Blocks,0,788,17,1060,161.962,162.356,-0.394,-0.243,-0.765,-0.103,0.694,5,none,Normal
Hostel Blocks,0,789,17,1065,162.549,162.285,0.263,0.162,0.587,0.047,0.652,5,none,Normal
Hostel Blocks,0,790,17,1070,163.248,162.215,1.034,0.637,0.699,0.03,0.618,5,none,Normal
Hostel Blocks,0,791,17,1075,162.068,162.144,-0.076,-0.047,-1.18,0.094,0.575,5,none,Normal
Hostel Blocks,0,792,18,1080,161.601,162.074,-0.473,-0.292,-0.467,0.109,0.555,5,none,Normal
Hostel Blocks,0,793,18,1085,159.836,162.003,-2.167,-1.338,-1.765,-0.302,1.065,5,none,Normal
Hostel Blocks,0,794,18,1090,162.289,161.933,0.356,0.22,2.453,-0.177,1.096,5,none,Normal
Hostel Blocks,0,795,18,1095,162.987,161.862,1.124,0.695,0.698,-0.034,1.215,5,none,Normal
Hostel Blocks,0,796,18,1100,163.025,161.792,1.233,0.762,0.038,-0.0,1.252,5,none,Normal
Hostel Blocks,0,797,18,1105,164.426,161.722,2.704,1.672,1.401,0.463,1.665,5,none,Normal
Hostel Blocks,0,798,18,1110,163.122,161.651,1.471,0.91,-1.304,0.787,1.635,5,none,Normal
Hostel Blocks,0,799,18,1115,162.503,161.581,0.922,0.571,-0.619,1.302,0.784,5,none,Normal
Hostel Blocks,0,800,18,1120,160.584,161.51,-0.926,-0.574,-1.919,1.088,1.172,5,none,Normal
Hostel Blocks,0,801,18,1125,161.314,161.44,-0.126,-0.078,0.73,0.88,1.271,5,none,Normal
Hostel Blocks,0,802,18,1130,161.605,161.37,0.235,0.146,0.291,0.713,1.281,5,none,Normal
Hostel Blocks,0,803,18,1135,161.937,161.299,0.638,0.395,0.332,0.369,0.841,5,none,Normal
Hostel Blocks,0,804,19,1140,161.284,161.229,0.055,0.034,-0.653,0.133,0.645,5,none,Normal
Hostel Blocks,0,805,19,1145,160.521,161.159,-0.638,-0.396,-0.763,-0.127,0.574,5,none,Normal
Hostel Blocks,0,806,19,1150,159.908,161.088,-1.18,-0.733,-0.613,-0.169,0.649,5,none,Normal
Hostel Blocks,0,807,19,1155,162.047,161.018,1.029,0.639,2.139,0.023,0.815,5,none,Normal
Hostel Blocks,0,808,19,1160,160.581,160.948,-0.367,-0.228,-1.466,-0.077,0.821,5,none,Normal
Hostel Blocks,0,809,19,1165,162.879,160.878,2.001,1.244,2.298,0.15,1.172,5,none,Normal
Hostel Blocks,0,810,19,1170,160.992,160.807,0.184,0.115,-1.887,0.171,1.171,5,none,Normal
Hostel Blocks,0,811,19,1175,159.891,160.737,-0.847,-0.527,-1.101,0.137,1.202,5,none,Normal
Hostel Blocks,0,812,19,1180,162.692,160.667,2.025,1.261,2.801,0.671,1.212,5,none,Normal
Hostel Blocks,0,813,19,1185,161.167,160.597,0.57,0.355,-1.525,0.594,1.2,5,none,Normal
Hostel Blocks,0,814,19,1190,159.957,160.527,-0.569,-0.355,-1.21,0.561,1.234,5,none,Normal
Hostel Blocks,0,815,19,1195,159.631,160.457,-0.826,-0.515,-0.326,0.089,1.108,5,none,Normal
Hostel Blocks,0,816,20,1200,159.959,160.386,-0.428,-0.267,0.328,-0.013,1.125,5,none,Normal
Hostel Blocks,0,817,20,1205,159.733,160.316,-0.583,-0.364,-0.226,0.031,1.091,5,none,Normal
Hostel Blocks,0,818,20,1210,159.075,160.246,-1.171,-0.731,-0.658,-0.501,0.586,5,none,Normal
Hostel Blocks,0,819,20,1215,158.433,160.176,-1.743,-1.088,-0.642,-0.887,0.494,5,none,Normal
Hostel Blocks,0,820,20,1220,162.379,160.106,2.273,1.42,3.946,-0.413,1.397,5,none,Normal
Hostel Blocks,0,821,20,1225,159.323,160.036,-0.713,-0.445,-3.056,-0.394,1.391,5,none,Normal
Hostel Blocks,0,822,20,1230,159.52,159.966,-0.446,-0.279,0.197,-0.397,1.391,5,none,Normal
Hostel Blocks,0,823,20,1235,160.635,159.896,0.739,0.462,1.115,-0.177,1.459,5,none,Normal
Hostel Blocks,0,824,20,1240,160.489,159.826,0.663,0.415,-0.146,0.129,1.4,5,none,Normal
Hostel Blocks,0,825,20,1245,158.994,159.756,-0.761,-0.477,-1.495,0.292,1.177,5,none,Normal
Hostel Blocks,0,826,20,1250,159.025,159.686,-0.661,-0.414,0.031,-0.197,0.704,5,none,Normal
Hostel Blocks,0,827,20,1255,159.662,159.616,0.046,0.029,0.637,-0.07,0.659,5,stuck_sensor,Normal
Hostel Blocks,0,828,21,1260,159.691,159.546,0.145,0.091,0.029,0.028,0.636,5,stuck_sensor,Normal
Hostel Blocks,0,829,21,1265,159.615,159.476,0.139,0.087,-0.076,-0.072,0.542,5,stuck_sensor,Normal
Hostel Blocks,0,830,21,1270,159.495,159.406,0.089,0.056,-0.12,-0.167,0.424,5,stuck_sensor,Normal
Hostel Blocks,0,831,21,1275,159.653,159.336,0.317,0.199,0.158,0.012,0.343,5,stuck_sensor,Normal
Hostel Blocks,0,832,21,1280,159.619,159.266,0.353,0.222,-0.034,0.181,0.125,5,stuck_sensor,Normal
Hostel Blocks,0,833,21,1285,159.538,159.196,0.341,0.214,-0.081,0.231,0.119,5,stuck_sensor,Normal
Hostel Blocks,0,834,21,1290,159.656,159.127,0.529,0.332,0.118,0.295,0.16,5,stuck_sensor,Normal
Hostel Blocks,0,835,21,1295,159.631,159.057,0.574,0.361,-0.025,0.367,0.173,5,stuck_sensor,Normal
Hostel Blocks,0,836,21,1300,159.639,158.987,0.652,0.41,0.008,0.461,0.142,5,stuck_sensor,Normal
Hostel Blocks,0,837,21,1305,159.535,158.917,0.618,0.389,-0.104,0.511,0.134,5,stuck_sensor,Normal
Hostel Blocks,0,838,21,1310,159.579,158.847,0.732,0.461,0.044,0.574,0.134,5,stuck_sensor,Normal
Hostel Blocks,0,839,21,1315,159.626,158.777,0.848,0.534,0.047,0.659,0.116,5,stuck_sensor,Normal
Hostel Blocks,0,840,22,1320,159.565,158.708,0.857,0.54,-0.061,0.713,0.119,5,stuck_sensor,Normal
Hostel Blocks,0,841,22,1325,159.637,158.638,0.999,0.63,0.072,0.784,0.144,5,stuck_sensor,Normal
Hostel Blocks,0,842,22,1330,159.625,158.568,1.056,0.666,-0.012,0.852,0.163,5,stuck_sensor,Normal
Hostel Blocks,0,843,22,1335,159.575,158.499,1.076,0.679,-0.05,0.928,0.137,5,stuck_sensor,Normal
Hostel Blocks,0,844,22,1340,159.562,158.429,1.133,0.715,-0.013,0.995,0.118,5,stuck_sensor,Normal
Hostel Blocks,0,845,22,1345,159.638,158.359,1.279,0.807,0.076,1.067,0.14,5,stuck_sensor,Normal
Hostel Blocks,0,846,22,1350,159.498,158.289,1.208,0.763,-0.14,1.125,0.104,5,stuck_sensor,Normal
Hostel Blocks,0,847,22,1355,159.647,158.22,1.427,0.902,0.149,1.196,0.14,5,stuck_sensor,Normal
Hostel Blocks,0,848,22,1360,159.617,158.15,1.467,0.927,-0.03,1.265,0.157,5,stuck_sensor,Normal
Hostel Blocks,0,849,22,1365,159.607,158.081,1.526,0.965,-0.01,1.34,0.156,5,stuck_sensor,Normal
Hostel Blocks,0,850,22,1370,159.584,158.011,1.573,0.995,-0.023,1.413,0.142,5,stuck_sensor,Normal
Hostel Blocks,0,851,22,1375,159.592,157.941,1.65,1.045,0.008,1.475,0.153,5,stuck_sensor,Normal
Hostel Blocks,0,852,23,1380,159.622,157.872,1.75,1.109,0.03,1.566,0.12,5,stuck_sensor,Normal
Hostel Blocks,0,853,23,1385,159.632,157.802,1.83,1.16,0.01,1.633,0.138,5,stuck_sensor,Normal
Hostel Blocks,0,854,23,1390,159.601,157.733,1.869,1.185,-0.031,1.7,0.139,5,stuck_sensor,Normal
Hostel Blocks,0,855,23,1395,159.66,157.663,1.997,1.267,0.059,1.778,0.154,5,stuck_sensor,Normal
Hostel Blocks,0,856,23,1400,159.607,157.594,2.013,1.278,-0.053,1.851,0.141,5,stuck_sensor,Normal
Hostel Blocks,0,857,23,1405,159.631,157.524,2.107,1.337,0.024,1.928,0.133,5,stuck_sensor,Normal
Hostel Blocks,0,858,23,1410,159.595,157.455,2.14,1.359,-0.036,1.993,0.124,5,stuck_sensor,Normal
Hostel Blocks,0,859,23,1415,159.622,157.385,2.237,1.421,0.027,2.06,0.129,5,stuck_sensor,Normal
Hostel Blocks,0,860,23,1420,159.662,157.316,2.346,1.491,0.04,2.14,0.134,5,stuck_sensor,Normal
Hostel Blocks,0,861,23,1425,159.71,157.246,2.463,1.567,0.048,2.218,0.166,5,stuck_sensor,Normal
Hostel Blocks,0,862,23,1430,159.594,157.177,2.417,1.538,-0.116,2.285,0.147,5,stuck_sensor,Normal
Hostel Blocks,0,863,23,1435,159.619,157.107,2.512,1.599,0.025,2.352,0.142,5,stuck_sensor,Normal
Hostel Blocks,0,864,0,0,159.64,177.641,-18.001,-10.133,0.021,-1.004,8.327,5,stuck_sensor,Suspected Leak
Hostel Blocks,0,865,0,5,159.584,177.568,-17.984,-10.128,-0.056,-4.374,10.549,5,stuck_sensor,Suspected Leak
Hostel Blocks,0,866,0,10,159.599,177.494,-17.895,-10.082,0.015,-7.748,11.187,5,stuck_sensor,Suspected Leak
Hostel Blocks,0,867,0,15,159.568,177.42,-17.852,-10.062,-0.031,-11.134,10.533,5,stuck_sensor,Suspected Leak
Hostel Blocks,0,868,0,20,159.719,177.346,-17.627,-9.939,0.151,-14.474,8.323,5,stuck_sensor,Warning
Hostel Blocks,0,869,0,25,159.617,177.273,-17.655,-9.959,-0.102,-17.836,0.161,5,stuck_sensor,Warning
Hostel Blocks,0,870,0,30,159.612,177.199,-17.587,-9.925,-0.005,-17.767,0.164,5,stuck_sensor,Warning
Hostel Blocks,0,871,0,35,159.563,177.125,-17.562,-9.915,-0.049,-17.696,0.142,5,stuck_sensor,Warning
Hostel Blocks,0,872,0,40,159.607,177.051,-17.445,-9.853,0.044,-17.621,0.134,5,stuck_sensor,Warning
Hostel Blocks,0,873,0,45,159.675,176.978,-17.302,-9.777,0.068,-17.53,0.133,5,stuck_sensor,Warning
Hostel Blocks,0,874,0,50,178.62,176.904,1.716,0.97,18.945,-14.306,7.85,5,none,Normal
Hostel Blocks,0,875,0,55,177.08,176.83,0.25,0.141,-1.54,-11.322,9.543,5,none,Normal
Hostel Blocks,0,876,1,60,176.64,176.757,-0.117,-0.066,-0.44,-8.41,9.907,5,none,Normal
Hostel Blocks,0,877,1,65,176.553,176.683,-0.13,-0.074,-0.087,-5.505,9.219,5,none,Normal
Hostel Blocks,0,878,1,70,177.118,176.61,0.509,0.288,0.565,-2.512,7.277,5,none,Normal
Hostel Blocks,0,879,1,75,177.589,176.536,1.053,0.596,0.471,0.547,0.723,5,none,Normal
Hostel Blocks,0,880,1,80,175.797,176.462,-0.665,-0.377,-1.792,0.15,0.595,5,none,Normal
Hostel Blocks,0,881,1,85,176.387,176.389,-0.002,-0.001,0.59,0.108,0.595,5,none,Normal
Hostel Blocks,0,882,1,90,176.022,176.315,-0.294,-0.166,-0.365,0.078,0.613,5,none,Normal
Hostel Blocks,0,883,1,95,176.174,176.242,-0.067,-0.038,0.152,0.089,0.609,5,none,Normal
Hostel Blocks,0,884,1,100,176.429,176.168,0.261,0.148,0.255,0.048,0.582,5,none,Normal
Hostel Blocks,0,885,1,105,175.765,176.095,-0.33,-0.187,-0.664,-0.183,0.319,5,none,Normal
Hostel Blocks,0,886,1,110,175.92,176.021,-0.101,-0.057,0.155,-0.089,0.215,5,none,Normal
Hostel Blocks,0,887,1,115,176.095,175.948,0.147,0.084,0.175,-0.064,0.235,5,none,Normal
Hostel Blocks,0,888,2,120,177.067,175.874,1.192,0.678,0.972,0.184,0.535,5,none,Normal
Hostel Blocks,0,889,2,125,175.655,175.801,-0.146,-0.083,-1.412,0.17,0.543,5,none,Normal
Hostel Blocks,0,890,2,130,175.46,175.728,-0.268,-0.152,-0.195,0.082,0.568,5,none,Normal
Hostel Blocks,0,891,2,135,175.519,175.654,-0.136,-0.077,0.059,0.115,0.545,5,none,Normal
Hostel Blocks,0,892,2,140,176.163,175.581,0.583,0.332,0.644,0.229,0.562,5,none,Normal
Hostel Blocks,0,893,2,145,175.707,175.507,0.2,0.114,-0.456,0.237,0.561,5,none,Normal
Hostel Blocks,0,894,2,150,175.443,175.434,0.009,0.005,-0.264,0.04,0.31,5,none,Normal
Hostel Blocks,0,895,2,155,175.32,175.361,-0.041,-0.023,-0.123,0.058,0.301,5,none,Normal
Hostel Blocks,0,896,2,160,174.515,175.287,-0.772,-0.441,-0.805,-0.026,0.445,5,none,Normal
Hostel Blocks,0,897,2,165,176.097,175.214,0.883,0.504,1.582,0.144,0.572,5,none,Normal
Hostel Blocks,0,898,2,170,174.878,175.141,-0.263,-0.15,-1.219,0.003,0.545,5,none,Normal
Hostel Blocks,0,899,2,175,175.274,175.068,0.206,0.118,0.396,0.004,0.546,5,none,Normal
Hostel Blocks,0,900,3,180,175.466,174.994,0.471,0.269,0.192,0.081,0.578,5,none,Normal
Hostel Blocks,0,901,3,185,175.702,174.921,0.781,0.446,0.236,0.218,0.638,5,none,Normal
Hostel Blocks,0,902,3,190,174.891,174.848,0.044,0.025,-0.811,0.354,0.441,5,none,Normal
Hostel Blocks,0,903,3,195,175.877,174.775,1.103,0.631,0.986,0.39,0.5,5,none,Normal
Hostel Blocks,0,904,3,200,174.427,174.701,-0.275,-0.157,-1.45,0.388,0.503,5,none,Normal
Hostel Blocks,0,905,3,205,173.948,174.628,-0.681,-0.39,-0.479,0.24,0.67,5,none,Normal
Hostel Blocks,0,906,3,210,174.914,174.555,0.359,0.205,0.966,0.222,0.664,5,none,Normal
Hostel Blocks,0,907,3,215,174.521,174.482,0.039,0.022,-0.393,0.098,0.605,5,none,Normal
Hostel Blocks,0,908,3,220,174.722,174.409,0.313,0.179,0.201,0.143,0.61,5,none,Normal
Hostel Blocks,0,909,3,225,174.218,174.336,-0.118,-0.067,-0.504,-0.061,0.39,5,none,Normal
Hostel Blocks,0,910,3,230,174.314,174.263,0.051,0.029,0.096,-0.006,0.376,5,none,Normal
Hostel Blocks,0,911,3,235,174.297,174.19,0.107,0.062,-0.017,0.125,0.18,5,none,Normal
Hostel Blocks,0,912,4,240,174.618,174.116,0.502,0.288,0.321,0.149,0.222,5,none,Normal
Hostel Blocks,0,913,4,245,174.631,174.043,0.588,0.338,0.013,0.24,0.274,5,none,Normal
Hostel Blocks,0,914,4,250,175.011,173.97,1.04,0.598,0.38,0.362,0.43,5,none,Normal
Hostel Blocks,0,915,4,255,173.682,173.897,-0.215,-0.124,-1.329,0.346,0.452,5,none,Normal
Hostel Blocks,0,916,4,260,173.866,173.824,0.042,0.024,0.184,0.344,0.454,5,none,Normal
Hostel Blocks,0,917,4,265,172.486,173.751,-1.265,-0.728,-1.38,0.115,0.806,5,none,Normal
Hostel Blocks,0,918,4,270,173.304,173.678,-0.375,-0.216,0.818,-0.031,0.801,5,none,Normal
Hostel Blocks,0,919,4,275,174.602,173.605,0.997,0.574,1.298,0.037,0.878,5,none,Normal
Hostel Blocks,0,920,4,280,173.451,173.532,-0.082,-0.047,-1.151,-0.15,0.729,5,none,Normal
Hostel Blocks,0,921,4,285,173.897,173.459,0.437,0.252,0.446,-0.041,0.765,5,none,Normal
Hostel Blocks,0,922,4,290,173.803,173.387,0.416,0.24,-0.094,0.021,0.788,5,none,Normal
Hostel Blocks,0,923,4,295,173.667,173.314,0.354,0.204,-0.136,0.291,0.474,5,none,Normal
Hostel Blocks,0,924,5,300,173.084,173.241,-0.156,-0.09,-0.583,0.328,0.417,5,none,Normal
Hostel Blocks,0,925,5,305,173.391,173.168,0.224,0.129,0.307,0.199,0.258,5,none,Normal
Hostel Blocks,0,926,5,310,172.14,173.095,-0.955,-0.552,-1.251,0.053,0.54,5,none,Normal
Hostel Blocks,0,927,5,315,173.808,173.022,0.786,0.454,1.668,0.111,0.605,5,none,Normal
Hostel Blocks,0,928,5,320,173.972,172.949,1.023,0.592,0.164,0.213,0.708,5,none,Normal
Hostel Blocks,0,929,5,325,174.125,172.876,1.248,0.722,0.153,0.362,0.827,5,none,Normal
Hostel Blocks,0,930,5,330,173.27,172.804,0.466,0.27,-0.855,0.465,0.788,5,none,Normal
Hostel Blocks,0,931,5,335,171.701,172.731,-1.03,-0.596,-1.569,0.256,1.002,5,none,Normal
Hostel Blocks,0,932,5,340,172.76,172.658,0.102,0.059,1.059,0.432,0.823,5,none,Normal
Hostel Blocks,0,933,5,345,172.514,172.585,-0.071,-0.041,-0.246,0.29,0.824,5,none,Normal
Hostel Blocks,0,934,5,350,172.856,172.513,0.343,0.199,0.342,0.176,0.746,5,none,Normal
Hostel Blocks,0,935,5,355,173.283,172.44,0.843,0.489,0.427,0.109,0.64,5,none,Normal
Hostel Blocks,0,936,6,360,171.943,172.367,-0.424,-0.246,-1.34,-0.04,0.644,5,none,Normal
Hostel Blocks,0,937,6,365,171.057,172.295,-1.237,-0.718,-0.886,-0.074,0.71,5,none,Normal
Hostel Blocks,0,938,6,370,171.887,172.222,-0.335,-0.194,0.83,-0.147,0.711,5,none,Normal
Hostel Blocks,0,939,6,375,170.71,172.149,-1.439,-0.836,-1.177,-0.375,0.881,5,none,Normal
Hostel Blocks,0,940,6,380,170.931,172.077,-1.145,-0.666,0.221,-0.623,0.847,5,none,Normal
Hostel Blocks,0,941,6,385,172.52,172.004,0.516,0.3,1.589,-0.677,0.737,5,none,Normal
Hostel Blocks,0,942,6,390,170.832,171.931,-1.1,-0.64,-1.688,-0.79,0.742,5,none,Normal
Hostel Blocks,0,943,6,395,171.64,171.859,-0.219,-0.127,0.808,-0.62,0.736,5,none,Normal
Hostel Blocks,0,944,6,400,171.225,171.786,-0.561,-0.326,-0.415,-0.658,0.724,5,none,Normal
Hostel Blocks,0,945,6,405,171.666,171.714,-0.048,-0.028,0.441,-0.426,0.642,5,none,Normal
Hostel Blocks,0,946,6,410,172.199,171.641,0.558,0.325,0.533,-0.142,0.637,5,none,Normal
Hostel Blocks,0,947,6,415,170.885,171.568,-0.683,-0.398,-1.314,-0.342,0.575,5,none,Normal
Hostel Blocks,0,948,7,420,171.802,171.496,0.306,0.178,0.917,-0.108,0.483,5,none,Normal
Hostel Blocks,0,949,7,425,172.82,171.423,1.397,0.815,1.018,0.161,0.772,5,none,Normal
Hostel Blocks,0,950,7,430,170.799,171.351,-0.552,-0.322,-2.021,0.163,0.771,5,none,Normal
Hostel Blocks,0,951,7,435,169.058,171.278,-2.221,-1.297,-1.741,-0.199,1.251,5,none,Normal
Hostel Blocks,0,952,7,440,170.45,171.206,-0.756,-0.442,1.392,-0.418,1.206,5,none,Normal
Hostel Blocks,0,953,7,445,170.288,171.134,-0.846,-0.494,-0.162,-0.445,1.215,5,none,Normal
Hostel Blocks,0,954,7,450,171.246,171.061,0.185,0.108,0.958,-0.466,1.201,5,none,Normal
Hostel Blocks,0,955,7,455,172.25,170.989,1.262,0.738,1.004,-0.488,1.16,5,none,Normal
Hostel Blocks,0,956,7,460,171.259,170.916,0.343,0.2,-0.991,-0.339,1.206,5,none,Normal
Hostel Blocks,0,957,7,465,168.743,170.844,-2.101,-1.23,-2.516,-0.319,1.169,5,none,Normal
Hostel Blocks,0,958,7,470,170.186,170.772,-0.585,-0.343,1.443,-0.29,1.159,5,none,Normal
Hostel Blocks,0,959,7,475,170.011,170.699,-0.688,-0.403,-0.175,-0.264,1.145,5,none,Normal
Hostel Blocks,0,960,8,480,170.509,170.627,-0.118,-0.069,0.498,-0.315,1.128,5,none,Normal
Hostel Blocks,0,961,8,485,170.287,170.555,-0.267,-0.157,-0.222,-0.569,0.835,5,none,Normal
Hostel Blocks,0,962,8,490,169.954,170.482,-0.529,-0.31,-0.333,-0.715,0.711,5,none,Normal
Hostel Blocks,0,963,8,495,171.185,170.41,0.775,0.455,1.231,-0.235,0.538,5,none,Normal
Hostel Blocks,0,964,8,500,170.865,170.338,0.527,0.309,-0.32,-0.05,0.583,5,none,Normal
Hostel Blocks,0,965,8,505,171.099,170.265,0.834,0.49,0.234,0.204,0.581,5,none,Normal
Hostel Blocks,0,966,8,510,169.92,170.193,-0.274,-0.161,-1.179,0.178,0.602,5,none,Normal
Hostel Blocks,0,967,8,515,169.505,170.121,-0.616,-0.362,-0.415,0.119,0.667,5,none,Normal
Hostel Blocks,0,968,8,520,170.09,170.049,0.041,0.024,0.585,0.214,0.592,5,none,Normal
Hostel Blocks,0,969,8,525,169.758,169.976,-0.218,-0.129,-0.332,0.049,0.541,5,none,Normal
Hostel Blocks,0,970,8,530,168.376,169.904,-1.529,-0.9,-1.382,-0.294,0.777,5,none,Normal
Hostel Blocks,0,971,8,535,170.004,169.832,0.172,0.101,1.628,-0.404,0.615,5,none,Normal
Hostel Blocks,0,972,9,540,170.065,169.76,0.305,0.18,0.061,-0.308,0.681,5,none,Normal
Hostel Blocks,0,973,9,545,169.874,169.688,0.186,0.11,-0.191,-0.174,0.687,5,none,Normal
Hostel Blocks,0,974,9,550,169.402,169.616,-0.214,-0.126,-0.472,-0.216,0.679,5,none,Normal
Hostel Blocks,0,975,9,555,169.74,169.544,0.196,0.116,0.338,-0.147,0.7,5,none,Normal
Hostel Blocks,0,976,9,560,170.751,169.471,1.28,0.755,1.011,0.321,0.502,5,none,Normal
Hostel Blocks,0,977,9,565,170.011,169.399,0.611,0.361,-0.74,0.394,0.508,5,none,Normal
Hostel Blocks,0,978,9,570,169.387,169.327,0.06,0.036,-0.624,0.353,0.526,5,none,Normal
Hostel Blocks,0,979,9,575,169.314,169.255,0.058,0.035,-0.073,0.332,0.537,5,none,Normal
Hostel Blocks,0,980,9,580,170.247,169.183,1.064,0.629,0.933,0.545,0.531,5,none,Normal
Hostel Blocks,0,981,9,585,169.012,169.111,-0.1,-0.059,-1.235,0.496,0.581,5,none,Normal
Hostel Blocks,0,982,9,590,168.793,169.039,-0.246,-0.145,-0.219,0.241,0.497,5,none,Normal
Hostel Blocks,0,983,9,595,168.849,168.967,-0.118,-0.07,0.056,0.12,0.477,5,none,Normal
Hostel Blocks,0,984,10,600,167.844,168.895,-1.051,-0.623,-1.005,-0.066,0.678,5,none,Normal
Hostel Blocks,0,985,10,605,168.47,168.823,-0.353,-0.209,0.626,-0.134,0.684,5,none,Normal
Hostel Blocks,0,986,10,610,170.173,168.751,1.422,0.842,1.703,-0.074,0.813,5,none,Normal
Hostel Blocks,0,987,10,615,169.108,168.679,0.428,0.254,-1.065,0.014,0.838,5,none,Normal
Hostel Blocks,0,988,10,620,167.256,168.608,-1.351,-0.801,-1.852,-0.171,1.01,5,none,Normal
Hostel Blocks,0,989,10,625,168.755,168.536,0.219,0.13,1.499,-0.114,1.023,5,none,Normal
Hostel Blocks,0,990,10,630,168.535,168.464,0.071,0.042,-0.22,0.073,0.914,5,none,Normal
Hostel Blocks,0,991,10,635,168.017,168.392,-0.375,-0.223,-0.518,0.069,0.916,5,none,Normal
Hostel Blocks,0,992,10,640,167.899,168.32,-0.421,-0.25,-0.118,-0.238,0.639,5,none,Normal
Hostel Blocks,0,993,10,645,168.158,168.248,-0.091,-0.054,0.259,-0.325,0.561,5,none,Normal
Hostel Blocks,0,994,10,650,168.565,168.176,0.389,0.231,0.407,-0.035,0.323,5,none,Normal
Hostel Blocks,0,995,10,655,167.791,168.105,-0.314,-0.187,-0.774,-0.124,0.313,5,none,Normal
Hostel Blocks,0,996,11,660,167.903,168.033,-0.13,-0.077,0.112,-0.157,0.298,5,none,Normal
Hostel Blocks,0,997,11,665,167.551,167.961,-0.41,-0.244,-0.352,-0.163,0.304,5,none,Normal
Hostel Blocks,0,998,11,670,169.257,167.889,1.368,0.815,1.706,0.135,0.664,5,none,Normal
Hostel Blocks,0,999,11,675,168.148,167.818,0.33,0.197,-1.109,0.205,0.658,5,none,Normal
Laboratories,1,0,0,0,150.567,150.971,-0.403,-0.267,0.0,-0.403,0.0,5,none,Normal
Laboratories,1,1,0,5,151.091,150.912,0.179,0.119,0.524,-0.112,0.412,5,none,Normal
Laboratories,1,2,0,10,150.729,150.853,-0.125,-0.083,-0.362,-0.116,0.291,5,none,Normal
Laboratories,1,3,0,15,150.376,150.794,-0.418,-0.277,-0.353,-0.192,0.282,5,none,Normal
Laboratories,1,4,0,20,151.395,150.736,0.659,0.437,1.019,-0.022,0.452,5,none,Normal
Laboratories,1,5,0,25,150.83,150.677,0.153,0.101,-0.565,0.008,0.41,5,none,Normal
Laboratories,1,6,0,30,150.114,150.618,-0.504,-0.335,-0.716,-0.009,0.432,5,none,Normal
Laboratories,1,7,0,35,150.711,150.559,0.152,0.101,0.597,-0.014,0.43,5,none,Normal
Laboratories,1,8,0,40,150.387,150.501,-0.114,-0.076,-0.324,-0.012,0.429,5,none,Normal
Laboratories,1,9,0,45,149.905,150.442,-0.537,-0.357,-0.482,-0.032,0.454,5,none,Normal
Laboratories,1,10,0,50,151.19,150.383,0.807,0.537,1.285,-0.007,0.501,5,none,Normal
Laboratories,1,11,0,55,150.219,150.325,-0.106,-0.07,-0.971,-0.05,0.495,5,none,Normal
Laboratories,1,12,1,60,150.107,150.266,-0.159,-0.106,-0.112,0.007,0.45,5,none,Normal
Laboratories,1,13,1,65,150.24,150.207,0.033,0.022,0.133,-0.013,0.445,5,none,Normal
Laboratories,1,14,1,70,150.353,150.149,0.204,0.136,0.113,0.04,0.449,5,none,Normal
Laboratories,1,15,1,75,149.208,150.09,-0.882,-0.588,-1.145,-0.017,0.549,5,none,Normal
Laboratories,1,16,1,80,150.63,150.032,0.598,0.399,1.422,-0.052,0.49,5,none,Normal
Laboratories,1,17,1,85,149.996,149.973,0.023,0.015,-0.634,-0.031,0.49,5,none,Normal
Laboratories,1,18,1,90,150.918,149.914,1.003,0.669,0.922,0.163,0.636,5,none,Normal
Laboratories,1,19,1,95,149.535,149.856,-0.321,-0.214,-1.383,0.104,0.667,5,none,Normal
Laboratories,1,20,1,100,149.629,149.797,-0.168,-0.112,0.094,0.042,0.673,5,none,Normal
Laboratories,1,21,1,105,149.748,149.739,0.009,0.006,0.119,0.191,0.505,5,none,Normal
Laboratories,1,22,1,110,150.652,149.68,0.972,0.649,0.904,0.253,0.583,5,none,Normal
Laboratories,1,23,1,115,148.895,149.622,-0.727,-0.486,-1.757,0.128,0.709,5,none,Normal
Laboratories,1,24,2,120,150.47,149.563,0.907,0.607,1.575,0.112,0.686,5,none,Normal
Laboratories,1,25,2,125,148.775,149.505,-0.73,-0.488,-1.695,0.044,0.754,5,none,Normal
Laboratories,1,26,2,130,149.937,149.446,0.49,0.328,1.162,0.154,0.765,5,none,Normal
Laboratories,1,27,2,135,149.22,149.388,-0.168,-0.112,-0.717,0.124,0.775,5,none,Normal
Laboratories,1,28,2,140,148.545,149.329,-0.785,-0.525,-0.675,-0.169,0.721,5,none,Normal
Laboratories,1,29,2,145,150.271,149.271,1.0,0.67,1.726,0.119,0.794,5,none,Normal
Laboratories,1,30,2,150,149.883,149.212,0.671,0.449,-0.388,0.08,0.752,5,none,Normal
Laboratories,1,31,2,155,148.501,149.154,-0.653,-0.438,-1.382,0.093,0.736,5,none,Normal
Laboratories,1,32,2,160,148.701,149.095,-0.394,-0.264,0.2,-0.055,0.729,5,none,Normal
Laboratories,1,33,2,165,148.878,149.037,-0.159,-0.107,0.177,-0.053,0.729,5,none,Normal
Laboratories,1,34,2,170,149.428,148.979,0.45,0.302,0.55,0.152,0.651,5,none,Normal
Laboratories,1,35,2,175,149.408,148.92,0.488,0.328,-0.02,0.067,0.542,5,none,Normal
Laboratories,1,36,3,180,148.573,148.862,-0.289,-0.194,-0.835,-0.093,0.465,5,none,Normal
Laboratories,1,37,3,185,149.081,148.803,0.278,0.187,0.508,0.062,0.39,5,none,Normal
Laboratories,1,38,3,190,147.91,148.745,-0.835,-0.561,-1.171,-0.011,0.514,5,none,Normal
Laboratories,1,39,3,195,148.675,148.687,-0.012,-0.008,0.765,0.013,0.509,5,none,Normal
Laboratories,1,40,3,200,149.063,148.628,0.434,0.292,0.388,0.011,0.507,5,none,Normal
Laboratories,1,41,3,205,148.306,148.57,-0.264,-0.178,-0.757,-0.115,0.455,5,none,Normal
Laboratories,1,42,3,210,148.173,148.512,-0.339,-0.228,-0.133,-0.123,0.46,5,none,Normal
Laboratories,1,43,3,215,149.2,148.453,0.747,0.503,1.027,-0.045,0.569,5,none,Normal
Laboratories,1,44,3,220,148.861,148.395,0.466,0.314,-0.339,0.172,0.441,5,none,Normal
Laboratories,1,45,3,225,148.791,148.337,0.454,0.306,-0.07,0.25,0.443,5,none,Normal
Laboratories,1,46,3,230,147.38,148.279,-0.899,-0.606,-1.411,0.028,0.628,5,none,Normal
Laboratories,1,47,3,235,147.591,148.22,-0.63,-0.425,0.211,-0.033,0.677,5,none,Normal
Laboratories,1,48,4,240,148.499,148.162,0.337,0.228,0.908,0.079,0.673,5,none,Normal
Laboratories,1,49,4,245,148.594,148.104,0.49,0.331,0.095,0.036,0.628,5,none,Normal
Laboratories,1,50,4,250,147.947,148.046,-0.098,-0.066,-0.647,-0.058,0.592,5,none,Normal
Laboratories,1,51,4,255,147.919,147.988,-0.068,-0.046,-0.028,-0.145,0.538,5,none,Normal
Laboratories,1,52,4,260,148.321,147.929,0.392,0.265,0.402,0.071,0.422,5,none,Normal
Laboratories,1,53,4,265,147.68,147.871,-0.191,-0.129,-0.641,0.144,0.295,5,none,Normal
Laboratories,1,54,4,270,147.281,147.813,-0.532,-0.36,-0.399,-0.001,0.381,5,none,Normal
Laboratories,1,55,4,275,148.444,147.755,0.689,0.466,1.163,0.032,0.437,5,none,Normal
Laboratories,1,56,4,280,148.538,147.697,0.842,0.57,0.094,0.189,0.538,5,none,Normal
Laboratories,1,57,4,285,148.719,147.639,1.081,0.732,0.181,0.38,0.626,5,none,Normal
Laboratories,1,58,4,290,147.277,147.58,-0.304,-0.206,-1.442,0.264,0.685,5,none,Normal
Laboratories,1,59,4,295,146.751,147.522,-0.771,-0.523,-0.526,0.168,0.794,5,none,Normal
Laboratories,1,60,5,300,112.796,147.464,-34.668,-23.51,-33.955,-5.522,14.297,5,sudden_drop,Critical
Laboratories,1,61,5,305,114.1,147.406,-33.306,-22.595,1.304,-11.188,17.679,5,sudden_drop,Critical
Laboratories,1,62,5,310,113.896,147.348,-33.452,-22.703,-0.204,-16.903,18.535,5,sudden_drop,Critical
Laboratories,1,63,5,315,113.756,147.29,-33.534,-22.767,-0.14,-22.672,17.153,5,sudden_drop,Critical
Laboratories,1,64,5,320,112.281,147.232,-34.951,-23.739,-1.475,-28.447,13.576,5,sudden_drop,Critical
Laboratories,1,65,5,325,112.102,147.174,-35.072,-23.83,-0.179,-34.164,0.817,5,sudden_drop,Critical
Laboratories,1,66,5,330,112.561,147.116,-34.555,-23.488,0.459,-34.145,0.804,5,sudden_drop,Critical
Laboratories,1,67,5,335,114.632,147.058,-32.426,-22.05,2.071,-33.998,1.035,5,sudden_drop,Critical
Laboratories,1,68,5,340,115.415,147.0,-31.585,-21.486,0.783,-33.687,1.435,5,sudden_drop,Critical
Laboratories,1,69,5,345,115.346,146.942,-31.596,-21.502,-0.069,-33.364,1.675,5,sudden_drop,Critical
Laboratories,1,70,5,350,117.387,146.884,-29.497,-20.082,2.041,-32.455,2.074,5,sudden_drop,Critical
Laboratories,1,71,5,355,115.276,146.826,-31.55,-21.488,-2.111,-31.868,1.638,5,sudden_drop,Critical
Laboratories,1,72,6,360,114.676,146.768,-32.092,-21.866,-0.6,-31.458,1.023,5,sudden_drop,Critical
Laboratories,1,73,6,365,114.906,146.71,-31.803,-21.678,0.23,-31.354,0.932,5,sudden_drop,Critical
Laboratories,1,74,6,370,115.736,146.652,-30.916,-21.081,0.83,-31.242,0.939,5,sudden_drop,Critical
Laboratories,1,75,6,375,115.444,146.594,-31.15,-21.249,-0.292,-31.168,0.923,5,sudden_drop,Critical
Laboratories,1,76,6,380,115.887,146.536,-30.649,-20.916,0.443,-31.36,0.55,5,sudden_drop,Critical
Laboratories,1,77,6,385,114.785,146.478,-31.693,-21.637,-1.102,-31.384,0.563,5,sudden_drop,Critical
Laboratories,1,78,6,390,115.322,146.42,-31.099,-21.239,0.537,-31.218,0.448,5,sudden_drop,Critical
Laboratories,1,79,6,395,115.093,146.362,-31.269,-21.364,-0.229,-31.129,0.351,5,sudden_drop,Critical
Laboratories,1,80,6,400,114.061,146.305,-32.244,-22.039,-1.032,-31.351,0.551,5,sudden_drop,Critical
Laboratories,1,81,6,405,115.994,146.247,-30.253,-20.686,1.933,-31.201,0.714,5,sudden_drop,Critical
Laboratories,1,82,6,410,113.68,146.189,-32.508,-22.237,-2.314,-31.511,0.822,5,sudden_drop,Critical
Laboratories,1,83,6,415,114.685,146.131,-31.446,-21.519,1.005,-31.47,0.817,5,sudden_drop,Critical
Laboratories,1,84,7,420,113.237,146.073,-32.836,-22.479,-1.448,-31.759,0.955,5,sudden_drop,Critical
Laboratories,1,85,7,425,113.878,146.015,-32.137,-22.009,0.641,-31.904,0.932,5,sudden_drop,Critical
Laboratories,1,86,7,430,113.928,145.958,-32.029,-21.944,0.05,-31.868,0.92,5,sudden_drop,Critical
Laboratories,1,87,7,435,114.072,145.9,-31.828,-21.815,0.144,-32.131,0.492,5,sudden_drop,Critical
Laboratories,1,88,7,440,114.772,145.842,-31.07,-21.304,0.7,-31.891,0.608,5,sudden_drop,Critical
Laboratories,1,89,7,445,114.489,145.784,-31.295,-21.467,-0.283,-31.866,0.633,5,sudden_drop,Critical
Laboratories,1,90,7,450,112.114,145.726,-33.612,-23.065,-2.375,-31.995,0.895,5,sudden_drop,Critical
Laboratories,1,91,7,455,113.533,145.669,-32.136,-22.061,1.419,-31.995,0.895,5,sudden_drop,Critical
Laboratories,1,92,7,460,114.259,145.611,-31.352,-21.531,0.726,-31.882,0.932,5,sudden_drop,Critical
Laboratories,1,93,7,465,114.144,145.553,-31.409,-21.579,-0.115,-31.812,0.953,5,sudden_drop,Critical
Laboratories,1,94,7,470,114.105,145.495,-31.391,-21.575,-0.039,-31.866,0.911,5,sudden_drop,Critical
Laboratories,1,95,7,475,113.847,145.438,-31.591,-21.721,-0.258,-31.915,0.881,5,sudden_drop,Critical
Laboratories,1,96,8,480,115.163,145.38,-30.217,-20.785,1.316,-31.349,0.627,5,sudden_drop,Critical
Laboratories,1,97,8,485,114.513,145.322,-30.81,-21.201,-0.65,-31.128,0.518,5,sudden_drop,Critical
Laboratories,1,98,8,490,113.595,145.265,-31.67,-21.802,-0.918,-31.181,0.56,5,sudden_drop,Critical
Laboratories,1,99,8,495,114.275,145.207,-30.932,-21.302,0.68,-31.102,0.555,5,sudden_drop,Critical
Laboratories,1,100,8,500,114.389,145.149,-30.761,-21.193,0.114,-30.997,0.549,5,sudden_drop,Critical
Laboratories,1,101,8,505,114.939,145.092,-30.152,-20.782,0.55,-30.757,0.552,5,sudden_drop,Critical
Laboratories,1,102,8,510,114.79,145.034,-30.244,-20.853,-0.149,-30.762,0.547,5,sudden_drop,Critical
Laboratories,1,103,8,515,115.506,144.977,-29.471,-20.328,0.716,-30.538,0.756,5,sudden_drop,Critical
Laboratories,1,104,8,520,114.196,144.919,-30.723,-21.2,-1.31,-30.38,0.541,5,sudden_drop,Critical
Laboratories,1,105,8,525,115.095,144.861,-29.766,-20.548,0.899,-30.186,0.512,5,sudden_drop,Critical
Laboratories,1,106,8,530,114.69,144.804,-30.114,-20.797,-0.405,-30.078,0.428,5,sudden_drop,Critical
Laboratories,1,107,8,535,112.841,144.746,-31.905,-22.042,-1.849,-30.37,0.864,5,sudden_drop,Critical
Laboratories,1,108,9,540,146.623,144.689,1.934,1.337,33.782,-25.007,13.227,5,none,Normal
Laboratories,1,109,9,545,145.53,144.631,0.899,0.622,-1.093,-19.946,16.566,5,none,Normal
Laboratories,1,110,9,550,144.869,144.574,0.295,0.204,-0.661,-14.776,17.352,5,none,Normal
Laboratories,1,111,9,555,145.837,144.516,1.321,0.914,0.968,-9.595,16.606,5,none,Normal
Laboratories,1,112,9,560,144.762,144.459,0.303,0.21,-1.075,-4.526,13.428,5,none,Normal
Laboratories,1,113,9,565,144.131,144.401,-0.27,-0.187,-0.631,0.747,0.8,5,none,Normal
Laboratories,1,114,9,570,144.176,144.344,-0.168,-0.116,0.045,0.397,0.615,5,none,Normal
Laboratories,1,115,9,575,145.802,144.286,1.516,1.051,1.626,0.5,0.752,5,none,Normal
Laboratories,1,116,9,580,144.026,144.229,-0.203,-0.14,-1.776,0.417,0.805,5,none,Normal
Laboratories,1,117,9,585,144.265,144.171,0.093,0.065,0.239,0.212,0.674,5,none,Normal
Laboratories,1,118,9,590,143.695,144.114,-0.419,-0.291,-0.57,0.092,0.718,5,none,Normal
Laboratories,1,119,9,595,145.477,144.056,1.421,0.986,1.782,0.373,0.864,5,none,Normal
Laboratories,1,120,10,600,144.47,143.999,0.471,0.327,-1.007,0.48,0.823,5,none,Normal
Laboratories,1,121,10,605,143.768,143.942,-0.173,-0.12,-0.702,0.198,0.672,5,none,Normal
Laboratories,1,122,10,610,143.844,143.884,-0.04,-0.028,0.076,0.226,0.656,5,none,Normal
Laboratories,1,123,10,615,144.721,143.827,0.895,0.622,0.877,0.359,0.704,5,none,Normal
Laboratories,1,124,10,620,143.988,143.769,0.219,0.152,-0.733,0.466,0.604,5,none,Normal
Laboratories,1,125,10,625,143.61,143.712,-0.102,-0.071,-0.378,0.212,0.411,5,none,Normal
Laboratories,1,126,10,630,142.822,143.655,-0.833,-0.58,-0.788,-0.006,0.563,5,none,Normal
Laboratories,1,127,10,635,144.098,143.597,0.501,0.349,1.276,0.107,0.59,5,none,Normal
Laboratories,1,128,10,640,144.206,143.54,0.666,0.464,0.108,0.224,0.624,5,none,Normal
Laboratories,1,129,10,645,143.244,143.483,-0.239,-0.166,-0.962,0.035,0.547,5,none,Normal
Laboratories,1,130,10,650,142.703,143.425,-0.722,-0.504,-0.541,-0.121,0.615,5,none,Normal
Laboratories,1,131,10,655,144.392,143.368,1.024,0.714,1.689,0.066,0.773,5,none,Normal
Laboratories,1,132,11,660,143.539,143.311,0.228,0.159,-0.853,0.243,0.635,5,none,Normal
Laboratories,1,133,11,665,144.124,143.254,0.87,0.607,0.585,0.304,0.682,5,none,Normal
Laboratories,1,134,11,670,142.86,143.196,-0.336,-0.235,-1.264,0.138,0.698,5,none,Normal
Laboratories,1,135,11,675,143.645,143.139,0.506,0.353,0.785,0.262,0.684,5,none,Normal
Laboratories,1,136,11,680,142.706,143.082,-0.376,-0.263,-0.939,0.319,0.593,5,none,Normal
Laboratories,1,137,11,685,143.27,143.025,0.246,0.172,0.564,0.19,0.482,5,none,Normal
Laboratories,1,138,11,690,143.751,142.967,0.783,0.548,0.481,0.282,0.541,5,none,Normal
Laboratories,1,139,11,695,142.37,142.91,-0.54,-0.378,-1.381,0.047,0.541,5,none,Normal
Laboratories,1,140,11,700,141.284,142.853,-1.569,-1.098,-1.086,-0.158,0.857,5,none,Normal
Laboratories,1,141,11,705,142.779,142.796,-0.016,-0.012,1.495,-0.245,0.801,5,none,Normal
Laboratories,1,142,11,710,143.022,142.739,0.284,0.199,0.243,-0.135,0.824,5,none,Normal
Laboratories,1,143,11,715,141.446,142.681,-1.236,-0.866,-1.576,-0.382,0.905,5,none,Normal
Laboratories,1,144,12,720,143.066,142.624,0.442,0.31,1.62,-0.439,0.825,5,none,Normal
Laboratories,1,145,12,725,143.954,142.567,1.387,0.973,0.888,-0.118,1.105,5,none,Normal
Laboratories,1,146,12,730,142.016,142.51,-0.494,-0.347,-1.938,0.061,0.889,5,none,Normal
Laboratories,1,147,12,735,142.982,142.453,0.529,0.371,0.966,0.152,0.907,5,none,Normal
Laboratories,1,148,12,740,141.702,142.396,-0.693,-0.487,-1.28,-0.011,0.964,5,none,Normal
Laboratories,1,149,12,745,143.062,142.339,0.724,0.508,1.36,0.316,0.781,5,none,Normal
Laboratories,1,150,12,750,142.263,142.282,-0.019,-0.013,-0.799,0.239,0.789,5,none,Normal
Laboratories,1,151,12,755,143.555,142.225,1.33,0.935,1.292,0.23,0.772,5,none,Normal
Laboratories,1,152,12,760,142.333,142.168,0.165,0.116,-1.222,0.339,0.691,5,none,Normal
Laboratories,1,153,12,765,141.064,142.111,-1.047,-0.737,-1.269,0.077,0.879,5,none,Normal
Laboratories,1,154,12,770,142.278,142.054,0.225,0.158,1.214,0.23,0.794,5,none,Normal
Laboratories,1,155,12,775,142.577,141.997,0.58,0.409,0.299,0.206,0.778,5,none,Normal
Laboratories,1,156,13,780,142.0,141.94,0.061,0.043,-0.577,0.219,0.774,5,none,Normal
Laboratories,1,157,13,785,141.663,141.883,-0.22,-0.155,-0.337,-0.039,0.557,5,none,Normal
Laboratories,1,158,13,790,141.748,141.826,-0.078,-0.055,0.085,-0.08,0.548,5,none,Normal
Laboratories,1,159,13,795,140.139,141.769,-1.629,-1.149,-1.609,-0.177,0.763,5,none,Normal
Laboratories,1,160,13,800,142.343,141.712,0.632,0.446,2.204,-0.109,0.822,5,none,Normal
Laboratories,1,161,13,805,141.651,141.655,-0.004,-0.003,-0.692,-0.206,0.756,5,none,Normal
Laboratories,1,162,13,810,142.723,141.598,1.125,0.795,1.072,-0.029,0.935,5,none,Normal
Laboratories,1,163,13,815,140.42,141.541,-1.121,-0.792,-2.303,-0.179,1.038,5,none,Normal
Laboratories,1,164,13,820,142.882,141.484,1.399,0.989,2.462,0.067,1.225,5,none,Normal
Laboratories,1,165,13,825,141.052,141.427,-0.375,-0.265,-1.83,0.276,0.955,5,none,Normal
Laboratories,1,166,13,830,141.295,141.37,-0.076,-0.053,0.243,0.158,0.946,5,none,Normal
Laboratories,1,167,13,835,140.402,141.313,-0.911,-0.645,-0.893,0.007,1.045,5,none,Normal
Laboratories,1,168,14,840,141.027,141.256,-0.23,-0.163,0.625,-0.219,0.889,5,none,Normal
Laboratories,1,169,14,845,140.403,141.2,-0.797,-0.564,-0.624,-0.165,0.832,5,none,Normal
Laboratories,1,170,14,850,140.62,141.143,-0.523,-0.37,0.217,-0.485,0.324,5,none,Normal
Laboratories,1,171,14,855,142.199,141.086,1.113,0.789,1.579,-0.237,0.735,5,none,Normal
Laboratories,1,172,14,860,140.434,141.029,-0.595,-0.422,-1.765,-0.324,0.742,5,none,Normal
Laboratories,1,173,14,865,141.293,140.972,0.321,0.227,0.859,-0.119,0.717,5,none,Normal
Laboratories,1,174,14,870,141.802,140.915,0.887,0.63,0.509,0.068,0.82,5,none,Normal
Laboratories,1,175,14,875,139.354,140.859,-1.505,-1.068,-2.448,-0.05,1.001,5,none,Normal
Laboratories,1,176,14,880,141.481,140.802,0.679,0.482,2.127,0.15,1.007,5,none,Normal
Laboratories,1,177,14,885,141.839,140.745,1.094,0.777,0.358,0.147,1.004,5,none,Normal
Laboratories,1,178,14,890,141.879,140.688,1.19,0.846,0.04,0.444,1.004,5,none,Normal
Laboratories,1,179,14,895,141.281,140.632,0.649,0.461,-0.598,0.499,1.005,5,none,Normal
Laboratories,1,180,15,900,139.826,140.575,-0.749,-0.533,-1.455,0.226,1.097,5,none,Normal
Laboratories,1,181,15,905,140.154,140.518,-0.365,-0.259,0.328,0.416,0.794,5,none,Normal
Laboratories,1,182,15,910,140.082,140.461,-0.379,-0.27,-0.072,0.24,0.84,5,none,Normal
Laboratories,1,183,15,915,140.163,140.405,-0.242,-0.172,0.081,0.017,0.739,5,none,Normal
Laboratories,1,184,15,920,141.768,140.348,1.42,1.011,1.605,0.056,0.814,5,none,Normal
Laboratories,1,185,15,925,140.358,140.291,0.067,0.047,-1.41,-0.041,0.763,5,none,Normal
Laboratories,1,186,15,930,140.139,140.235,-0.096,-0.068,-0.219,0.068,0.684,5,none,Normal
Laboratories,1,187,15,935,140.362,140.178,0.184,0.131,0.223,0.159,0.65,5,none,Normal
Laboratories,1,188,15,940,139.323,140.121,-0.798,-0.57,-1.039,0.089,0.736,5,none,Normal
Laboratories,1,189,15,945,139.892,140.065,-0.173,-0.123,0.569,0.101,0.731,5,none,Normal
Laboratories,1,190,15,950,140.802,140.008,0.794,0.567,0.91,-0.004,0.519,5,none,Normal
Laboratories,1,191,15,955,139.952,139.952,0.0,0.0,-0.85,-0.015,0.517,5,none,Normal
Laboratories,1,192,16,960,138.865,139.895,-1.03,-0.736,-1.087,-0.17,0.666,5,none,Normal
Laboratories,1,193,16,965,139.783,139.838,-0.055,-0.04,0.918,-0.21,0.647,5,none,Normal
Laboratories,1,194,16,970,141.36,139.782,1.578,1.129,1.577,0.186,0.895,5,none,Normal
Laboratories,1,195,16,975,139.253,139.725,-0.472,-0.338,-2.107,0.136,0.927,5,none,Normal
Laboratories,1,196,16,980,140.473,139.669,0.804,0.576,1.22,0.138,0.928,5,none,Normal
Laboratories,1,197,16,985,139.447,139.612,-0.165,-0.119,-1.026,0.11,0.936,5,none,Normal
Laboratories,1,198,16,990,139.859,139.556,0.303,0.217,0.412,0.332,0.751,5,none,Normal
Laboratories,1,199,16,995,139.621,139.499,0.122,0.087,-0.238,0.362,0.736,5,none,Normal
Laboratories,1,200,16,1000,139.042,139.443,-0.401,-0.287,-0.579,0.032,0.481,5,none,Normal
Laboratories,1,201,16,1005,139.798,139.386,0.412,0.296,0.756,0.179,0.429,5,none,Normal
Laboratories,1,202,16,1010,138.662,139.33,-0.668,-0.479,-1.136,-0.066,0.421,5,none,Normal
Laboratories,1,203,16,1015,139.675,139.273,0.402,0.289,1.013,0.028,0.456,5,none,Normal
Laboratories,1,204,17,1020,138.652,139.217,-0.564,-0.405,-1.023,-0.116,0.488,5,none,Normal
Laboratories,1,205,17,1025,139.504,139.16,0.343,0.247,0.852,-0.079,0.517,5,none,Normal
Laboratories,1,206,17,1030,132.445,139.104,-6.659,-4.787,-7.059,-1.122,2.757,5,slow_drift,Warning
Laboratories,1,207,17,1035,132.282,139.047,-6.766,-4.866,-0.163,-2.319,3.432,5,slow_drift,Warning
Laboratories,1,208,17,1040,128.833,138.991,-10.158,-7.308,-3.449,-3.9,4.531,5,slow_drift,Warning
Laboratories,1,209,17,1045,130.701,138.935,-8.234,-5.926,1.868,-5.34,4.254,5,slow_drift,Warning
Laboratories,1,210,17,1050,129.452,138.878,-9.426,-6.787,-1.249,-6.817,3.775,5,slow_drift,Warning
Laboratories,1,211,17,1055,129.098,138.822,-9.724,-7.005,-0.354,-8.494,1.521,5,slow_drift,Warning
Laboratories,1,212,17,1060,128.111,138.766,-10.655,-7.678,-0.987,-9.16,1.429,5,slow_drift,Warning
Laboratories,1,213,17,1065,128.311,138.709,-10.398,-7.496,0.2,-9.766,0.873,5,slow_drift,Warning
Laboratories,1,214,17,1070,127.245,138.653,-11.408,-8.227,-1.066,-9.974,1.104,5,slow_drift,Warning
Laboratories,1,215,17,1075,126.468,138.596,-12.128,-8.751,-0.777,-10.623,1.017,5,slow_drift,Warning
Laboratories,1,216,18,1080,125.213,138.54,-13.328,-9.62,-1.255,-11.274,1.305,5,slow_drift,Warning
Laboratories,1,217,18,1085,126.244,138.484,-12.24,-8.838,1.031,-11.693,1.095,5,slow_drift,Warning
Laboratories,1,218,18,1090,124.484,138.428,-13.943,-10.073,-1.76,-12.241,1.279,5,slow_drift,Suspected Leak
Laboratories,1,219,18,1095,125.216,138.371,-13.155,-9.507,0.732,-12.7,0.933,5,slow_drift,Warning
Laboratories,1,220,18,1100,124.363,138.315,-13.952,-10.087,-0.853,-13.124,0.797,5,slow_drift,Suspected Leak
Laboratories,1,221,18,1105,121.505,138.259,-16.754,-12.118,-2.858,-13.895,1.535,5,slow_drift,Suspected Leak
Laboratories,1,222,18,1110,121.544,138.203,-16.658,-12.054,0.039,-14.45,1.857,5,slow_drift,Suspected Leak
Laboratories,1,223,18,1115,120.681,138.146,-17.465,-12.643,-0.863,-15.321,1.839,5,slow_drift,Suspected Leak
Laboratories,1,224,18,1120,120.641,138.09,-17.45,-12.636,-0.04,-15.906,1.87,5,slow_drift,Suspected Leak
Laboratories,1,225,18,1125,120.149,138.034,-17.885,-12.957,-0.492,-16.694,1.422,5,slow_drift,Suspected Leak
Laboratories,1,226,18,1130,119.542,137.978,-18.436,-13.362,-0.607,-17.441,0.674,5,slow_drift,Suspected Leak
Laboratories,1,227,18,1135,119.404,137.921,-18.517,-13.426,-0.138,-17.735,0.698,5,slow_drift,Suspected Leak
Laboratories,1,228,19,1140,119.036,137.865,-18.829,-13.658,-0.368,-18.097,0.581,5,slow_drift,Suspected Leak
Laboratories,1,229,19,1145,118.089,137.809,-19.72,-14.31,-0.947,-18.473,0.785,5,slow_drift,Suspected Leak
Laboratories,1,230,19,1150,116.541,137.753,-21.211,-15.398,-1.548,-19.1,1.198,5,slow_drift,Suspected Leak
Laboratories,1,231,19,1155,115.779,137.697,-21.918,-15.918,-0.762,-19.772,1.478,5,slow_drift,Suspected Leak
Laboratories,1,232,19,1160,115.62,137.641,-22.021,-15.999,-0.159,-20.369,1.553,5,slow_drift,Suspected Leak
Laboratories,1,233,19,1165,115.245,137.585,-22.34,-16.237,-0.375,-21.006,1.42,5,slow_drift,Suspected Leak
Laboratories,1,234,19,1170,114.25,137.528,-23.278,-16.926,-0.995,-21.748,1.2,5,slow_drift,Suspected Leak
Laboratories,1,235,19,1175,112.925,137.472,-24.548,-17.856,-1.325,-22.553,1.186,5,slow_drift,Suspected Leak
Laboratories,1,236,19,1180,113.513,137.416,-23.903,-17.395,0.588,-23.001,1.082,5,slow_drift,Suspected Leak
Laboratories,1,237,19,1185,112.241,137.36,-25.119,-18.287,-1.272,-23.535,1.221,5,slow_drift,Suspected Leak
Laboratories,1,238,19,1190,111.596,137.304,-25.708,-18.723,-0.645,-24.149,1.235,5,slow_drift,Suspected Leak
Laboratories,1,239,19,1195,111.191,137.248,-26.057,-18.985,-0.405,-24.769,1.066,5,slow_drift,Suspected Leak
Laboratories,1,240,20,1200,110.454,137.192,-26.738,-19.49,-0.737,-25.346,1.034,5,slow_drift,Suspected Leak
Laboratories,1,241,20,1205,109.753,137.136,-27.383,-19.968,-0.701,-25.818,1.226,5,slow_drift,Suspected Leak
Laboratories,1,242,20,1210,108.58,137.08,-28.5,-20.791,-1.173,-26.584,1.227,5,slow_drift,Critical
Laboratories,1,243,20,1215,108.656,137.024,-28.368,-20.703,0.076,-27.126,1.166,5,slow_drift,Critical
Laboratories,1,244,20,1220,108.521,136.968,-28.447,-20.769,-0.135,-27.582,1.028,5,slow_drift,Critical
Laboratories,1,245,20,1225,107.635,136.912,-29.277,-21.384,-0.886,-28.119,0.906,5,slow_drift,Critical
Laboratories,1,246,20,1230,107.422,136.856,-29.434,-21.507,-0.213,-28.568,0.737,5,slow_drift,Critical
Laboratories,1,247,20,1235,105.793,136.8,-31.007,-22.666,-1.629,-29.172,1.007,5,slow_drift,Critical
Laboratories,1,248,20,1240,104.842,136.744,-31.902,-23.33,-0.951,-29.739,1.424,5,slow_drift,Critical
Laboratories,1,249,20,1245,104.839,136.688,-31.849,-23.3,-0.003,-30.319,1.462,5,slow_drift,Critical
Laboratories,1,250,20,1250,103.997,136.632,-32.635,-23.885,-0.842,-31.017,1.388,5,slow_drift,Critical
Laboratories,1,251,20,1255,103.439,136.576,-33.137,-24.263,-0.558,-31.661,1.312,5,slow_drift,Critical
Laboratories,1,252,21,1260,103.252,136.52,-33.268,-24.368,-0.187,-32.3,0.87,5,slow_drift,Critical
Laboratories,1,253,21,1265,102.204,136.464,-34.26,-25.106,-1.048,-32.842,0.916,5,slow_drift,Critical
Laboratories,1,254,21,1270,101.137,136.409,-35.272,-25.858,-1.067,-33.404,1.21,5,slow_drift,Critical
Laboratories,1,255,21,1275,100.933,136.353,-35.42,-25.977,-0.204,-33.999,1.17,5,slow_drift,Critical
Laboratories,1,256,21,1280,100.854,136.297,-35.443,-26.004,-0.079,-34.467,1.073,5,slow_drift,Critical
Laboratories,1,257,21,1285,100.435,136.241,-35.806,-26.281,-0.419,-34.912,0.959,5,slow_drift,Critical
Laboratories,1,258,21,1290,136.759,136.185,0.573,0.421,36.324,-29.271,14.63,5,none,Normal
Laboratories,1,259,21,1295,136.197,136.129,0.068,0.05,-0.562,-23.55,18.492,5,none,Normal
Laboratories,1,260,21,1300,136.095,136.073,0.022,0.016,-0.102,-17.668,19.597,5,none,Normal
Laboratories,1,261,21,1305,135.472,136.018,-0.545,-0.401,-0.623,-11.855,18.415,5,none,Normal
Laboratories,1,262,21,1310,136.331,135.962,0.369,0.271,0.859,-5.886,14.662,5,none,Normal
Laboratories,1,263,21,1315,135.174,135.906,-0.732,-0.539,-1.157,-0.041,0.508,5,none,Normal
Laboratories,1,264,22,1320,135.056,135.85,-0.794,-0.585,-0.118,-0.269,0.484,5,none,Normal
Laboratories,1,265,22,1325,136.083,135.795,0.289,0.213,1.027,-0.232,0.522,5,none,Normal
Laboratories,1,266,22,1330,136.144,135.739,0.405,0.298,0.061,-0.168,0.579,5,none,Normal
Laboratories,1,267,22,1335,136.61,135.683,0.926,0.683,0.466,0.077,0.689,5,none,Normal
Laboratories,1,268,22,1340,135.395,135.627,-0.232,-0.171,-1.215,-0.023,0.681,5,none,Normal
Laboratories,1,269,22,1345,136.513,135.572,0.941,0.694,1.118,0.256,0.676,5,none,Normal
Laboratories,1,270,22,1350,134.771,135.516,-0.745,-0.55,-1.742,0.264,0.66,5,none,Normal
Laboratories,1,271,22,1355,136.257,135.46,0.796,0.588,1.486,0.349,0.696,5,none,Normal
Laboratories,1,272,22,1360,135.491,135.405,0.086,0.064,-0.766,0.295,0.703,5,none,Normal
Laboratories,1,273,22,1365,135.533,135.349,0.185,0.136,0.042,0.172,0.631,5,none,Normal
Laboratories,1,274,22,1370,136.932,135.293,1.638,1.211,1.399,0.484,0.824,5,none,Normal
Laboratories,1,275,22,1375,135.61,135.238,0.373,0.276,-1.322,0.389,0.793,5,none,Normal
Laboratories,1,276,23,1380,135.262,135.182,0.08,0.059,-0.348,0.526,0.607,5,none,Normal
Laboratories,1,277,23,1385,134.315,135.126,-0.812,-0.601,-0.947,0.258,0.791,5,none,Normal
Laboratories,1,278,23,1390,135.471,135.071,0.4,0.296,1.156,0.311,0.788,5,none,Normal
Laboratories,1,279,23,1395,135.715,135.015,0.699,0.518,0.244,0.396,0.799,5,none,Normal
Laboratories,1,280,23,1400,134.653,134.96,-0.306,-0.227,-1.062,0.072,0.551,5,none,Normal
Laboratories,1,281,23,1405,135.84,134.904,0.936,0.694,1.187,0.166,0.651,5,none,Normal
Laboratories,1,282,23,1410,135.403,134.848,0.555,0.411,-0.437,0.245,0.667,5,none,Normal
Laboratories,1,283,23,1415,135.535,134.793,0.742,0.551,0.132,0.504,0.436,5,none,Normal
Laboratories,1,284,23,1420,135.152,134.737,0.415,0.308,-0.383,0.507,0.435,5,none,Normal
Laboratories,1,285,23,1425,135.812,134.682,1.13,0.839,0.66,0.579,0.504,5,none,Normal
Laboratories,1,286,23,1430,135.385,134.626,0.759,0.564,-0.427,0.756,0.257,5,none,Normal
Laboratories,1,287,23,1435,134.758,134.571,0.187,0.139,-0.627,0.631,0.325,5,none,Normal
Laboratories,1,288,0,0,149.252,148.402,0.85,0.573,14.494,0.68,0.333,5,none,Normal
Laboratories,1,289,0,5,147.624,148.343,-0.72,-0.485,-1.628,0.437,0.657,5,none,Normal
Laboratories,1,290,0,10,149.001,148.285,0.716,0.483,1.377,0.487,0.666,5,none,Normal
Laboratories,1,291,0,15,147.394,148.227,-0.833,-0.562,-1.607,0.16,0.762,5,none,Normal
Laboratories,1,292,0,20,147.116,148.169,-1.053,-0.711,-0.278,-0.142,0.833,5,none,Normal
Laboratories,1,293,0,25,147.026,148.11,-1.085,-0.732,-0.09,-0.354,0.892,5,none,Normal
Laboratories,1,294,0,30,148.94,148.052,0.888,0.6,1.914,-0.348,0.903,5,none,Normal
Laboratories,1,295,0,35,147.773,147.994,-0.221,-0.15,-1.167,-0.265,0.884,5,none,Normal
Laboratories,1,296,0,40,146.638,147.936,-1.298,-0.877,-1.135,-0.6,0.817,5,none,Normal
Laboratories,1,297,0,45,147.515,147.878,-0.363,-0.245,0.877,-0.522,0.813,5,none,Normal
Laboratories,1,298,0,50,146.483,147.819,-1.337,-0.904,-1.032,-0.569,0.857,5,none,Normal
Laboratories,1,299,0,55,147.089,147.761,-0.672,-0.455,0.606,-0.5,0.823,5,none,Normal
Laboratories,1,300,1,60,147.404,147.703,-0.299,-0.203,0.315,-0.698,0.504,5,none,Normal
Laboratories,1,301,1,65,148.222,147.645,0.577,0.391,0.818,-0.565,0.716,5,none,Normal
Laboratories,1,302,1,70,148.457,147.587,0.87,0.59,0.235,-0.204,0.812,5,none,Normal
Laboratories,1,303,1,75,148.065,147.529,0.536,0.364,-0.392,-0.054,0.859,5,none,Normal
Laboratories,1,304,1,80,148.049,147.471,0.579,0.392,-0.016,0.265,0.605,5,none,Normal
Laboratories,1,305,1,85,147.417,147.412,0.005,0.003,-0.632,0.378,0.435,5,none,Normal
Laboratories,1,306,1,90,148.432,147.354,1.078,0.731,1.015,0.607,0.363,5,none,Normal
Laboratories,1,307,1,95,147.09,147.296,-0.206,-0.14,-1.342,0.477,0.494,5,none,Normal
Laboratories,1,308,1,100,147.228,147.238,-0.01,-0.007,0.138,0.33,0.484,5,none,Normal
Laboratories,1,309,1,105,148.08,147.18,0.9,0.611,0.852,0.391,0.535,5,none,Normal
Laboratories,1,310,1,110,146.995,147.122,-0.127,-0.087,-1.085,0.273,0.563,5,none,Normal
Laboratories,1,311,1,115,146.641,147.064,-0.423,-0.288,-0.354,0.202,0.627,5,none,Normal
Laboratories,1,312,2,120,146.918,147.006,-0.088,-0.06,0.277,0.008,0.459,5,none,Normal
Laboratories,1,313,2,125,146.483,146.948,-0.465,-0.317,-0.435,-0.036,0.494,5,none,Normal
Laboratories,1,314,2,130,147.431,146.89,0.541,0.368,0.948,0.056,0.548,5,none,Normal
Laboratories,1,315,2,135,147.576,146.832,0.744,0.507,0.145,0.03,0.502,5,none,Normal
Laboratories,1,316,2,140,146.982,146.774,0.208,0.142,-0.594,0.086,0.5,5,none,Normal
Laboratories,1,317,2,145,146.885,146.716,0.169,0.115,-0.097,0.185,0.433,5,none,Normal
Laboratories,1,318,2,150,146.769,146.658,0.111,0.076,-0.116,0.218,0.415,5,none,Normal
Laboratories,1,319,2,155,146.774,146.6,0.174,0.119,0.005,0.324,0.256,5,none,Normal
Laboratories,1,320,2,160,146.294,146.542,-0.248,-0.169,-0.48,0.193,0.318,5,none,Normal
Laboratories,1,321,2,165,146.998,146.485,0.514,0.351,0.704,0.155,0.244,5,none,Normal
Laboratories,1,322,2,170,145.84,146.427,-0.586,-0.401,-1.158,0.022,0.384,5,none,Normal
Laboratories,1,323,2,175,145.638,146.369,-0.731,-0.5,-0.202,-0.128,0.479,5,none,Normal
Laboratories,1,324,3,180,147.162,146.311,0.851,0.582,1.524,-0.004,0.626,5,none,Normal
Laboratories,1,325,3,185,146.265,146.253,0.012,0.008,-0.897,-0.031,0.62,5,none,Normal
Laboratories,1,326,3,190,146.299,146.195,0.104,0.071,0.034,0.027,0.612,5,none,Normal
Laboratories,1,327,3,195,145.133,146.137,-1.005,-0.687,-1.166,-0.226,0.681,5,none,Normal
Laboratories,1,328,3,200,145.317,146.079,-0.762,-0.522,0.184,-0.255,0.703,5,none,Normal
Laboratories,1,329,3,205,146.466,146.022,0.445,0.305,1.149,-0.059,0.708,5,none,Normal
Laboratories,1,330,3,210,145.813,145.964,-0.151,-0.103,-0.653,-0.226,0.551,5,none,Normal
Laboratories,1,331,3,215,146.386,145.906,0.48,0.329,0.573,-0.148,0.62,5,none,Normal
Laboratories,1,332,3,220,146.005,145.848,0.157,0.107,-0.381,-0.139,0.625,5,none,Normal
Laboratories,1,333,3,225,144.529,145.79,-1.261,-0.865,-1.476,-0.182,0.7,5,none,Normal
Laboratories,1,334,3,230,144.755,145.733,-0.978,-0.671,0.226,-0.218,0.74,5,none,Normal
Laboratories,1,335,3,235,145.934,145.675,0.259,0.178,1.179,-0.249,0.71,5,none,Normal
Laboratories,1,336,4,240,144.933,145.617,-0.685,-0.47,-1.001,-0.338,0.728,5,none,Normal
Laboratories,1,337,4,245,145.578,145.56,0.019,0.013,0.645,-0.415,0.644,5,none,Normal
Laboratories,1,338,4,250,144.808,145.502,-0.694,-0.477,-0.77,-0.557,0.584,5,none,Normal
Laboratories,1,339,4,255,144.909,145.444,-0.535,-0.368,0.101,-0.436,0.474,5,none,Normal
Laboratories,1,340,4,260,144.723,145.386,-0.664,-0.456,-0.186,-0.383,0.416,5,none,Normal
Laboratories,1,341,4,265,146.256,145.329,0.927,0.638,1.533,-0.272,0.647,5,none,Normal
Laboratories,1,342,4,270,145.49,145.271,0.219,0.151,-0.766,-0.121,0.637,5,none,Normal
Laboratories,1,343,4,275,145.298,145.213,0.084,0.058,-0.192,-0.111,0.64,5,none,Normal
Laboratories,1,344,4,280,146.066,145.156,0.911,0.627,0.768,0.157,0.682,5,none,Normal
Laboratories,1,345,4,285,145.572,145.098,0.474,0.326,-0.494,0.325,0.596,5,none,Normal
Laboratories,1,346,4,290,143.808,145.04,-1.232,-0.85,-1.764,0.23,0.796,5,none,Normal
Laboratories,1,347,4,295,145.038,144.983,0.055,0.038,1.23,0.085,0.719,5,none,Normal
Laboratories,1,348,5,300,145.227,144.925,0.302,0.208,0.189,0.099,0.723,5,none,Normal
Laboratories,1,349,5,305,144.92,144.868,0.052,0.036,-0.307,0.094,0.723,5,none,Normal
Laboratories,1,350,5,310,144.62,144.81,-0.19,-0.131,-0.3,-0.09,0.605,5,none,Normal
Laboratories,1,351,5,315,144.892,144.753,0.139,0.096,0.272,-0.146,0.555,5,none,Normal
Laboratories,1,352,5,320,145.446,144.695,0.751,0.519,0.554,0.185,0.32,5,none,Normal
Laboratories,1,353,5,325,145.505,144.637,0.868,0.6,0.059,0.32,0.413,5,none,Normal
Laboratories,1,354,5,330,144.627,144.58,0.047,0.032,-0.878,0.278,0.428,5,stuck_sensor,Normal
Laboratories,1,355,5,335,144.559,144.522,0.036,0.025,-0.068,0.275,0.429,5,stuck_sensor,Normal
Laboratories,1,356,5,340,144.54,144.465,0.075,0.052,-0.019,0.319,0.383,5,stuck_sensor,Normal
Laboratories,1,357,5,345,144.575,144.407,0.168,0.116,0.035,0.324,0.381,5,stuck_sensor,Normal
Laboratories,1,358,5,350,144.576,144.35,0.226,0.156,0.001,0.237,0.318,5,stuck_sensor,Normal
Laboratories,1,359,5,355,144.505,144.292,0.213,0.147,-0.071,0.127,0.085,5,stuck_sensor,Normal
Laboratories,1,360,6,360,144.536,144.235,0.301,0.209,0.031,0.17,0.099,5,stuck_sensor,Normal
Laboratories,1,361,6,365,144.589,144.177,0.411,0.285,0.053,0.232,0.115,5,stuck_sensor,Normal
Laboratories,1,362,6,370,144.502,144.12,0.382,0.265,-0.087,0.283,0.098,5,stuck_sensor,Normal
Laboratories,1,363,6,375,144.521,144.063,0.458,0.318,0.019,0.332,0.101,5,stuck_sensor,Normal
Laboratories,1,364,6,380,144.478,144.005,0.472,0.328,-0.043,0.373,0.099,5,stuck_sensor,Normal
Laboratories,1,365,6,385,144.521,143.948,0.573,0.398,0.043,0.433,0.092,5,stuck_sensor,Normal
Laboratories,1,366,6,390,144.551,143.89,0.661,0.459,0.03,0.493,0.105,5,stuck_sensor,Normal
Laboratories,1,367,6,395,144.53,143.833,0.697,0.485,-0.021,0.54,0.124,5,stuck_sensor,Normal
Laboratories,1,368,6,400,144.521,143.776,0.745,0.518,-0.009,0.601,0.12,5,stuck_sensor,Normal
Laboratories,1,369,6,405,144.537,143.718,0.819,0.57,0.016,0.661,0.124,5,stuck_sensor,Normal
Laboratories,1,370,6,410,144.519,143.661,0.858,0.597,-0.018,0.725,0.105,5,stuck_sensor,Normal
Laboratories,1,371,6,415,144.53,143.604,0.926,0.645,0.011,0.784,0.101,5,stuck_sensor,Normal
Laboratories,1,372,7,420,144.6,143.546,1.053,0.734,0.07,0.85,0.128,5,stuck_sensor,Normal
Laboratories,1,373,7,425,144.45,143.489,0.961,0.67,-0.15,0.894,0.109,5,stuck_sensor,Normal
Laboratories,1,374,7,430,144.516,143.432,1.084,0.756,0.066,0.95,0.105,5,stuck_sensor,Normal
Laboratories,1,375,7,435,144.513,143.374,1.139,0.794,-0.003,1.004,0.106,5,stuck_sensor,Normal
Laboratories,1,376,7,440,144.538,143.317,1.221,0.852,0.025,1.064,0.11,5,stuck_sensor,Normal
Laboratories,1,377,7,445,144.595,143.26,1.335,0.932,0.057,1.132,0.132,5,stuck_sensor,Normal
Laboratories,1,378,7,450,144.528,143.203,1.325,0.925,-0.067,1.178,0.145,5,stuck_sensor,Normal
Laboratories,1,379,7,455,144.594,143.145,1.449,1.012,0.066,1.259,0.136,5,stuck_sensor,Normal
Laboratories,1,380,7,460,144.414,143.088,1.326,0.927,-0.18,1.299,0.107,5,stuck_sensor,Normal
Laboratories,1,381,7,465,144.579,143.031,1.548,1.082,0.165,1.367,0.114,5,stuck_sensor,Normal
Laboratories,1,382,7,470,144.482,142.974,1.509,1.055,-0.097,1.415,0.1,5,stuck_sensor,Normal
Laboratories,1,383,7,475,144.461,142.916,1.544,1.081,-0.021,1.45,0.103,5,stuck_sensor,Normal
Laboratories,1,384,8,480,144.467,142.859,1.608,1.126,0.006,1.497,0.099,5,stuck_sensor,Normal
Laboratories,1,385,8,485,144.554,142.802,1.752,1.227,0.087,1.548,0.139,5,stuck_sensor,Normal
Laboratories,1,386,8,490,144.596,142.745,1.851,1.297,0.042,1.635,0.136,5,stuck_sensor,Normal
Laboratories,1,387,8,495,144.529,142.688,1.841,1.291,-0.067,1.684,0.15,5,stuck_sensor,Normal
Laboratories,1,388,8,500,144.483,142.631,1.852,1.299,-0.046,1.741,0.135,5,stuck_sensor,Normal
Laboratories,1,389,8,505,144.604,142.573,2.031,1.424,0.121,1.822,0.139,5,stuck_sensor,Normal
Laboratories,1,390,8,510,144.591,142.516,2.074,1.456,-0.013,1.9,0.125,5,stuck_sensor,Normal
Laboratories,1,391,8,515,144.542,142.459,2.083,1.462,-0.049,1.955,0.119,5,stuck_sensor,Normal
Laboratories,1,392,8,520,144.57,142.402,2.167,1.522,0.028,2.008,0.133,5,stuck_sensor,Normal
Laboratories,1,393,8,525,144.626,142.345,2.281,1.603,0.056,2.081,0.143,5,stuck_sensor,Normal
Laboratories,1,394,8,530,144.514,142.288,2.226,1.565,-0.112,2.144,0.097,5,stuck_sensor,Normal
Laboratories,1,395,8,535,144.551,142.231,2.32,1.631,0.037,2.192,0.102,5,stuck_sensor,Normal
Laboratories,1,396,9,540,144.6,142.174,2.426,1.706,0.049,2.25,0.12,5,stuck_sensor,Normal
Laboratories,1,397,9,545,144.632,142.117,2.515,1.77,0.032,2.322,0.129,5,stuck_sensor,Normal
Laboratories,1,398,9,550,144.482,142.06,2.422,1.705,-0.15,2.365,0.108,5,stuck_sensor,Normal
Laboratories,1,399,9,555,144.587,142.003,2.584,1.82,0.105,2.416,0.129,5,stuck_sensor,Normal
Laboratories,1,400,9,560,144.434,141.946,2.488,1.753,-0.153,2.459,0.091,5,stuck_sensor,Normal
Laboratories,1,401,9,565,144.574,141.889,2.686,1.893,0.14,2.52,0.101,5,stuck_sensor,Normal
Laboratories,1,402,9,570,144.515,141.832,2.683,1.892,-0.059,2.563,0.107,5,stuck_sensor,Normal
Laboratories,1,403,9,575,144.559,141.775,2.785,1.964,0.044,2.608,0.136,5,stuck_sensor,Normal
Laboratories,1,404,9,580,144.502,141.718,2.784,1.964,-0.057,2.668,0.116,5,stuck_sensor,Normal
Laboratories,1,405,9,585,144.437,141.661,2.776,1.96,-0.065,2.7,0.114,5,stuck_sensor,Normal
Laboratories,1,406,9,590,144.569,141.604,2.965,2.094,0.132,2.78,0.102,5,stuck_sensor,Normal
Laboratories,1,407,9,595,144.545,141.547,2.998,2.118,-0.024,2.832,0.123,5,stuck_sensor,Normal
Laboratories,1,408,10,600,144.541,141.49,3.051,2.156,-0.004,2.893,0.125,5,stuck_sensor,Normal
Laboratories,1,409,10,605,144.454,141.433,3.021,2.136,-0.087,2.932,0.121,5,stuck_sensor,Normal
Laboratories,1,410,10,610,144.609,141.376,3.232,2.286,0.155,3.007,0.147,5,stuck_sensor,Normal
Laboratories,1,411,10,615,144.617,141.319,3.298,2.334,0.008,3.094,0.137,5,stuck_sensor,Normal
Laboratories,1,412,10,620,144.534,141.263,3.271,2.316,-0.083,3.145,0.136,5,stuck_sensor,Normal
Laboratories,1,413,10,625,141.222,141.206,0.017,0.012,-3.312,2.648,1.294,5,none,Normal
Laboratories,1,414,10,630,141.937,141.149,0.788,0.558,0.715,2.271,1.471,5,none,Normal
Laboratories,1,415,10,635,141.712,141.092,0.62,0.439,-0.225,1.871,1.551,5,none,Normal
Laboratories,1,416,10,640,140.189,141.035,-0.846,-0.6,-1.523,1.191,1.719,5,none,Normal
Laboratories,1,417,10,645,141.433,140.978,0.455,0.323,1.244,0.717,1.381,5,none,Normal
Laboratories,1,418,10,650,140.801,140.922,-0.12,-0.085,-0.632,0.152,0.601,5,none,Normal
Laboratories,1,419,10,655,140.744,140.865,-0.12,-0.085,-0.057,0.129,0.609,5,none,Normal
Laboratories,1,420,11,660,140.591,140.808,-0.217,-0.154,-0.153,-0.038,0.524,5,none,Normal
Laboratories,1,421,11,665,140.721,140.751,-0.03,-0.021,0.13,-0.146,0.417,5,none,Normal
Laboratories,1,422,11,670,140.369,140.695,-0.326,-0.231,-0.352,-0.06,0.272,5,none,Normal
Laboratories,1,423,11,675,140.587,140.638,-0.05,-0.036,0.218,-0.144,0.111,5,none,Normal
Laboratories,1,424,11,680,140.29,140.581,-0.292,-0.207,-0.297,-0.173,0.125,5,none,Normal
Laboratories,1,425,11,685,139.72,140.524,-0.804,-0.572,-0.57,-0.287,0.281,5,none,Normal
Laboratories,1,426,11,690,140.474,140.468,0.006,0.004,0.754,-0.249,0.306,5,none,Normal
Laboratories,1,427,11,695,141.21,140.411,0.799,0.569,0.736,-0.111,0.53,5,none,Normal
Laboratories,1,428,11,700,140.15,140.354,-0.204,-0.146,-1.06,-0.091,0.522,5,none,Normal
Laboratories,1,429,11,705,139.798,140.298,-0.499,-0.356,-0.352,-0.166,0.547,5,none,Normal
Laboratories,1,430,11,710,140.033,140.241,-0.208,-0.148,0.235,-0.152,0.544,5,none,Normal
Laboratories,1,431,11,715,139.948,140.184,-0.236,-0.169,-0.085,-0.057,0.449,5,none,Normal
Laboratories,1,432,12,720,139.788,140.128,-0.34,-0.243,-0.16,-0.115,0.461,5,none,Normal
Laboratories,1,433,12,725,140.352,140.071,0.281,0.201,0.564,-0.201,0.261,5,none,Normal
Laboratories,1,434,12,730,140.249,140.014,0.235,0.168,-0.103,-0.128,0.316,5,none,Normal
Laboratories,1,435,12,735,139.779,139.958,-0.179,-0.128,-0.47,-0.075,0.264,5,none,Normal
Laboratories,1,436,12,740,140.62,139.901,0.719,0.514,0.841,0.08,0.404,5,none,Normal
Laboratories,1,437,12,745,140.302,139.845,0.457,0.327,-0.318,0.195,0.395,5,none,Normal
Laboratories,1,438,12,750,140.165,139.788,0.377,0.27,-0.137,0.315,0.296,5,none,Normal
Laboratories,1,439,12,755,139.797,139.731,0.065,0.047,-0.368,0.279,0.314,5,none,Normal
Laboratories,1,440,12,760,139.892,139.675,0.218,0.156,0.095,0.276,0.314,5,none,Normal
Laboratories,1,441,12,765,140.886,139.618,1.267,0.908,0.994,0.517,0.429,5,none,Normal
Laboratories,1,442,12,770,139.594,139.562,0.032,0.023,-1.292,0.403,0.455,5,none,Normal
Laboratories,1,443,12,775,139.329,139.505,-0.177,-0.127,-0.265,0.297,0.51,5,none,Normal
Laboratories,1,444,13,780,140.372,139.449,0.923,0.662,1.043,0.388,0.572,5,none,Normal
Laboratories,1,445,13,785,139.303,139.392,-0.089,-0.064,-1.069,0.362,0.593,5,none,Normal
Laboratories,1,446,13,790,139.293,139.336,-0.043,-0.031,-0.01,0.319,0.615,5,none,Normal
Laboratories,1,447,13,795,140.106,139.279,0.827,0.594,0.813,0.245,0.493,5,none,Normal
Laboratories,1,448,13,800,139.762,139.223,0.54,0.388,-0.344,0.33,0.493,5,none,Normal
Laboratories,1,449,13,805,139.947,139.166,0.78,0.561,0.185,0.49,0.449,5,none,Normal
Laboratories,1,450,13,810,138.481,139.11,-0.629,-0.452,-1.466,0.231,0.578,5,none,Normal
Laboratories,1,451,13,815,141.096,139.054,2.042,1.469,2.615,0.586,0.904,5,none,Normal
Laboratories,1,452,13,820,138.444,138.997,-0.553,-0.398,-2.652,0.501,0.995,5,none,Normal
Laboratories,1,453,13,825,138.919,138.941,-0.022,-0.015,0.475,0.36,1.0,5,none,Normal
Laboratories,1,454,13,830,140.091,138.884,1.207,0.869,1.172,0.471,1.059,5,none,Normal
Laboratories,1,455,13,835,138.738,138.828,-0.09,-0.065,-1.353,0.326,1.068,5,none,Normal
Laboratories,1,456,14,840,138.628,138.772,-0.144,-0.103,-0.11,0.407,0.997,5,none,Normal
Laboratories,1,457,14,845,138.235,138.715,-0.481,-0.346,-0.393,-0.014,0.636,5,none,Normal
Laboratories,1,458,14,850,137.92,138.659,-0.739,-0.533,-0.315,-0.045,0.671,5,none,Normal
Laboratories,1,459,14,855,139.593,138.603,0.991,0.715,1.673,0.124,0.794,5,none,Normal
Laboratories,1,460,14,860,138.204,138.546,-0.342,-0.247,-1.389,-0.134,0.6,5,none,Normal
Laboratories,1,461,14,865,138.027,138.49,-0.463,-0.334,-0.177,-0.196,0.613,5,none,Normal
Laboratories,1,462,14,870,138.923,138.434,0.49,0.354,0.896,-0.091,0.676,5,none,Normal
Laboratories,1,463,14,875,136.684,138.377,-1.694,-1.224,-2.239,-0.293,0.944,5,none,Normal
Laboratories,1,464,14,880,137.508,138.321,-0.813,-0.588,0.824,-0.305,0.951,5,none,Normal
Laboratories,1,465,14,885,138.028,138.265,-0.237,-0.172,0.52,-0.51,0.721,5,none,Normal
Laboratories,1,466,14,890,137.783,138.209,-0.426,-0.308,-0.245,-0.524,0.718,5,none,Normal
Laboratories,1,467,14,895,139.021,138.152,0.869,0.629,1.238,-0.302,0.918,5,none,Normal
Laboratories,1,468,15,900,137.072,138.096,-1.024,-0.741,-1.949,-0.554,0.864,5,none,Normal
Laboratories,1,469,15,905,138.693,138.04,0.653,0.473,1.621,-0.163,0.771,5,none,Normal
Laboratories,1,470,15,910,138.053,137.984,0.07,0.05,-0.64,-0.016,0.703,5,none,Normal
Laboratories,1,471,15,915,138.548,137.928,0.62,0.45,0.495,0.127,0.735,5,none,Normal
Laboratories,1,472,15,920,137.063,137.871,-0.809,-0.587,-1.485,0.063,0.806,5,none,Normal
Laboratories,1,473,15,925,136.761,137.815,-1.055,-0.765,-0.302,-0.258,0.804,5,none,Normal
Laboratories,1,474,15,930,137.195,137.759,-0.564,-0.41,0.434,-0.181,0.736,5,none,Normal
Laboratories,1,475,15,935,137.267,137.703,-0.436,-0.317,0.072,-0.362,0.613,5,none,Normal
Laboratories,1,476,15,940,138.631,137.647,0.984,0.715,1.364,-0.21,0.82,5,none,Normal
Laboratories,1,477,15,945,136.747,137.591,-0.843,-0.613,-1.884,-0.454,0.737,5,none,Normal
Laboratories,1,478,15,950,139.038,137.535,1.503,1.093,2.291,-0.069,1.052,5,none,Normal
Laboratories,1,479,15,955,180.063,137.478,42.585,30.976,41.025,7.205,17.358,5,spike,Critical
Laboratories,1,480,16,960,179.106,137.422,41.684,30.332,-0.957,14.246,21.622,5,spike,Critical
Laboratories,1,481,16,965,179.202,137.366,41.836,30.456,0.096,21.292,22.739,5,spike,Critical
Laboratories,1,482,16,970,179.191,137.31,41.881,30.501,-0.011,28.108,21.532,5,spike,Critical
Laboratories,1,483,16,975,178.728,137.254,41.474,30.217,-0.463,35.16,16.493,5,spike,Critical
Laboratories,1,484,16,980,178.708,137.198,41.51,30.255,-0.02,41.828,0.406,5,spike,Critical
Laboratories,1,485,16,985,178.278,137.142,41.136,29.995,-0.43,41.587,0.276,5,spike,Critical
Laboratories,1,486,16,990,177.592,137.086,40.506,29.548,-0.686,41.39,0.511,5,spike,Critical
Laboratories,1,487,16,995,178.631,137.03,41.601,30.359,1.039,41.351,0.478,5,spike,Critical
Laboratories,1,488,16,1000,175.753,136.974,38.779,28.311,-2.878,40.834,1.084,5,spike,Critical
Laboratories,1,489,16,1005,178.469,136.918,41.551,30.347,2.716,40.847,1.094,5,spike,Critical
Laboratories,1,490,16,1010,179.744,136.862,42.882,31.333,1.275,41.076,1.369,5,spike,Critical
Laboratories,1,491,16,1015,179.358,136.806,42.552,31.104,-0.386,41.312,1.497,5,spike,Critical
Laboratories,1,492,17,1020,177.735,136.75,40.985,29.971,-1.623,41.392,1.458,5,spike,Critical
Laboratories,1,493,17,1025,178.488,136.694,41.794,30.575,0.753,41.424,1.466,5,spike,Critical
Laboratories,1,494,17,1030,180.376,136.638,43.738,32.01,1.888,42.25,1.0,5,spike,Critical
Laboratories,1,495,17,1035,179.319,136.582,42.737,31.29,-1.057,42.448,0.95,5,spike,Critical
Laboratories,1,496,17,1040,179.103,136.526,42.577,31.186,-0.216,42.397,0.93,5,spike,Critical
Laboratories,1,497,17,1045,177.535,136.471,41.064,30.09,-1.568,42.149,1.069,5,spike,Critical
Laboratories,1,498,17,1050,176.843,136.415,40.429,29.637,-0.692,42.056,1.205,5,spike,Critical
Laboratories,1,499,17,1055,176.157,136.359,39.798,29.187,-0.686,41.724,1.525,5,spike,Critical
Laboratories,1,500,17,1060,176.468,136.303,40.165,29.468,0.311,41.128,1.255,5,spike,Critical
Laboratories,1,501,17,1065,178.098,136.247,41.85,30.717,1.63,40.98,1.066,5,spike,Critical
Laboratories,1,502,17,1070,177.754,136.191,41.563,30.518,-0.344,40.812,0.812,5,spike,Critical
Laboratories,1,503,17,1075,178.118,136.135,41.982,30.839,0.364,40.964,0.945,5,spike,Critical
Laboratories,1,504,18,1080,177.262,136.08,41.182,30.263,-0.856,41.09,0.909,5,spike,Critical
Laboratories,1,505,18,1085,177.47,136.024,41.446,30.47,0.208,41.365,0.653,5,spike,Critical
Laboratories,1,506,18,1090,178.501,135.968,42.533,31.281,1.031,41.759,0.475,5,spike,Critical
Laboratories,1,507,18,1095,178.991,135.912,43.079,31.696,0.49,41.964,0.722,5,spike,Critical
Laboratories,1,508,18,1100,175.678,135.856,39.822,29.312,-3.313,41.674,1.143,5,spike,Critical
Laboratories,1,509,18,1105,176.448,135.801,40.647,29.931,0.77,41.452,1.199,5,spike,Critical
Laboratories,1,510,18,1110,176.321,135.745,40.576,29.891,-0.127,41.351,1.251,5,spike,Critical
Laboratories,1,511,18,1115,175.257,135.689,39.567,29.16,-1.064,41.037,1.443,5,spike,Critical
Laboratories,1,512,18,1120,175.833,135.633,40.2,29.639,0.576,40.649,1.262,5,spike,Critical
Laboratories,1,513,18,1125,176.111,135.578,40.533,29.897,0.278,40.224,0.445,5,spike,Critical
Laboratories,1,514,18,1130,176.599,135.522,41.077,30.31,0.488,40.433,0.509,5,spike,Critical
Laboratories,1,515,18,1135,177.278,135.466,41.812,30.865,0.679,40.628,0.765,5,spike,Critical
Laboratories,1,516,19,1140,178.238,135.411,42.827,31.628,0.96,41.003,1.176,5,spike,Critical
Laboratories,1,517,19,1145,176.533,135.355,41.178,30.422,-1.705,41.271,0.944,5,spike,Critical
Laboratories,1,518,19,1150,176.385,135.299,41.086,30.367,-0.148,41.419,0.801,5,spike,Critical
Laboratories,1,519,19,1155,175.913,135.244,40.67,30.071,-0.472,41.442,0.772,5,spike,Critical
Laboratories,1,520,19,1160,177.163,135.188,41.975,31.049,1.25,41.591,0.774,5,spike,Critical
Laboratories,1,521,19,1165,175.136,135.132,40.003,29.603,-2.027,41.29,0.993,5,spike,Critical
Laboratories,1,522,19,1170,175.283,135.077,40.206,29.765,0.147,40.853,0.72,5,spike,Critical
Laboratories,1,523,19,1175,174.831,135.021,39.809,29.484,-0.452,40.625,0.808,5,spike,Critical
Laboratories,1,524,19,1180,176.965,134.966,41.999,31.118,2.134,40.777,0.98,5,spike,Critical
Laboratories,1,525,19,1185,174.59,134.91,39.679,29.412,-2.375,40.612,1.08,5,spike,Critical
Laboratories,1,526,19,1190,176.487,134.855,41.633,30.872,1.897,40.555,1.0,5,spike,Critical
Laboratories,1,527,19,1195,175.704,134.799,40.905,30.345,-0.783,40.705,0.967,5,spike,Critical
Laboratories,1,528,20,1200,176.149,134.743,41.405,30.729,0.445,40.905,0.968,5,spike,Critical
Laboratories,1,529,20,1205,174.84,134.688,40.152,29.811,-1.309,40.962,0.897,5,spike,Critical
Laboratories,1,530,20,1210,175.8,134.632,41.168,30.578,0.96,40.824,0.759,5,spike,Critical
Laboratories,1,531,20,1215,135.407,134.577,0.83,0.617,-40.393,34.349,16.429,5,none,Normal
Laboratories,1,532,20,1220,133.084,134.521,-1.438,-1.069,-2.323,27.17,21.298,5,none,Normal
Laboratories,1,533,20,1225,134.817,134.466,0.351,0.261,1.733,20.411,22.47,5,none,Normal
Laboratories,1,534,20,1230,133.926,134.41,-0.484,-0.36,-0.891,13.43,21.109,5,none,Normal
Laboratories,1,535,20,1235,133.915,134.355,-0.44,-0.327,-0.011,6.664,16.921,5,none,Normal
Laboratories,1,536,20,1240,133.962,134.3,-0.337,-0.251,0.047,-0.253,0.779,5,none,Normal
Laboratories,1,537,20,1245,133.436,134.244,-0.808,-0.602,-0.526,-0.526,0.587,5,none,Normal
Laboratories,1,538,20,1250,134.485,134.189,0.297,0.221,1.049,-0.237,0.462,5,none,Normal
Laboratories,1,539,20,1255,133.046,134.133,-1.087,-0.81,-1.439,-0.476,0.469,5,none,Normal
Laboratories,1,540,21,1260,134.182,134.078,0.104,0.078,1.136,-0.378,0.526,5,none,Normal
Laboratories,1,541,21,1265,133.417,134.022,-0.606,-0.452,-0.765,-0.406,0.534,5,none,Normal
Laboratories,1,542,21,1270,134.22,133.967,0.252,0.188,0.803,-0.308,0.599,5,none,Normal
Laboratories,1,543,21,1275,134.193,133.912,0.281,0.21,-0.027,-0.126,0.582,5,none,Normal
Laboratories,1,544,21,1280,133.115,133.856,-0.741,-0.554,-1.078,-0.299,0.585,5,none,Normal
Laboratories,1,545,21,1285,134.038,133.801,0.237,0.177,0.923,-0.079,0.467,5,none,Normal
Laboratories,1,546,21,1290,134.092,133.746,0.346,0.259,0.054,-0.038,0.495,5,none,Normal
Laboratories,1,547,21,1295,134.192,133.69,0.502,0.375,0.1,0.146,0.445,5,none,Normal
Laboratories,1,548,21,1300,133.434,133.635,-0.201,-0.15,-0.758,0.071,0.462,5,none,Normal
Laboratories,1,549,21,1305,134.044,133.58,0.464,0.347,0.61,0.101,0.484,5,none,Normal
Laboratories,1,550,21,1310,133.654,133.524,0.13,0.097,-0.39,0.246,0.259,5,none,Normal
Laboratories,1,551,21,1315,132.833,133.469,-0.636,-0.477,-0.821,0.101,0.444,5,none,Normal
Laboratories,1,552,22,1320,133.297,133.414,-0.117,-0.088,0.464,0.024,0.433,5,none,Normal
Laboratories,1,553,22,1325,133.431,133.359,0.072,0.054,0.134,-0.048,0.369,5,none,Normal
Laboratories,1,554,22,1330,133.957,133.303,0.653,0.49,0.526,0.094,0.454,5,none,Normal
Laboratories,1,555,22,1335,132.79,133.248,-0.458,-0.344,-1.167,-0.059,0.459,5,none,Normal
Laboratories,1,556,22,1340,133.334,133.193,0.141,0.106,0.544,-0.057,0.46,5,none,Normal
Laboratories,1,557,22,1345,133.475,133.138,0.338,0.254,0.141,0.105,0.38,5,none,Normal
Laboratories,1,558,22,1350,134.356,133.083,1.273,0.957,0.881,0.336,0.586,5,none,Normal
Laboratories,1,559,22,1355,133.007,133.027,-0.021,-0.016,-1.349,0.321,0.595,5,none,Normal
Laboratories,1,560,22,1360,132.688,132.972,-0.284,-0.214,-0.319,0.165,0.614,5,none,Normal
Laboratories,1,561,22,1365,132.931,132.917,0.014,0.011,0.243,0.244,0.544,5,none,Normal
Laboratories,1,562,22,1370,132.55,132.862,-0.312,-0.235,-0.381,0.168,0.591,5,none,Normal
Laboratories,1,563,22,1375,132.439,132.807,-0.368,-0.277,-0.111,0.05,0.62,5,none,Normal
Laboratories,1,564,23,1380,132.729,132.752,-0.022,-0.017,0.29,-0.166,0.173,5,none,Normal
Laboratories,1,565,23,1385,133.448,132.696,0.752,0.566,0.719,-0.037,0.418,5,none,Normal
Laboratories,1,566,23,1390,132.902,132.641,0.26,0.196,-0.546,0.054,0.412,5,none,Normal
Laboratories,1,567,23,1395,132.501,132.586,-0.085,-0.064,-0.401,0.038,0.416,5,none,Normal
Laboratories,1,568,23,1400,132.755,132.531,0.224,0.169,0.254,0.127,0.382,5,none,Normal
Laboratories,1,569,23,1405,132.922,132.476,0.446,0.337,0.167,0.262,0.309,5,none,Normal
Laboratories,1,570,23,1410,132.115,132.421,-0.306,-0.231,-0.807,0.215,0.376,5,none,Normal
Laboratories,1,571,23,1415,131.873,132.366,-0.493,-0.372,-0.242,0.008,0.363,5,none,Normal
Laboratories,1,572,23,1420,132.391,132.311,0.08,0.061,0.518,-0.022,0.345,5,none,Normal
Laboratories,1,573,23,1425,132.441,132.256,0.185,0.14,0.05,0.023,0.353,5,none,Normal
Laboratories,1,574,23,1430,131.766,132.201,-0.435,-0.329,-0.675,-0.087,0.379,5,none,Normal
Laboratories,1,575,23,1435,132.334,132.146,0.188,0.142,0.568,-0.13,0.316,5,none,Normal
Laboratories,1,576,0,0,148.425,148.16,0.265,0.179,16.091,-0.035,0.338,5,none,Normal
Laboratories,1,577,0,5,147.768,148.101,-0.333,-0.225,-0.657,-0.008,0.299,5,none,Normal
Laboratories,1,578,0,10,147.98,148.043,-0.063,-0.042,0.212,-0.032,0.296,5,none,Normal
Laboratories,1,579,0,15,147.635,147.985,-0.35,-0.236,-0.345,-0.121,0.298,5,none,Normal
Laboratories,1,580,0,20,148.124,147.927,0.197,0.133,0.489,-0.016,0.276,5,none,Normal
Laboratories,1,581,0,25,147.34,147.869,-0.529,-0.357,-0.784,-0.135,0.321,5,none,Normal
Laboratories,1,582,0,30,148.09,147.81,0.28,0.189,0.75,-0.133,0.325,5,none,Normal
Laboratories,1,583,0,35,147.334,147.752,-0.418,-0.283,-0.756,-0.147,0.337,5,none,Normal
Laboratories,1,584,0,40,147.341,147.694,-0.353,-0.239,0.007,-0.196,0.343,5,none,Normal
Laboratories,1,585,0,45,147.55,147.636,-0.086,-0.058,0.209,-0.152,0.336,5,none,Normal
Laboratories,1,586,0,50,147.274,147.578,-0.303,-0.206,-0.276,-0.235,0.292,5,none,Normal
Laboratories,1,587,0,55,148.527,147.52,1.008,0.683,1.253,0.021,0.546,5,none,Normal
Laboratories,1,588,1,60,147.264,147.462,-0.197,-0.134,-1.263,-0.058,0.535,5,none,Normal
Laboratories,1,589,1,65,147.745,147.404,0.342,0.232,0.481,0.069,0.523,5,none,Normal
Laboratories,1,590,1,70,146.544,147.345,-0.801,-0.544,-1.201,-0.006,0.618,5,none,Normal
Laboratories,1,591,1,75,148.213,147.287,0.925,0.628,1.669,0.162,0.721,5,none,Normal
Laboratories,1,592,1,80,146.472,147.229,-0.757,-0.514,-1.741,0.087,0.8,5,none,Normal
Laboratories,1,593,1,85,146.312,147.171,-0.859,-0.584,-0.16,-0.224,0.73,5,none,Normal
Laboratories,1,594,1,90,147.273,147.113,0.159,0.108,0.961,-0.165,0.747,5,none,Normal
Laboratories,1,595,1,95,148.084,147.055,1.029,0.699,0.811,-0.051,0.881,5,none,Normal
Laboratories,1,596,1,100,146.647,146.997,-0.35,-0.238,-1.437,0.025,0.821,5,none,Normal
Laboratories,1,597,1,105,145.816,146.939,-1.123,-0.764,-0.831,-0.317,0.797,5,none,Normal
Laboratories,1,598,1,110,146.855,146.881,-0.027,-0.018,1.039,-0.195,0.772,5,none,Normal
Laboratories,1,599,1,115,146.874,146.823,0.051,0.035,0.019,-0.044,0.701,5,none,Normal
Laboratories,1,600,2,120,146.529,146.765,-0.236,-0.161,-0.345,-0.109,0.697,5,none,Normal
Laboratories,1,601,2,125,146.401,146.707,-0.306,-0.209,-0.128,-0.332,0.418,5,none,Normal
Laboratories,1,602,2,130,146.023,146.649,-0.626,-0.427,-0.378,-0.378,0.436,5,none,Normal
Laboratories,1,603,2,135,145.914,146.591,-0.678,-0.462,-0.109,-0.304,0.3,5,none,Normal
Laboratories,1,604,2,140,146.34,146.534,-0.193,-0.132,0.426,-0.331,0.276,5,none,Normal
Laboratories,1,605,2,145,146.344,146.476,-0.132,-0.09,0.004,-0.362,0.232,5,none,Normal
Laboratories,1,606,2,150,147.379,146.418,0.961,0.656,1.035,-0.162,0.594,5,none,Normal
Laboratories,1,607,2,155,146.319,146.36,-0.04,-0.028,-1.06,-0.118,0.591,5,none,Normal
Laboratories,1,608,2,160,145.624,146.302,-0.678,-0.464,-0.695,-0.127,0.6,5,none,Normal
Laboratories,1,609,2,165,146.305,146.244,0.061,0.042,0.681,-0.004,0.537,5,none,Normal
Laboratories,1,610,2,170,145.299,146.186,-0.888,-0.607,-1.006,-0.119,0.649,5,none,Normal
Laboratories,1,611,2,175,146.014,146.128,-0.114,-0.078,0.715,-0.116,0.649,5,none,Normal
Laboratories,1,612,3,180,110.684,146.071,-35.386,-24.226,-35.33,-6.174,14.316,5,sudden_drop,Critical
Laboratories,1,613,3,185,110.888,146.013,-35.125,-24.056,0.204,-12.022,18.0,5,sudden_drop,Critical
Laboratories,1,614,3,190,112.964,145.955,-32.991,-22.603,2.076,-17.407,18.746,5,sudden_drop,Critical
Laboratories,1,615,3,195,111.348,145.897,-34.549,-23.68,-1.616,-23.176,17.585,5,sudden_drop,Critical
Laboratories,1,616,3,200,111.993,145.839,-33.846,-23.208,0.645,-28.668,14.016,5,sudden_drop,Critical
Laboratories,1,617,3,205,112.02,145.782,-33.762,-23.159,0.027,-34.276,0.909,5,sudden_drop,Critical
Laboratories,1,618,3,210,112.498,145.724,-33.225,-22.8,0.478,-33.916,0.803,5,sudden_drop,Critical
Laboratories,1,619,3,215,111.798,145.666,-33.868,-23.251,-0.7,-33.707,0.548,5,sudden_drop,Critical
Laboratories,1,620,3,220,113.344,145.608,-32.264,-22.158,1.546,-33.586,0.772,5,sudden_drop,Critical
Laboratories,1,621,3,225,114.637,145.551,-30.914,-21.239,1.293,-32.98,1.182,5,sudden_drop,Critical
Laboratories,1,622,3,230,113.542,145.493,-31.951,-21.96,-1.095,-32.664,1.158,5,sudden_drop,Critical
Laboratories,1,623,3,235,114.802,145.435,-30.633,-21.063,1.26,-32.142,1.264,5,sudden_drop,Critical
Laboratories,1,624,4,240,116.051,145.378,-29.327,-20.173,1.249,-31.493,1.563,5,sudden_drop,Critical
Laboratories,1,625,4,245,113.602,145.32,-31.718,-21.826,-2.449,-31.135,1.082,5,sudden_drop,Critical
Laboratories,1,626,4,250,115.284,145.262,-29.978,-20.637,1.682,-30.754,1.004,5,sudden_drop,Critical
Laboratories,1,627,4,255,114.624,145.205,-30.581,-21.061,-0.66,-30.698,1.003,5,sudden_drop,Critical
Laboratories,1,628,4,260,114.157,145.147,-30.99,-21.351,-0.467,-30.538,0.823,5,sudden_drop,Critical
Laboratories,1,629,4,265,115.15,145.089,-29.939,-20.635,0.993,-30.422,0.855,5,sudden_drop,Critical
Laboratories,1,630,4,270,114.999,145.032,-30.033,-20.708,-0.151,-30.54,0.711,5,sudden_drop,Critical
Laboratories,1,631,4,275,114.367,144.974,-30.607,-21.112,-0.632,-30.355,0.433,5,sudden_drop,Critical
Laboratories,1,632,4,280,114.625,144.916,-30.292,-20.903,0.258,-30.407,0.396,5,sudden_drop,Critical
Laboratories,1,633,4,285,113.064,144.859,-31.795,-21.949,-1.561,-30.609,0.698,5,sudden_drop,Critical
Laboratories,1,634,4,290,112.883,144.801,-31.918,-22.043,-0.181,-30.764,0.878,5,sudden_drop,Critical
Laboratories,1,635,4,295,111.366,144.744,-33.378,-23.06,-1.517,-31.337,1.268,5,sudden_drop,Critical
Laboratories,1,636,5,300,114.309,144.686,-30.377,-20.995,2.943,-31.395,1.203,5,sudden_drop,Critical
Laboratories,1,637,5,305,115.104,144.629,-29.525,-20.414,0.795,-31.214,1.409,5,sudden_drop,Critical
Laboratories,1,638,5,310,113.841,144.571,-30.731,-21.256,-1.263,-31.287,1.362,5,sudden_drop,Critical
Laboratories,1,639,5,315,114.079,144.514,-30.434,-21.06,0.238,-31.06,1.373,5,sudden_drop,Critical
Laboratories,1,640,5,320,114.697,144.456,-29.759,-20.601,0.618,-30.701,1.387,5,sudden_drop,Critical
Laboratories,1,641,5,325,114.961,144.399,-29.438,-20.387,0.264,-30.044,0.539,5,sudden_drop,Critical
Laboratories,1,642,5,330,114.405,144.341,-29.936,-20.74,-0.556,-29.97,0.514,5,sudden_drop,Critical
Laboratories,1,643,5,335,112.585,144.284,-31.698,-21.969,-1.82,-30.333,0.815,5,sudden_drop,Critical
Laboratories,1,644,5,340,112.576,144.226,-31.65,-21.945,-0.009,-30.486,0.975,5,sudden_drop,Critical
Laboratories,1,645,5,345,111.397,144.169,-32.771,-22.731,-1.179,-30.875,1.346,5,sudden_drop,Critical
Laboratories,1,646,5,350,114.747,144.111,-29.365,-20.376,3.35,-30.81,1.419,5,sudden_drop,Critical
Laboratories,1,647,5,355,113.912,144.054,-30.142,-20.924,-0.835,-30.927,1.308,5,sudden_drop,Critical
Laboratories,1,648,6,360,113.097,143.996,-30.899,-21.458,-0.815,-31.088,1.218,5,sudden_drop,Critical
Laboratories,1,649,6,365,113.987,143.939,-29.952,-20.809,0.89,-30.796,1.251,5,sudden_drop,Critical
Laboratories,1,650,6,370,114.095,143.882,-29.787,-20.702,0.108,-30.486,1.228,5,sudden_drop,Critical
Laboratories,1,651,6,375,112.673,143.824,-31.151,-21.659,-1.422,-30.216,0.682,5,sudden_drop,Critical
Laboratories,1,652,6,380,114.789,143.767,-28.977,-20.156,2.116,-30.151,0.789,5,sudden_drop,Critical
Laboratories,1,653,6,385,113.591,143.709,-30.118,-20.958,-1.198,-30.147,0.789,5,sudden_drop,Critical
Laboratories,1,654,6,390,114.186,143.652,-29.466,-20.512,0.595,-29.909,0.73,5,sudden_drop,Critical
Laboratories,1,655,6,395,112.013,143.595,-31.581,-21.993,-2.173,-30.18,1.002,5,sudden_drop,Critical
Laboratories,1,656,6,400,113.269,143.537,-30.269,-21.088,1.256,-30.26,0.983,5,sudden_drop,Critical
Laboratories,1,657,6,405,113.738,143.48,-29.742,-20.729,0.469,-30.025,0.892,5,sudden_drop,Critical
Laboratories,1,658,6,410,112.61,143.423,-30.813,-21.484,-1.128,-30.331,0.767,5,sudden_drop,Critical
Laboratories,1,659,6,415,113.528,143.366,-29.838,-20.812,0.918,-30.285,0.79,5,sudden_drop,Critical
Laboratories,1,660,7,420,112.702,143.308,-30.607,-21.357,-0.826,-30.475,0.684,5,sudden_drop,Critical
Laboratories,1,661,7,425,113.635,143.251,-29.616,-20.674,0.933,-30.147,0.492,5,sudden_drop,Critical
Laboratories,1,662,7,430,113.018,143.194,-30.175,-21.073,-0.617,-30.132,0.489,5,sudden_drop,Critical
Laboratories,1,663,7,435,112.466,143.137,-30.671,-21.428,-0.552,-30.287,0.488,5,sudden_drop,Critical
Laboratories,1,664,7,440,112.83,143.079,-30.249,-21.141,0.364,-30.193,0.415,5,sudden_drop,Critical
Laboratories,1,665,7,445,110.303,143.022,-32.719,-22.877,-2.527,-30.673,1.071,5,sudden_drop,Critical
Laboratories,1,666,7,450,112.363,142.965,-30.602,-21.405,2.06,-30.672,1.071,5,sudden_drop,Critical
Laboratories,1,667,7,455,144.12,142.908,1.212,0.848,31.757,-25.534,13.136,5,none,Normal
Laboratories,1,668,7,460,142.178,142.85,-0.673,-0.471,-1.942,-20.617,16.213,5,none,Normal
Laboratories,1,669,7,465,142.705,142.793,-0.088,-0.062,0.527,-15.52,17.197,5,none,Normal
Laboratories,1,670,7,470,144.112,142.736,1.376,0.964,1.407,-10.249,16.617,5,none,Normal
Laboratories,1,671,7,475,141.097,142.679,-1.582,-1.109,-3.015,-5.06,12.564,5,none,Normal
Laboratories,1,672,8,480,143.09,142.622,0.468,0.328,1.993,0.119,1.137,5,none,Normal
Laboratories,1,673,8,485,143.139,142.565,0.574,0.403,0.049,0.012,1.04,5,none,Normal
Laboratories,1,674,8,490,142.993,142.508,0.486,0.341,-0.146,0.206,0.993,5,none,Normal
Laboratories,1,675,8,495,142.245,142.45,-0.205,-0.144,-0.748,0.186,1.001,5,none,Normal
Laboratories,1,676,8,500,141.812,142.393,-0.581,-0.408,-0.433,-0.14,0.843,5,none,Normal
Laboratories,1,677,8,505,142.118,142.336,-0.218,-0.153,0.306,0.087,0.483,5,none,Normal
Laboratories,1,678,8,510,141.989,142.279,-0.29,-0.204,-0.129,-0.039,0.462,5,none,Normal
Laboratories,1,679,8,515,142.98,142.222,0.758,0.533,0.991,-0.008,0.514,5,none,Normal
Laboratories,1,680,8,520,143.269,142.165,1.103,0.776,0.289,0.095,0.671,5,none,Normal
Laboratories,1,681,8,525,141.202,142.108,-0.906,-0.637,-2.067,-0.022,0.785,5,none,Normal
Laboratories,1,682,8,530,141.613,142.051,-0.438,-0.308,0.411,0.001,0.766,5,none,Normal
Laboratories,1,683,8,535,141.536,141.994,-0.458,-0.322,-0.077,-0.039,0.786,5,none,Normal
Laboratories,1,684,9,540,143.45,141.937,1.513,1.066,1.914,0.262,0.989,5,none,Normal
Laboratories,1,685,9,545,142.141,141.88,0.261,0.184,-1.309,0.179,0.96,5,none,Normal
Laboratories,1,686,9,550,142.847,141.823,1.024,0.722,0.706,0.166,0.945,5,none,Normal
Laboratories,1,687,9,555,142.405,141.766,0.639,0.451,-0.442,0.423,0.792,5,none,Normal
Laboratories,1,688,9,560,143.268,141.709,1.559,1.1,0.863,0.756,0.777,5,none,Normal
Laboratories,1,689,9,565,142.48,141.652,0.828,0.585,-0.788,0.971,0.505,5,none,Normal
Laboratories,1,690,9,570,140.858,141.595,-0.737,-0.521,-1.622,0.596,0.782,5,none,Normal
Laboratories,1,691,9,575,141.707,141.538,0.169,0.12,0.849,0.58,0.79,5,none,Normal
Laboratories,1,692,9,580,141.869,141.481,0.387,0.274,0.162,0.474,0.761,5,none,Normal
Laboratories,1,693,9,585,141.634,141.424,0.21,0.148,-0.235,0.403,0.763,5,none,Normal
Laboratories,1,694,9,590,141.538,141.368,0.17,0.12,-0.096,0.171,0.511,5,none,Normal
Laboratories,1,695,9,595,142.095,141.311,0.785,0.555,0.557,0.164,0.5,5,none,Normal
Laboratories,1,696,10,600,141.498,141.254,0.244,0.173,-0.597,0.328,0.238,5,none,Normal
Laboratories,1,697,10,605,142.651,141.197,1.454,1.029,1.153,0.542,0.5,5,none,Normal
Laboratories,1,698,10,610,140.321,141.14,-0.819,-0.58,-2.33,0.341,0.753,5,none,Normal
Laboratories,1,699,10,615,140.623,141.083,-0.46,-0.326,0.302,0.229,0.823,5,none,Normal
Laboratories,1,700,10,620,141.247,141.026,0.22,0.156,0.624,0.237,0.823,5,none,Normal
Laboratories,1,701,10,625,141.228,140.97,0.258,0.183,-0.019,0.15,0.779,5,none,Normal
Laboratories,1,702,10,630,140.737,140.913,-0.175,-0.125,-0.491,0.08,0.788,5,none,Normal
Laboratories,1,703,10,635,140.497,140.856,-0.359,-0.255,-0.24,-0.222,0.415,5,none,Normal
Laboratories,1,704,10,640,140.912,140.799,0.113,0.08,0.415,-0.067,0.307,5,none,Normal
Laboratories,1,705,10,645,140.793,140.743,0.05,0.036,-0.119,0.018,0.24,5,none,Normal
Laboratories,1,706,10,650,140.291,140.686,-0.395,-0.281,-0.502,-0.085,0.266,5,none,Normal
Laboratories,1,707,10,655,140.041,140.629,-0.588,-0.418,-0.25,-0.226,0.272,5,none,Normal
Laboratories,1,708,11,660,141.357,140.572,0.784,0.558,1.316,-0.066,0.497,5,none,Normal
Laboratories,1,709,11,665,139.682,140.516,-0.834,-0.593,-1.675,-0.145,0.583,5,none,Normal
Laboratories,1,710,11,670,138.683,140.459,-1.776,-1.264,-0.999,-0.46,0.86,5,none,Normal
Laboratories,1,711,11,675,139.475,140.402,-0.927,-0.66,0.792,-0.623,0.837,5,none,Normal
Laboratories,1,712,11,680,139.282,140.346,-1.064,-0.758,-0.193,-0.734,0.845,5,none,Normal
Laboratories,1,713,11,685,140.612,140.289,0.323,0.23,1.33,-0.582,0.951,5,none,Normal
Laboratories,1,714,11,690,140.901,140.232,0.669,0.477,0.289,-0.602,0.919,5,none,Normal
Laboratories,1,715,11,695,141.208,140.176,1.033,0.737,0.307,-0.29,1.119,5,none,Normal
Laboratories,1,716,11,700,139.332,140.119,-0.787,-0.562,-1.876,-0.126,0.909,5,none,Normal
Laboratories,1,717,11,705,139.613,140.062,-0.449,-0.321,0.281,-0.046,0.844,5,none,Normal
Laboratories,1,718,11,710,140.154,140.006,0.148,0.106,0.541,0.156,0.681,5,none,Normal
Laboratories,1,719,11,715,141.03,139.949,1.081,0.772,0.876,0.282,0.781,5,none,Normal
Laboratories,1,720,12,720,140.237,139.892,0.344,0.246,-0.793,0.228,0.759,5,none,Normal
Laboratories,1,721,12,725,141.066,139.836,1.23,0.88,0.829,0.261,0.804,5,none,Normal
Laboratories,1,722,12,730,139.449,139.779,-0.331,-0.237,-1.617,0.337,0.7,5,none,Normal
Laboratories,1,723,12,735,139.805,139.723,0.082,0.059,0.356,0.426,0.608,5,none,Normal
Laboratories,1,724,12,740,140.868,139.666,1.202,0.861,1.063,0.601,0.662,5,none,Normal
Laboratories,1,725,12,745,139.358,139.61,-0.252,-0.18,-1.51,0.379,0.692,5,none,Normal
Laboratories,1,726,12,750,139.524,139.553,-0.029,-0.021,0.166,0.317,0.712,5,none,Normal
Laboratories,1,727,12,755,139.766,139.497,0.269,0.193,0.242,0.157,0.557,5,none,Normal
Laboratories,1,728,12,760,139.863,139.44,0.423,0.303,0.097,0.282,0.508,5,none,Normal
Laboratories,1,729,12,765,138.545,139.384,-0.838,-0.602,-1.318,0.129,0.687,5,none,Normal
Laboratories,1,730,12,770,140.089,139.327,0.762,0.547,1.544,0.056,0.562,5,none,Normal
Laboratories,1,731,12,775,137.904,139.271,-1.367,-0.982,-2.185,-0.13,0.813,5,none,Normal
Laboratories,1,732,13,780,139.486,139.214,0.272,0.195,1.582,-0.08,0.829,5,none,Normal
Laboratories,1,733,13,785,139.114,139.158,-0.044,-0.032,-0.372,-0.132,0.813,5,none,Normal
Laboratories,1,734,13,790,139.818,139.101,0.717,0.515,0.704,-0.083,0.86,5,none,Normal
Laboratories,1,735,13,795,139.596,139.045,0.551,0.397,-0.222,0.148,0.801,5,none,Normal
Laboratories,1,736,13,800,139.355,138.989,0.366,0.263,-0.241,0.082,0.756,5,none,Normal
Laboratories,1,737,13,805,138.549,138.932,-0.383,-0.276,-0.806,0.247,0.402,5,none,Normal
Laboratories,1,738,13,810,132.584,138.876,-6.291,-4.53,-5.965,-0.847,2.697,5,slow_drift,Warning
Laboratories,1,739,13,815,131.659,138.819,-7.16,-5.158,-0.925,-2.033,3.664,5,slow_drift,Warning
Laboratories,1,740,13,820,129.141,138.763,-9.622,-6.934,-2.518,-3.757,4.457,5,slow_drift,Warning
Laboratories,1,741,13,825,129.25,138.707,-9.457,-6.818,0.109,-5.425,4.395,5,slow_drift,Warning
Laboratories,1,742,13,830,129.506,138.65,-9.145,-6.595,0.256,-7.01,3.516,5,slow_drift,Warning
Laboratories,1,743,13,835,127.023,138.594,-11.571,-8.349,-2.483,-8.874,1.89,5,slow_drift,Warning
Laboratories,1,744,14,840,127.924,138.538,-10.614,-7.661,0.901,-9.595,1.49,5,slow_drift,Warning
Laboratories,1,745,14,845,126.513,138.481,-11.968,-8.643,-1.411,-10.396,1.179,5,slow_drift,Warning
Laboratories,1,746,14,850,126.642,138.425,-11.783,-8.512,0.129,-10.756,1.224,5,slow_drift,Warning
Laboratories,1,747,14,855,125.078,138.369,-13.291,-9.605,-1.564,-11.395,1.398,5,slow_drift,Warning
Laboratories,1,748,14,860,123.887,138.313,-14.425,-10.43,-1.191,-12.275,1.36,5,slow_drift,Suspected Leak
Laboratories,1,749,14,865,123.747,138.256,-14.509,-10.494,-0.14,-12.765,1.568,5,slow_drift,Suspected Leak
Laboratories,1,750,14,870,122.787,138.2,-15.413,-11.153,-0.96,-13.565,1.473,5,slow_drift,Suspected Leak
Laboratories,1,751,14,875,121.562,138.144,-16.582,-12.003,-1.225,-14.334,1.664,5,slow_drift,Suspected Leak
Laboratories,1,752,14,880,122.623,138.088,-15.464,-11.199,1.061,-14.947,1.128,5,slow_drift,Suspected Leak
Laboratories,1,753,14,885,119.954,138.031,-18.077,-13.097,-2.669,-15.745,1.386,5,slow_drift,Suspected Leak
Laboratories,1,754,14,890,118.436,137.975,-19.539,-14.161,-1.518,-16.597,1.892,5,slow_drift,Suspected Leak
Laboratories,1,755,14,895,119.976,137.919,-17.943,-13.01,1.54,-17.17,1.636,5,slow_drift,Suspected Leak
Laboratories,1,756,15,900,117.923,137.863,-19.939,-14.463,-2.053,-17.924,1.706,5,slow_drift,Suspected Leak
Laboratories,1,757,15,905,117.342,137.807,-20.464,-14.85,-0.581,-18.571,1.827,5,slow_drift,Suspected Leak
Laboratories,1,758,15,910,116.553,137.75,-21.198,-15.388,-0.789,-19.527,1.3,5,slow_drift,Suspected Leak
Laboratories,1,759,15,915,115.674,137.694,-22.021,-15.992,-0.879,-20.184,1.413,5,slow_drift,Suspected Leak
Laboratories,1,760,15,920,114.804,137.638,-22.834,-16.59,-0.87,-20.733,1.719,5,slow_drift,Suspected Leak
Laboratories,1,761,15,925,113.915,137.582,-23.667,-17.202,-0.889,-21.687,1.424,5,slow_drift,Suspected Leak
Laboratories,1,762,15,930,113.802,137.526,-23.724,-17.251,-0.113,-22.318,1.33,5,slow_drift,Suspected Leak
Laboratories,1,763,15,935,112.772,137.47,-24.698,-17.966,-1.03,-23.024,1.271,5,slow_drift,Suspected Leak
Laboratories,1,764,15,940,112.702,137.414,-24.712,-17.983,-0.07,-23.609,1.053,5,slow_drift,Suspected Leak
Laboratories,1,765,15,945,111.805,137.358,-25.553,-18.603,-0.897,-24.198,0.971,5,slow_drift,Suspected Leak
Laboratories,1,766,15,950,110.211,137.302,-27.091,-19.731,-1.594,-24.908,1.281,5,slow_drift,Suspected Leak
Laboratories,1,767,15,955,110.085,137.246,-27.161,-19.79,-0.126,-25.49,1.394,5,slow_drift,Suspected Leak
Laboratories,1,768,16,960,109.022,137.189,-28.167,-20.532,-1.063,-26.23,1.447,5,slow_drift,Critical
Laboratories,1,769,16,965,107.932,137.133,-29.202,-21.294,-1.09,-26.981,1.648,5,slow_drift,Critical
Laboratories,1,770,16,970,108.195,137.077,-28.883,-21.07,0.263,-27.676,1.352,5,slow_drift,Critical
Laboratories,1,771,16,975,106.963,137.021,-30.058,-21.937,-1.232,-28.427,1.177,5,slow_drift,Critical
Laboratories,1,772,16,980,106.047,136.965,-30.918,-22.574,-0.916,-29.065,1.334,5,slow_drift,Critical
Laboratories,1,773,16,985,105.034,136.909,-31.875,-23.282,-1.013,-29.85,1.376,5,slow_drift,Critical
Laboratories,1,774,16,990,104.188,136.853,-32.666,-23.869,-0.846,-30.6,1.496,5,slow_drift,Critical
Laboratories,1,775,16,995,105.255,136.798,-31.543,-23.058,1.067,-30.99,1.357,5,slow_drift,Critical
Laboratories,1,776,16,1000,103.52,136.742,-33.222,-24.295,-1.735,-31.714,1.15,5,slow_drift,Critical
Laboratories,1,777,16,1005,101.923,136.686,-34.763,-25.432,-1.597,-32.498,1.377,5,slow_drift,Critical
Laboratories,1,778,16,1010,102.009,136.63,-34.62,-25.339,0.086,-33.115,1.357,5,slow_drift,Critical
Laboratories,1,779,16,1015,101.734,136.574,-34.84,-25.51,-0.275,-33.609,1.355,5,slow_drift,Critical
Laboratories,1,780,17,1020,100.457,136.518,-36.061,-26.415,-1.277,-34.175,1.573,5,slow_drift,Critical
Laboratories,1,781,17,1025,136.645,136.462,0.183,0.134,36.188,-28.887,14.27,5,none,Normal
Laboratories,1,782,17,1030,135.32,136.406,-1.086,-0.796,-1.325,-23.531,17.889,5,none,Normal
Laboratories,1,783,17,1035,135.127,136.35,-1.223,-0.897,-0.193,-17.941,18.89,5,none,Normal
Laboratories,1,784,17,1040,135.501,136.294,-0.794,-0.582,0.374,-12.304,17.94,5,none,Normal
Laboratories,1,785,17,1045,134.983,136.239,-1.256,-0.922,-0.518,-6.706,14.391,5,none,Normal
Laboratories,1,786,17,1050,136.117,136.183,-0.066,-0.048,1.134,-0.707,0.62,5,none,Normal
Laboratories,1,787,17,1055,134.864,136.127,-1.263,-0.928,-1.253,-0.948,0.467,5,none,Normal
Laboratories,1,788,17,1060,137.013,136.071,0.942,0.692,2.149,-0.61,0.89,5,none,Normal
Laboratories,1,789,17,1065,134.111,136.015,-1.904,-1.4,-2.902,-0.724,1.018,5,none,Normal
Laboratories,1,790,17,1070,136.81,135.959,0.85,0.625,2.699,-0.449,1.2,5,none,Normal
Laboratories,1,791,17,1075,136.26,135.904,0.357,0.262,-0.55,-0.181,1.163,5,none,Normal
Laboratories,1,792,18,1080,135.051,135.848,-0.797,-0.587,-1.209,-0.302,1.187,5,none,Normal
Laboratories,1,793,18,1085,135.643,135.792,-0.149,-0.11,0.592,-0.117,1.09,5,none,Normal
Laboratories,1,794,18,1090,135.066,135.736,-0.67,-0.494,-0.577,-0.386,0.968,5,none,Normal
Laboratories,1,795,18,1095,135.993,135.681,0.313,0.231,0.927,-0.016,0.641,5,none,Normal
Laboratories,1,796,18,1100,135.565,135.625,-0.059,-0.044,-0.428,-0.168,0.483,5,none,Normal
Laboratories,1,797,18,1105,134.633,135.569,-0.936,-0.691,-0.932,-0.383,0.491,5,none,Normal
Laboratories,1,798,18,1110,134.807,135.514,-0.706,-0.521,0.174,-0.368,0.477,5,none,Normal
Laboratories,1,799,18,1115,135.729,135.458,0.271,0.2,0.922,-0.298,0.541,5,none,Normal
Laboratories,1,800,18,1120,135.206,135.402,-0.196,-0.145,-0.523,-0.219,0.51,5,none,Normal
Laboratories,1,801,18,1125,135.523,135.346,0.176,0.13,0.317,-0.242,0.484,5,none,Normal
Laboratories,1,802,18,1130,134.623,135.291,-0.668,-0.494,-0.9,-0.343,0.501,5,none,Normal
Laboratories,1,803,18,1135,135.087,135.235,-0.148,-0.11,0.464,-0.212,0.41,5,none,Normal
Laboratories,1,804,19,1140,135.713,135.18,0.534,0.395,0.626,-0.005,0.423,5,none,Normal
Laboratories,1,805,19,1145,135.387,135.124,0.263,0.195,-0.326,-0.007,0.422,5,none,Normal
Laboratories,1,806,19,1150,134.071,135.068,-0.997,-0.738,-1.316,-0.14,0.588,5,none,Normal
Laboratories,1,807,19,1155,135.007,135.013,-0.006,-0.004,0.936,-0.17,0.573,5,none,Normal
Laboratories,1,808,19,1160,134.688,134.957,-0.27,-0.2,-0.319,-0.104,0.525,5,none,Normal
Laboratories,1,809,19,1165,135.381,134.902,0.479,0.355,0.693,0.001,0.575,5,none,Normal
Laboratories,1,810,19,1170,134.09,134.846,-0.756,-0.561,-1.291,-0.214,0.576,5,none,Normal
Laboratories,1,811,19,1175,134.647,134.79,-0.144,-0.107,0.557,-0.282,0.531,5,none,Normal
Laboratories,1,812,19,1180,134.585,134.735,-0.15,-0.111,-0.062,-0.141,0.399,5,none,Normal
Laboratories,1,813,19,1185,134.803,134.679,0.124,0.092,0.218,-0.12,0.412,5,none,Normal
Laboratories,1,814,19,1190,133.903,134.624,-0.721,-0.535,-0.9,-0.195,0.48,5,none,Normal
Laboratories,1,815,19,1195,135.152,134.568,0.583,0.433,1.249,-0.177,0.51,5,none,Normal
Laboratories,1,816,20,1200,134.932,134.513,0.419,0.311,-0.22,0.019,0.467,5,none,Normal
Laboratories,1,817,20,1205,133.046,134.457,-1.412,-1.05,-1.886,-0.193,0.754,5,none,Normal
Laboratories,1,818,20,1210,134.647,134.402,0.245,0.182,1.601,-0.127,0.776,5,none,Normal
Laboratories,1,819,20,1215,134.742,134.346,0.395,0.294,0.095,-0.082,0.801,5,none,Normal
Laboratories,1,820,20,1220,135.226,134.291,0.935,0.697,0.484,0.194,0.821,5,none,Normal
Laboratories,1,821,20,1225,135.282,134.236,1.047,0.78,0.056,0.272,0.885,5,none,Normal
Laboratories,1,822,20,1230,133.814,134.18,-0.366,-0.273,-1.468,0.141,0.916,5,none,Normal
Laboratories,1,823,20,1235,133.756,134.125,-0.368,-0.275,-0.058,0.315,0.61,5,none,Normal
Laboratories,1,824,20,1240,133.8,134.069,-0.269,-0.201,0.044,0.229,0.656,5,none,Normal
Laboratories,1,825,20,1245,134.335,134.014,0.321,0.239,0.535,0.217,0.653,5,none,Normal
Laboratories,1,826,20,1250,135.292,133.959,1.333,0.995,0.957,0.283,0.753,5,none,Normal
Laboratories,1,827,20,1255,134.244,133.903,0.341,0.255,-1.048,0.165,0.659,5,none,Normal
Laboratories,1,828,21,1260,133.408,133.848,-0.44,-0.328,-0.836,0.153,0.672,5,none,Normal
Laboratories,1,829,21,1265,133.247,133.792,-0.546,-0.408,-0.161,0.123,0.703,5,none,Normal
Laboratories,1,830,21,1270,133.264,133.737,-0.473,-0.354,0.017,0.089,0.73,5,none,Normal
Laboratories,1,831,21,1275,134.074,133.682,0.392,0.294,0.81,0.101,0.735,5,none,Normal
Laboratories,1,832,21,1280,134.421,133.627,0.794,0.594,0.347,0.011,0.568,5,none,Normal
Laboratories,1,833,21,1285,134.342,133.571,0.771,0.577,-0.079,0.083,0.641,5,none,Normal
Laboratories,1,834,21,1290,133.768,133.516,0.252,0.189,-0.574,0.198,0.588,5,none,Normal
Laboratories,1,835,21,1295,133.452,133.461,-0.009,-0.007,-0.316,0.288,0.483,5,stuck_sensor,Normal
Laboratories,1,836,21,1300,133.533,133.405,0.127,0.096,0.081,0.388,0.333,5,stuck_sensor,Normal
Laboratories,1,837,21,1305,133.502,133.35,0.152,0.114,-0.031,0.348,0.347,5,stuck_sensor,Normal
Laboratories,1,838,21,1310,133.531,133.295,0.236,0.177,0.029,0.255,0.27,5,stuck_sensor,Normal
Laboratories,1,839,21,1315,133.463,133.24,0.223,0.167,-0.068,0.163,0.098,5,stuck_sensor,Normal
Laboratories,1,840,22,1320,133.5,133.184,0.315,0.237,0.037,0.174,0.112,5,stuck_sensor,Normal
Laboratories,1,841,22,1325,133.438,133.129,0.309,0.232,-0.062,0.227,0.078,5,stuck_sensor,Normal
Laboratories,1,842,22,1330,133.559,133.074,0.485,0.365,0.121,0.287,0.114,5,stuck_sensor,Normal
Laboratories,1,843,22,1335,133.433,133.019,0.414,0.311,-0.126,0.33,0.102,5,stuck_sensor,Normal
Laboratories,1,844,22,1340,133.555,132.964,0.591,0.445,0.122,0.389,0.134,5,stuck_sensor,Normal
Laboratories,1,845,22,1345,133.411,132.909,0.502,0.378,-0.144,0.436,0.111,5,stuck_sensor,Normal
Laboratories,1,846,22,1350,133.411,132.853,0.557,0.419,0.0,0.476,0.102,5,stuck_sensor,Normal
Laboratories,1,847,22,1355,133.514,132.798,0.715,0.539,0.103,0.544,0.104,5,stuck_sensor,Normal
Laboratories,1,848,22,1360,133.467,132.743,0.724,0.546,-0.047,0.584,0.121,5,stuck_sensor,Normal
Laboratories,1,849,22,1365,133.424,132.688,0.736,0.555,-0.043,0.638,0.1,5,stuck_sensor,Normal
Laboratories,1,850,22,1370,133.489,132.633,0.856,0.646,0.065,0.682,0.13,5,stuck_sensor,Normal
Laboratories,1,851,22,1375,133.425,132.578,0.847,0.639,-0.064,0.739,0.109,5,stuck_sensor,Normal
Laboratories,1,852,23,1380,133.377,132.523,0.854,0.645,-0.048,0.789,0.07,5,stuck_sensor,Normal
Laboratories,1,853,23,1385,133.455,132.468,0.988,0.746,0.078,0.834,0.096,5,stuck_sensor,Normal
Laboratories,1,854,23,1390,133.42,132.413,1.007,0.761,-0.035,0.881,0.101,5,stuck_sensor,Normal
Laboratories,1,855,23,1395,133.442,132.358,1.084,0.819,0.022,0.939,0.101,5,stuck_sensor,Normal
Laboratories,1,856,23,1400,133.463,132.303,1.16,0.877,0.021,0.99,0.124,5,stuck_sensor,Normal
Laboratories,1,857,23,1405,133.43,132.247,1.183,0.894,-0.033,1.046,0.122,5,stuck_sensor,Normal
Laboratories,1,858,23,1410,133.489,132.192,1.297,0.981,0.059,1.12,0.117,5,stuck_sensor,Normal
Laboratories,1,859,23,1415,133.374,132.137,1.236,0.936,-0.115,1.161,0.104,5,stuck_sensor,Normal
Laboratories,1,860,23,1420,133.477,132.082,1.394,1.056,0.103,1.226,0.109,5,stuck_sensor,Normal
Laboratories,1,861,23,1425,133.43,132.027,1.403,1.062,-0.047,1.279,0.104,5,stuck_sensor,Normal
Laboratories,1,862,23,1430,133.466,131.973,1.494,1.132,0.036,1.334,0.116,5,stuck_sensor,Normal
Laboratories,1,863,23,1435,133.444,131.918,1.527,1.157,-0.022,1.392,0.111,5,stuck_sensor,Normal
Laboratories,1,864,0,0,133.396,148.137,-14.741,-9.951,-0.048,-1.281,6.595,5,stuck_sensor,Warning
Laboratories,1,865,0,5,133.371,148.079,-14.707,-9.932,-0.025,-3.938,8.355,5,stuck_sensor,Warning
Laboratories,1,866,0,10,133.412,148.02,-14.609,-9.869,0.041,-6.606,8.852,5,stuck_sensor,Warning
Laboratories,1,867,0,15,133.387,147.962,-14.575,-9.851,-0.025,-9.269,8.35,5,stuck_sensor,Warning
Laboratories,1,868,0,20,133.522,147.904,-14.382,-9.724,0.135,-11.914,6.586,5,stuck_sensor,Warning
Laboratories,1,869,0,25,133.418,147.846,-14.428,-9.759,-0.104,-14.574,0.145,5,stuck_sensor,Warning
Laboratories,1,870,0,30,133.436,147.788,-14.351,-9.711,0.018,-14.509,0.142,5,stuck_sensor,Warning
Laboratories,1,871,0,35,133.432,147.729,-14.297,-9.678,-0.004,-14.44,0.125,5,stuck_sensor,Warning
Laboratories,1,872,0,40,133.36,147.671,-14.312,-9.692,-0.072,-14.391,0.102,5,stuck_sensor,Warning
Laboratories,1,873,0,45,133.545,147.613,-14.069,-9.531,0.185,-14.306,0.126,5,stuck_sensor,Warning
Laboratories,1,874,0,50,133.42,147.555,-14.135,-9.579,-0.125,-14.265,0.136,5,stuck_sensor,Warning
Laboratories,1,875,0,55,133.508,147.497,-13.989,-9.484,0.088,-14.192,0.149,5,stuck_sensor,Warning
Laboratories,1,876,1,60,133.463,147.439,-13.976,-9.479,-0.045,-14.13,0.147,5,stuck_sensor,Warning
Laboratories,1,877,1,65,133.379,147.381,-14.002,-9.501,-0.084,-14.08,0.128,5,stuck_sensor,Warning
Laboratories,1,878,1,70,133.445,147.323,-13.878,-9.42,0.066,-14.008,0.087,5,stuck_sensor,Warning
Laboratories,1,879,1,75,146.432,147.265,-0.832,-0.565,12.987,-11.802,5.375,5,none,Normal
Laboratories,1,880,1,80,146.494,147.207,-0.712,-0.484,0.062,-9.565,6.811,5,none,Normal
Laboratories,1,881,1,85,148.29,147.149,1.141,0.776,1.796,-7.043,7.601,5,none,Normal
Laboratories,1,882,1,90,147.819,147.091,0.729,0.495,-0.471,-4.592,7.282,5,none,Normal
Laboratories,1,883,1,95,147.081,147.033,0.049,0.033,-0.738,-2.25,5.749,5,none,Normal
Laboratories,1,884,1,100,146.685,146.975,-0.289,-0.197,-0.396,0.014,0.79,5,none,Normal
Laboratories,1,885,1,105,146.245,146.917,-0.672,-0.457,-0.44,0.041,0.757,5,none,Normal
Laboratories,1,886,1,110,145.601,146.859,-1.257,-0.856,-0.644,-0.05,0.887,5,none,Normal
Laboratories,1,887,1,115,148.03,146.801,1.229,0.837,2.429,-0.035,0.911,5,none,Normal
Laboratories,1,888,2,120,146.951,146.743,0.209,0.142,-1.079,-0.122,0.846,5,none,Normal
Laboratories,1,889,2,125,145.537,146.685,-1.147,-0.782,-1.414,-0.321,0.934,5,none,Normal
Laboratories,1,890,2,130,146.215,146.627,-0.411,-0.281,0.678,-0.341,0.935,5,none,Normal
Laboratories,1,891,2,135,146.601,146.569,0.033,0.022,0.386,-0.224,0.929,5,none,Normal
Laboratories,1,892,2,140,147.474,146.511,0.963,0.657,0.873,0.146,0.876,5,none,Normal
Laboratories,1,893,2,145,145.796,146.453,-0.657,-0.448,-1.678,-0.168,0.737,5,none,Normal
Laboratories,1,894,2,150,145.844,146.395,-0.551,-0.376,0.048,-0.295,0.725,5,none,Normal
Laboratories,1,895,2,155,145.857,146.337,-0.48,-0.328,0.013,-0.184,0.61,5,none,Normal
Laboratories,1,896,2,160,146.25,146.279,-0.029,-0.02,0.393,-0.12,0.601,5,none,Normal
Laboratories,1,897,2,165,146.597,146.221,0.376,0.257,0.347,-0.063,0.634,5,none,Normal
Laboratories,1,898,2,170,146.716,146.164,0.552,0.378,0.119,-0.132,0.512,5,none,Normal
Laboratories,1,899,2,175,146.202,146.106,0.096,0.066,-0.514,-0.006,0.445,5,none,Normal
Laboratories,1,900,3,180,145.943,146.048,-0.105,-0.072,-0.259,0.068,0.366,5,none,Normal
Laboratories,1,901,3,185,146.1,145.99,0.11,0.076,0.157,0.167,0.25,5,none,Normal
Laboratories,1,902,3,190,146.318,145.932,0.386,0.264,0.218,0.236,0.242,5,none,Normal
Laboratories,1,903,3,195,145.862,145.875,-0.012,-0.009,-0.456,0.171,0.249,5,none,Normal
Laboratories,1,904,3,200,147.423,145.817,1.606,1.102,1.561,0.347,0.639,5,none,Normal
Laboratories,1,905,3,205,145.48,145.759,-0.279,-0.192,-1.943,0.284,0.685,5,none,Normal
Laboratories,1,906,3,210,145.585,145.701,-0.116,-0.08,0.105,0.283,0.686,5,none,Normal
Laboratories,1,907,3,215,145.671,145.643,0.027,0.019,0.086,0.269,0.691,5,none,Normal
Laboratories,1,908,3,220,145.008,145.586,-0.578,-0.397,-0.663,0.108,0.766,5,none,Normal
Laboratories,1,909,3,225,145.265,145.528,-0.263,-0.181,0.257,0.066,0.781,5,none,Normal
Laboratories,1,910,3,230,144.954,145.47,-0.517,-0.355,-0.311,-0.288,0.231,5,none,Normal
Laboratories,1,911,3,235,144.877,145.413,-0.536,-0.368,-0.077,-0.33,0.252,5,none,Normal
Laboratories,1,912,4,240,145.811,145.355,0.456,0.314,0.934,-0.235,0.409,5,none,Normal
Laboratories,1,913,4,245,144.87,145.297,-0.428,-0.294,-0.941,-0.311,0.392,5,none,Normal
Laboratories,1,914,4,250,146.237,145.24,0.997,0.687,1.367,-0.048,0.632,5,none,Normal
Laboratories,1,915,4,255,144.501,145.182,-0.681,-0.469,-1.736,-0.118,0.681,5,none,Normal
Laboratories,1,916,4,260,145.081,145.124,-0.044,-0.03,0.58,-0.039,0.653,5,none,Normal
Laboratories,1,917,4,265,145.293,145.067,0.226,0.156,0.212,0.088,0.609,5,none,Normal
Laboratories,1,918,4,270,145.895,145.009,0.886,0.611,0.602,0.159,0.682,5,none,Normal
Laboratories,1,919,4,275,145.533,144.951,0.582,0.401,-0.362,0.328,0.631,5,none,Normal
Laboratories,1,920,4,280,144.446,144.894,-0.447,-0.309,-1.087,0.087,0.599,5,none,Normal
Laboratories,1,921,4,285,143.994,144.836,-0.843,-0.582,-0.452,0.06,0.643,5,none,Normal
Laboratories,1,922,4,290,145.084,144.779,0.305,0.211,1.09,0.118,0.647,5,none,Normal
Laboratories,1,923,4,295,144.335,144.721,-0.386,-0.267,-0.749,0.016,0.674,5,none,Normal
Laboratories,1,924,5,300,144.69,144.664,0.027,0.018,0.355,-0.127,0.528,5,none,Normal
Laboratories,1,925,5,305,143.766,144.606,-0.84,-0.581,-0.924,-0.364,0.461,5,none,Normal
Laboratories,1,926,5,310,144.333,144.549,-0.215,-0.149,0.567,-0.325,0.463,5,none,Normal
Laboratories,1,927,5,315,144.344,144.491,-0.147,-0.102,0.011,-0.209,0.388,5,none,Normal
Laboratories,1,928,5,320,145.244,144.434,0.81,0.561,0.9,-0.125,0.545,5,none,Normal
Laboratories,1,929,5,325,144.468,144.376,0.092,0.064,-0.776,-0.045,0.534,5,none,Normal
Laboratories,1,930,5,330,144.164,144.319,-0.155,-0.107,-0.304,-0.076,0.534,5,none,Normal
Laboratories,1,931,5,335,143.981,144.261,-0.28,-0.194,-0.183,0.018,0.408,5,none,Normal
Laboratories,1,932,5,340,143.891,144.204,-0.313,-0.217,-0.09,0.001,0.421,5,none,Normal
Laboratories,1,933,5,345,143.857,144.146,-0.29,-0.201,-0.034,-0.023,0.435,5,none,Normal
Laboratories,1,934,5,350,143.896,144.089,-0.193,-0.134,0.039,-0.19,0.151,5,none,Normal
Laboratories,1,935,5,355,142.236,144.031,-1.795,-1.246,-1.66,-0.504,0.635,5,none,Normal
Laboratories,1,936,6,360,144.481,143.974,0.508,0.353,2.245,-0.394,0.755,5,none,Normal
Laboratories,1,937,6,365,142.098,143.917,-1.818,-1.264,-2.383,-0.65,0.945,5,none,Normal
Laboratories,1,938,6,370,144.483,143.859,0.624,0.434,2.385,-0.494,1.08,5,none,Normal
Laboratories,1,939,6,375,143.266,143.802,-0.536,-0.373,-1.217,-0.535,1.075,5,none,Normal
Laboratories,1,940,6,380,144.807,143.744,1.063,0.74,1.541,-0.326,1.261,5,none,Normal
Laboratories,1,941,6,385,144.007,143.687,0.32,0.223,-0.8,0.027,1.046,5,none,Normal
Laboratories,1,942,6,390,143.489,143.63,-0.141,-0.098,-0.518,-0.081,1.019,5,none,Normal
Laboratories,1,943,6,395,144.223,143.572,0.651,0.453,0.734,0.33,0.583,5,none,Normal
Laboratories,1,944,6,400,143.199,143.515,-0.316,-0.22,-1.024,0.174,0.614,5,none,Normal
Laboratories,1,945,6,405,142.414,143.458,-1.044,-0.727,-0.785,0.089,0.751,5,none,Normal
Laboratories,1,946,6,410,144.024,143.4,0.623,0.435,1.61,0.016,0.652,5,none,Normal
Laboratories,1,947,6,415,143.853,143.343,0.51,0.356,-0.171,0.047,0.674,5,none,Normal
Laboratories,1,948,7,420,143.051,143.286,-0.235,-0.164,-0.802,0.032,0.68,5,none,Normal
Laboratories,1,949,7,425,143.068,143.229,-0.161,-0.112,0.017,-0.104,0.609,5,none,Normal
Laboratories,1,950,7,430,143.1,143.171,-0.071,-0.05,0.032,-0.063,0.6,5,none,Normal
Laboratories,1,951,7,435,144.05,143.114,0.936,0.654,0.95,0.267,0.486,5,none,Normal
Laboratories,1,952,7,440,143.178,143.057,0.121,0.085,-0.872,0.183,0.455,5,none,Normal
Laboratories,1,953,7,445,143.118,143.0,0.119,0.083,-0.06,0.118,0.426,5,none,Normal
Laboratories,1,954,7,450,142.822,142.942,-0.12,-0.084,-0.296,0.137,0.409,5,none,Normal
Laboratories,1,955,7,455,142.488,142.885,-0.398,-0.278,-0.334,0.098,0.453,5,none,Normal
Laboratories,1,956,7,460,143.814,142.828,0.986,0.69,1.326,0.274,0.566,5,none,Normal
Laboratories,1,957,7,465,142.959,142.771,0.188,0.132,-0.855,0.149,0.464,5,none,Normal
Laboratories,1,958,7,470,143.603,142.714,0.889,0.623,0.644,0.277,0.552,5,none,Normal
Laboratories,1,959,7,475,142.471,142.657,-0.185,-0.13,-1.132,0.227,0.583,5,none,Normal
Laboratories,1,960,8,480,142.215,142.599,-0.385,-0.27,-0.256,0.183,0.623,5,none,Normal
Laboratories,1,961,8,485,142.793,142.542,0.25,0.176,0.578,0.291,0.554,5,none,Normal
Laboratories,1,962,8,490,142.722,142.485,0.237,0.166,-0.071,0.166,0.439,5,none,Normal
Laboratories,1,963,8,495,142.448,142.428,0.02,0.014,-0.274,0.138,0.442,5,none,Normal
Laboratories,1,964,8,500,143.1,142.371,0.729,0.512,0.652,0.111,0.39,5,none,Normal
Laboratories,1,965,8,505,142.451,142.314,0.137,0.096,-0.649,0.165,0.362,5,none,Normal
Laboratories,1,966,8,510,141.862,142.257,-0.395,-0.278,-0.589,0.163,0.365,5,none,Normal
Laboratories,1,967,8,515,141.488,142.2,-0.712,-0.501,-0.374,0.003,0.504,5,none,Normal
Laboratories,1,968,8,520,140.77,142.143,-1.372,-0.966,-0.718,-0.265,0.731,5,none,Normal
Laboratories,1,969,8,525,142.948,142.086,0.862,0.607,2.178,-0.125,0.865,5,none,Normal
Laboratories,1,970,8,530,142.157,142.029,0.128,0.09,-0.791,-0.225,0.777,5,none,Normal
Laboratories,1,971,8,535,142.148,141.972,0.177,0.124,-0.009,-0.219,0.781,5,none,Normal
Laboratories,1,972,9,540,141.737,141.915,-0.178,-0.126,-0.411,-0.182,0.776,5,none,Normal
Laboratories,1,973,9,545,141.265,141.858,-0.592,-0.418,-0.472,-0.162,0.761,5,none,Normal
Laboratories,1,974,9,550,141.593,141.801,-0.208,-0.146,0.328,0.032,0.492,5,none,Normal
Laboratories,1,975,9,555,140.113,141.744,-1.631,-1.15,-1.48,-0.384,0.671,5,none,Normal
Laboratories,1,976,9,560,141.393,141.687,-0.293,-0.207,1.28,-0.454,0.627,5,none,Normal
Laboratories,1,977,9,565,142.159,141.63,0.529,0.374,0.766,-0.395,0.709,5,none,Normal
Laboratories,1,978,9,570,141.706,141.573,0.133,0.094,-0.453,-0.344,0.739,5,none,Normal
Laboratories,1,979,9,575,142.154,141.516,0.638,0.451,0.448,-0.139,0.822,5,none,Normal
Laboratories,1,980,9,580,142.215,141.459,0.756,0.535,0.061,0.022,0.897,5,none,Normal
Laboratories,1,981,9,585,141.097,141.402,-0.305,-0.216,-1.118,0.243,0.469,5,none,Normal
Laboratories,1,982,9,590,142.014,141.345,0.669,0.473,0.917,0.403,0.41,5,none,Normal
Laboratories,1,983,9,595,141.415,141.288,0.126,0.089,-0.599,0.336,0.418,5,none,Normal
Laboratories,1,984,10,600,140.897,141.232,-0.334,-0.237,-0.518,0.258,0.499,5,none,Normal
Laboratories,1,985,10,605,141.78,141.175,0.605,0.428,0.883,0.253,0.494,5,none,Normal
Laboratories,1,986,10,610,140.514,141.118,-0.604,-0.428,-1.266,0.026,0.528,5,none,Normal
Laboratories,1,987,10,615,142.043,141.061,0.982,0.696,1.529,0.241,0.62,5,none,Normal
Laboratories,1,988,10,620,141.808,141.004,0.804,0.57,-0.235,0.263,0.641,5,none,Normal
Laboratories,1,989,10,625,141.504,140.947,0.557,0.395,-0.304,0.335,0.647,5,none,Normal
Laboratories,1,990,10,630,141.602,140.891,0.712,0.505,0.098,0.509,0.566,5,none,Normal
Laboratories,1,991,10,635,141.723,140.834,0.889,0.631,0.121,0.557,0.587,5,none,Normal
Laboratories,1,992,10,640,142.214,140.777,1.436,1.02,0.491,0.897,0.302,5,none,Normal
Laboratories,1,993,10,645,140.62,140.72,-0.101,-0.072,-1.594,0.716,0.5,5,none,Normal
Laboratories,1,994,10,650,141.321,140.664,0.657,0.467,0.701,0.692,0.498,5,none,Normal
Laboratories,1,995,10,655,140.98,140.607,0.373,0.266,-0.341,0.661,0.514,5,none,Normal
Laboratories,1,996,11,660,141.233,140.55,0.682,0.486,0.253,0.656,0.513,5,none,Normal
Laboratories,1,997,11,665,140.907,140.493,0.414,0.295,-0.326,0.577,0.507,5,none,Normal
Laboratories,1,998,11,670,141.294,140.437,0.858,0.611,0.387,0.481,0.337,5,none,Normal
Laboratories,1,999,11,675,141.465,140.38,1.085,0.773,0.171,0.678,0.269,5,none,Normal
